<?xml version="1.0" encoding="UTF-8"?>
<gpx version="1.1" creator="alexrunsfar simplify-gpx"><metadata><name>san-diego-100-2026</name><desc>simplified from Strava export; 81.17 mi; 12229 ft gain (computed at full resolution)</desc></metadata><trk><name>san-diego-100-2026</name><trkseg><trkpt lat="32.98520" lon="-116.58202"><ele>1416.7</ele></trkpt><trkpt lat="32.98480" lon="-116.58185"><ele>1413.9</ele></trkpt><trkpt lat="32.98462" lon="-116.58157"><ele>1411.5</ele></trkpt><trkpt lat="32.98267" lon="-116.58068"><ele>1411.6</ele></trkpt><trkpt lat="32.98140" lon="-116.57964"><ele>1411.7</ele></trkpt><trkpt lat="32.98017" lon="-116.57927"><ele>1412.0</ele></trkpt><trkpt lat="32.97986" lon="-116.57865"><ele>1412.1</ele></trkpt><trkpt lat="32.98037" lon="-116.57806"><ele>1411.6</ele></trkpt><trkpt lat="32.98033" lon="-116.57752"><ele>1411.5</ele></trkpt><trkpt lat="32.98079" lon="-116.57687"><ele>1411.5</ele></trkpt><trkpt lat="32.98133" lon="-116.57673"><ele>1412.3</ele></trkpt><trkpt lat="32.98231" lon="-116.57711"><ele>1413.8</ele></trkpt><trkpt lat="32.98321" lon="-116.57722"><ele>1413.8</ele></trkpt><trkpt lat="32.98433" lon="-116.57694"><ele>1414.0</ele></trkpt><trkpt lat="32.98509" lon="-116.57633"><ele>1415.2</ele></trkpt><trkpt lat="32.98567" lon="-116.57541"><ele>1416.0</ele></trkpt><trkpt lat="32.98603" lon="-116.57415"><ele>1416.4</ele></trkpt><trkpt lat="32.98592" lon="-116.57342"><ele>1418.0</ele></trkpt><trkpt lat="32.98544" lon="-116.57255"><ele>1417.0</ele></trkpt><trkpt lat="32.98545" lon="-116.57177"><ele>1419.1</ele></trkpt><trkpt lat="32.98525" lon="-116.57107"><ele>1425.3</ele></trkpt><trkpt lat="32.98602" lon="-116.57112"><ele>1425.6</ele></trkpt><trkpt lat="32.98646" lon="-116.57094"><ele>1425.8</ele></trkpt><trkpt lat="32.98667" lon="-116.57028"><ele>1423.3</ele></trkpt><trkpt lat="32.98651" lon="-116.56986"><ele>1419.7</ele></trkpt><trkpt lat="32.98596" lon="-116.56947"><ele>1417.6</ele></trkpt><trkpt lat="32.98543" lon="-116.56939"><ele>1417.1</ele></trkpt><trkpt lat="32.98483" lon="-116.56903"><ele>1416.4</ele></trkpt><trkpt lat="32.98459" lon="-116.56847"><ele>1417.4</ele></trkpt><trkpt lat="32.98423" lon="-116.56812"><ele>1418.0</ele></trkpt><trkpt lat="32.98370" lon="-116.56807"><ele>1422.3</ele></trkpt><trkpt lat="32.98348" lon="-116.56729"><ele>1422.1</ele></trkpt><trkpt lat="32.98305" lon="-116.56694"><ele>1421.3</ele></trkpt><trkpt lat="32.98234" lon="-116.56678"><ele>1421.4</ele></trkpt><trkpt lat="32.98061" lon="-116.56776"><ele>1427.9</ele></trkpt><trkpt lat="32.98018" lon="-116.56787"><ele>1428.9</ele></trkpt><trkpt lat="32.97954" lon="-116.56763"><ele>1428.1</ele></trkpt><trkpt lat="32.97905" lon="-116.56711"><ele>1426.5</ele></trkpt><trkpt lat="32.97865" lon="-116.56756"><ele>1426.3</ele></trkpt><trkpt lat="32.97838" lon="-116.56759"><ele>1425.9</ele></trkpt><trkpt lat="32.97806" lon="-116.56742"><ele>1424.8</ele></trkpt><trkpt lat="32.97764" lon="-116.56668"><ele>1420.7</ele></trkpt><trkpt lat="32.97666" lon="-116.56654"><ele>1419.2</ele></trkpt><trkpt lat="32.97640" lon="-116.56533"><ele>1421.3</ele></trkpt><trkpt lat="32.97669" lon="-116.56367"><ele>1428.3</ele></trkpt><trkpt lat="32.97660" lon="-116.56217"><ele>1431.7</ele></trkpt><trkpt lat="32.97610" lon="-116.56149"><ele>1433.6</ele></trkpt><trkpt lat="32.97553" lon="-116.56149"><ele>1434.3</ele></trkpt><trkpt lat="32.97519" lon="-116.56126"><ele>1435.1</ele></trkpt><trkpt lat="32.97484" lon="-116.56137"><ele>1435.5</ele></trkpt><trkpt lat="32.97471" lon="-116.56129"><ele>1435.8</ele></trkpt><trkpt lat="32.97461" lon="-116.56010"><ele>1441.9</ele></trkpt><trkpt lat="32.97352" lon="-116.55886"><ele>1449.7</ele></trkpt><trkpt lat="32.97326" lon="-116.55835"><ele>1452.5</ele></trkpt><trkpt lat="32.97344" lon="-116.55800"><ele>1454.7</ele></trkpt><trkpt lat="32.97340" lon="-116.55780"><ele>1455.6</ele></trkpt><trkpt lat="32.97274" lon="-116.55732"><ele>1458.9</ele></trkpt><trkpt lat="32.97220" lon="-116.55730"><ele>1460.5</ele></trkpt><trkpt lat="32.97147" lon="-116.55772"><ele>1462.3</ele></trkpt><trkpt lat="32.97126" lon="-116.55771"><ele>1462.4</ele></trkpt><trkpt lat="32.97075" lon="-116.55710"><ele>1463.4</ele></trkpt><trkpt lat="32.97025" lon="-116.55705"><ele>1463.1</ele></trkpt><trkpt lat="32.96994" lon="-116.55659"><ele>1464.0</ele></trkpt><trkpt lat="32.96907" lon="-116.55627"><ele>1463.1</ele></trkpt><trkpt lat="32.96791" lon="-116.55647"><ele>1453.3</ele></trkpt><trkpt lat="32.96729" lon="-116.55687"><ele>1446.3</ele></trkpt><trkpt lat="32.96607" lon="-116.55697"><ele>1439.6</ele></trkpt><trkpt lat="32.96552" lon="-116.55670"><ele>1435.4</ele></trkpt><trkpt lat="32.96516" lon="-116.55701"><ele>1431.6</ele></trkpt><trkpt lat="32.96430" lon="-116.55736"><ele>1424.0</ele></trkpt><trkpt lat="32.96349" lon="-116.55730"><ele>1418.5</ele></trkpt><trkpt lat="32.96296" lon="-116.55700"><ele>1417.3</ele></trkpt><trkpt lat="32.96210" lon="-116.55696"><ele>1419.4</ele></trkpt><trkpt lat="32.96146" lon="-116.55712"><ele>1418.3</ele></trkpt><trkpt lat="32.96048" lon="-116.55863"><ele>1409.8</ele></trkpt><trkpt lat="32.96001" lon="-116.55849"><ele>1408.1</ele></trkpt><trkpt lat="32.95963" lon="-116.55866"><ele>1406.9</ele></trkpt><trkpt lat="32.95925" lon="-116.55847"><ele>1407.8</ele></trkpt><trkpt lat="32.95900" lon="-116.55850"><ele>1408.0</ele></trkpt><trkpt lat="32.95773" lon="-116.55975"><ele>1398.9</ele></trkpt><trkpt lat="32.95719" lon="-116.55977"><ele>1398.4</ele></trkpt><trkpt lat="32.95676" lon="-116.55928"><ele>1395.6</ele></trkpt><trkpt lat="32.95583" lon="-116.55910"><ele>1387.8</ele></trkpt><trkpt lat="32.95553" lon="-116.55892"><ele>1384.9</ele></trkpt><trkpt lat="32.95552" lon="-116.55910"><ele>1383.8</ele></trkpt><trkpt lat="32.95492" lon="-116.55909"><ele>1383.8</ele></trkpt><trkpt lat="32.95443" lon="-116.55887"><ele>1380.7</ele></trkpt><trkpt lat="32.95366" lon="-116.55934"><ele>1376.2</ele></trkpt><trkpt lat="32.95339" lon="-116.55997"><ele>1380.1</ele></trkpt><trkpt lat="32.95363" lon="-116.56028"><ele>1381.4</ele></trkpt><trkpt lat="32.95460" lon="-116.56071"><ele>1382.0</ele></trkpt><trkpt lat="32.95511" lon="-116.56138"><ele>1379.4</ele></trkpt><trkpt lat="32.95413" lon="-116.56134"><ele>1376.2</ele></trkpt><trkpt lat="32.95392" lon="-116.56108"><ele>1376.2</ele></trkpt><trkpt lat="32.95255" lon="-116.56078"><ele>1376.6</ele></trkpt><trkpt lat="32.95194" lon="-116.56109"><ele>1379.9</ele></trkpt><trkpt lat="32.95176" lon="-116.56140"><ele>1380.7</ele></trkpt><trkpt lat="32.95152" lon="-116.56112"><ele>1381.3</ele></trkpt><trkpt lat="32.95079" lon="-116.56149"><ele>1386.0</ele></trkpt><trkpt lat="32.95053" lon="-116.56187"><ele>1388.6</ele></trkpt><trkpt lat="32.95062" lon="-116.56227"><ele>1390.4</ele></trkpt><trkpt lat="32.95014" lon="-116.56225"><ele>1393.8</ele></trkpt><trkpt lat="32.94969" lon="-116.56280"><ele>1398.8</ele></trkpt><trkpt lat="32.94946" lon="-116.56250"><ele>1401.7</ele></trkpt><trkpt lat="32.94914" lon="-116.56240"><ele>1403.7</ele></trkpt><trkpt lat="32.94870" lon="-116.56289"><ele>1406.8</ele></trkpt><trkpt lat="32.94812" lon="-116.56308"><ele>1408.0</ele></trkpt><trkpt lat="32.94733" lon="-116.56364"><ele>1403.6</ele></trkpt><trkpt lat="32.94726" lon="-116.56391"><ele>1403.1</ele></trkpt><trkpt lat="32.94690" lon="-116.56425"><ele>1402.3</ele></trkpt><trkpt lat="32.94694" lon="-116.56461"><ele>1400.7</ele></trkpt><trkpt lat="32.94832" lon="-116.56616"><ele>1396.8</ele></trkpt><trkpt lat="32.94838" lon="-116.56665"><ele>1394.4</ele></trkpt><trkpt lat="32.94871" lon="-116.56696"><ele>1392.3</ele></trkpt><trkpt lat="32.94803" lon="-116.56699"><ele>1388.0</ele></trkpt><trkpt lat="32.94730" lon="-116.56675"><ele>1382.5</ele></trkpt><trkpt lat="32.94662" lon="-116.56678"><ele>1378.1</ele></trkpt><trkpt lat="32.94620" lon="-116.56705"><ele>1375.3</ele></trkpt><trkpt lat="32.94610" lon="-116.56732"><ele>1373.7</ele></trkpt><trkpt lat="32.94571" lon="-116.56742"><ele>1370.4</ele></trkpt><trkpt lat="32.94540" lon="-116.56766"><ele>1367.9</ele></trkpt><trkpt lat="32.94594" lon="-116.56874"><ele>1361.8</ele></trkpt><trkpt lat="32.94641" lon="-116.56870"><ele>1360.5</ele></trkpt><trkpt lat="32.94657" lon="-116.56929"><ele>1357.6</ele></trkpt><trkpt lat="32.94720" lon="-116.56963"><ele>1354.4</ele></trkpt><trkpt lat="32.94685" lon="-116.56984"><ele>1351.7</ele></trkpt><trkpt lat="32.94637" lon="-116.56971"><ele>1348.4</ele></trkpt><trkpt lat="32.94621" lon="-116.56922"><ele>1345.5</ele></trkpt><trkpt lat="32.94588" lon="-116.56936"><ele>1343.7</ele></trkpt><trkpt lat="32.94559" lon="-116.56930"><ele>1341.8</ele></trkpt><trkpt lat="32.94520" lon="-116.56877"><ele>1339.2</ele></trkpt><trkpt lat="32.94490" lon="-116.56861"><ele>1338.3</ele></trkpt><trkpt lat="32.94475" lon="-116.56830"><ele>1337.1</ele></trkpt><trkpt lat="32.94387" lon="-116.56769"><ele>1333.1</ele></trkpt><trkpt lat="32.94335" lon="-116.56704"><ele>1327.5</ele></trkpt><trkpt lat="32.94373" lon="-116.56666"><ele>1325.8</ele></trkpt><trkpt lat="32.94258" lon="-116.56651"><ele>1318.1</ele></trkpt><trkpt lat="32.94252" lon="-116.56660"><ele>1317.4</ele></trkpt><trkpt lat="32.94369" lon="-116.56817"><ele>1320.2</ele></trkpt><trkpt lat="32.94425" lon="-116.56855"><ele>1325.6</ele></trkpt><trkpt lat="32.94458" lon="-116.56905"><ele>1326.4</ele></trkpt><trkpt lat="32.94590" lon="-116.56997"><ele>1332.8</ele></trkpt><trkpt lat="32.94609" lon="-116.57035"><ele>1334.8</ele></trkpt><trkpt lat="32.94660" lon="-116.57059"><ele>1337.8</ele></trkpt><trkpt lat="32.94673" lon="-116.57086"><ele>1339.2</ele></trkpt><trkpt lat="32.94752" lon="-116.57117"><ele>1345.7</ele></trkpt><trkpt lat="32.94808" lon="-116.57195"><ele>1353.4</ele></trkpt><trkpt lat="32.94855" lon="-116.57232"><ele>1355.7</ele></trkpt><trkpt lat="32.94879" lon="-116.57323"><ele>1363.0</ele></trkpt><trkpt lat="32.94862" lon="-116.57373"><ele>1362.5</ele></trkpt><trkpt lat="32.94886" lon="-116.57456"><ele>1370.4</ele></trkpt><trkpt lat="32.94942" lon="-116.57518"><ele>1376.4</ele></trkpt><trkpt lat="32.94977" lon="-116.57519"><ele>1380.5</ele></trkpt><trkpt lat="32.94959" lon="-116.57584"><ele>1387.6</ele></trkpt><trkpt lat="32.94938" lon="-116.57611"><ele>1389.9</ele></trkpt><trkpt lat="32.94941" lon="-116.57647"><ele>1392.7</ele></trkpt><trkpt lat="32.95024" lon="-116.57577"><ele>1397.2</ele></trkpt><trkpt lat="32.95105" lon="-116.57552"><ele>1396.6</ele></trkpt><trkpt lat="32.95236" lon="-116.57592"><ele>1407.4</ele></trkpt><trkpt lat="32.95291" lon="-116.57586"><ele>1410.7</ele></trkpt><trkpt lat="32.95298" lon="-116.57577"><ele>1411.6</ele></trkpt><trkpt lat="32.95278" lon="-116.57557"><ele>1413.9</ele></trkpt><trkpt lat="32.95286" lon="-116.57551"><ele>1415.2</ele></trkpt><trkpt lat="32.95275" lon="-116.57525"><ele>1417.6</ele></trkpt><trkpt lat="32.95316" lon="-116.57530"><ele>1421.1</ele></trkpt><trkpt lat="32.95375" lon="-116.57582"><ele>1426.4</ele></trkpt><trkpt lat="32.95515" lon="-116.57632"><ele>1435.5</ele></trkpt><trkpt lat="32.95553" lon="-116.57679"><ele>1442.4</ele></trkpt><trkpt lat="32.95672" lon="-116.57713"><ele>1458.2</ele></trkpt><trkpt lat="32.95714" lon="-116.57770"><ele>1466.6</ele></trkpt><trkpt lat="32.95760" lon="-116.57791"><ele>1472.4</ele></trkpt><trkpt lat="32.95785" lon="-116.57859"><ele>1477.7</ele></trkpt><trkpt lat="32.95822" lon="-116.57887"><ele>1482.5</ele></trkpt><trkpt lat="32.95914" lon="-116.57893"><ele>1484.9</ele></trkpt><trkpt lat="32.96003" lon="-116.57868"><ele>1491.3</ele></trkpt><trkpt lat="32.95902" lon="-116.57797"><ele>1510.5</ele></trkpt><trkpt lat="32.95913" lon="-116.57746"><ele>1516.8</ele></trkpt><trkpt lat="32.95889" lon="-116.57650"><ele>1523.6</ele></trkpt><trkpt lat="32.95871" lon="-116.57634"><ele>1526.2</ele></trkpt><trkpt lat="32.95880" lon="-116.57597"><ele>1528.7</ele></trkpt><trkpt lat="32.95849" lon="-116.57577"><ele>1532.2</ele></trkpt><trkpt lat="32.95875" lon="-116.57537"><ele>1537.4</ele></trkpt><trkpt lat="32.95918" lon="-116.57564"><ele>1541.2</ele></trkpt><trkpt lat="32.95974" lon="-116.57566"><ele>1544.8</ele></trkpt><trkpt lat="32.96124" lon="-116.57606"><ele>1555.5</ele></trkpt><trkpt lat="32.96175" lon="-116.57588"><ele>1559.4</ele></trkpt><trkpt lat="32.96207" lon="-116.57550"><ele>1562.8</ele></trkpt><trkpt lat="32.96282" lon="-116.57524"><ele>1565.0</ele></trkpt><trkpt lat="32.96311" lon="-116.57499"><ele>1567.6</ele></trkpt><trkpt lat="32.96317" lon="-116.57470"><ele>1570.5</ele></trkpt><trkpt lat="32.96353" lon="-116.57471"><ele>1572.1</ele></trkpt><trkpt lat="32.96369" lon="-116.57444"><ele>1574.6</ele></trkpt><trkpt lat="32.96401" lon="-116.57427"><ele>1577.5</ele></trkpt><trkpt lat="32.96346" lon="-116.57435"><ele>1582.5</ele></trkpt><trkpt lat="32.96287" lon="-116.57417"><ele>1587.3</ele></trkpt><trkpt lat="32.96273" lon="-116.57456"><ele>1589.0</ele></trkpt><trkpt lat="32.96242" lon="-116.57469"><ele>1593.2</ele></trkpt><trkpt lat="32.96232" lon="-116.57465"><ele>1595.0</ele></trkpt><trkpt lat="32.96256" lon="-116.57441"><ele>1598.5</ele></trkpt><trkpt lat="32.96258" lon="-116.57417"><ele>1600.8</ele></trkpt><trkpt lat="32.96240" lon="-116.57440"><ele>1603.2</ele></trkpt><trkpt lat="32.96179" lon="-116.57462"><ele>1605.2</ele></trkpt><trkpt lat="32.96114" lon="-116.57455"><ele>1610.0</ele></trkpt><trkpt lat="32.96189" lon="-116.57442"><ele>1615.8</ele></trkpt><trkpt lat="32.96239" lon="-116.57380"><ele>1621.5</ele></trkpt><trkpt lat="32.96243" lon="-116.57359"><ele>1623.4</ele></trkpt><trkpt lat="32.96210" lon="-116.57387"><ele>1627.0</ele></trkpt><trkpt lat="32.96232" lon="-116.57346"><ele>1631.1</ele></trkpt><trkpt lat="32.96285" lon="-116.57322"><ele>1634.0</ele></trkpt><trkpt lat="32.96232" lon="-116.57317"><ele>1641.6</ele></trkpt><trkpt lat="32.96334" lon="-116.57261"><ele>1650.7</ele></trkpt><trkpt lat="32.96288" lon="-116.57262"><ele>1655.7</ele></trkpt><trkpt lat="32.96305" lon="-116.57235"><ele>1659.2</ele></trkpt><trkpt lat="32.96264" lon="-116.57253"><ele>1664.0</ele></trkpt><trkpt lat="32.96309" lon="-116.57213"><ele>1668.0</ele></trkpt><trkpt lat="32.96355" lon="-116.57195"><ele>1670.7</ele></trkpt><trkpt lat="32.96300" lon="-116.57196"><ele>1673.9</ele></trkpt><trkpt lat="32.96259" lon="-116.57219"><ele>1677.8</ele></trkpt><trkpt lat="32.96316" lon="-116.57172"><ele>1682.2</ele></trkpt><trkpt lat="32.96286" lon="-116.57170"><ele>1686.0</ele></trkpt><trkpt lat="32.96291" lon="-116.57160"><ele>1687.9</ele></trkpt><trkpt lat="32.96238" lon="-116.57192"><ele>1693.9</ele></trkpt><trkpt lat="32.96258" lon="-116.57158"><ele>1697.6</ele></trkpt><trkpt lat="32.96245" lon="-116.57125"><ele>1703.4</ele></trkpt><trkpt lat="32.96250" lon="-116.57094"><ele>1704.5</ele></trkpt><trkpt lat="32.96316" lon="-116.57087"><ele>1700.5</ele></trkpt><trkpt lat="32.96323" lon="-116.57105"><ele>1696.5</ele></trkpt><trkpt lat="32.96338" lon="-116.57087"><ele>1693.3</ele></trkpt><trkpt lat="32.96341" lon="-116.57119"><ele>1687.7</ele></trkpt><trkpt lat="32.96350" lon="-116.57108"><ele>1685.4</ele></trkpt><trkpt lat="32.96352" lon="-116.57122"><ele>1683.3</ele></trkpt><trkpt lat="32.96370" lon="-116.57112"><ele>1679.5</ele></trkpt><trkpt lat="32.96366" lon="-116.57125"><ele>1676.9</ele></trkpt><trkpt lat="32.96388" lon="-116.57113"><ele>1672.5</ele></trkpt><trkpt lat="32.96377" lon="-116.57143"><ele>1667.5</ele></trkpt><trkpt lat="32.96402" lon="-116.57135"><ele>1661.6</ele></trkpt><trkpt lat="32.96396" lon="-116.57151"><ele>1658.2</ele></trkpt><trkpt lat="32.96412" lon="-116.57146"><ele>1654.7</ele></trkpt><trkpt lat="32.96411" lon="-116.57184"><ele>1648.0</ele></trkpt><trkpt lat="32.96518" lon="-116.57067"><ele>1624.9</ele></trkpt><trkpt lat="32.96527" lon="-116.57036"><ele>1620.1</ele></trkpt><trkpt lat="32.96559" lon="-116.57075"><ele>1612.4</ele></trkpt><trkpt lat="32.96549" lon="-116.57119"><ele>1607.0</ele></trkpt><trkpt lat="32.96594" lon="-116.57095"><ele>1599.8</ele></trkpt><trkpt lat="32.96617" lon="-116.57061"><ele>1597.3</ele></trkpt><trkpt lat="32.96619" lon="-116.57031"><ele>1594.0</ele></trkpt><trkpt lat="32.96564" lon="-116.56979"><ele>1583.9</ele></trkpt><trkpt lat="32.96608" lon="-116.56987"><ele>1576.5</ele></trkpt><trkpt lat="32.96567" lon="-116.56942"><ele>1569.3</ele></trkpt><trkpt lat="32.96541" lon="-116.56754"><ele>1556.7</ele></trkpt><trkpt lat="32.96523" lon="-116.56699"><ele>1550.2</ele></trkpt><trkpt lat="32.96580" lon="-116.56676"><ele>1543.3</ele></trkpt><trkpt lat="32.96577" lon="-116.56712"><ele>1539.2</ele></trkpt><trkpt lat="32.96612" lon="-116.56803"><ele>1529.4</ele></trkpt><trkpt lat="32.96645" lon="-116.56850"><ele>1524.8</ele></trkpt><trkpt lat="32.96648" lon="-116.56769"><ele>1516.5</ele></trkpt><trkpt lat="32.96659" lon="-116.56743"><ele>1513.6</ele></trkpt><trkpt lat="32.96684" lon="-116.56736"><ele>1510.1</ele></trkpt><trkpt lat="32.96751" lon="-116.56767"><ele>1500.8</ele></trkpt><trkpt lat="32.96792" lon="-116.56754"><ele>1496.5</ele></trkpt><trkpt lat="32.96827" lon="-116.56786"><ele>1491.0</ele></trkpt><trkpt lat="32.96845" lon="-116.56824"><ele>1486.4</ele></trkpt><trkpt lat="32.96861" lon="-116.56885"><ele>1481.8</ele></trkpt><trkpt lat="32.96853" lon="-116.56905"><ele>1479.0</ele></trkpt><trkpt lat="32.96904" lon="-116.56904"><ele>1473.2</ele></trkpt><trkpt lat="32.96931" lon="-116.56862"><ele>1469.5</ele></trkpt><trkpt lat="32.96977" lon="-116.56892"><ele>1465.6</ele></trkpt><trkpt lat="32.97043" lon="-116.56893"><ele>1462.5</ele></trkpt><trkpt lat="32.97099" lon="-116.56929"><ele>1459.0</ele></trkpt><trkpt lat="32.97113" lon="-116.56966"><ele>1456.4</ele></trkpt><trkpt lat="32.97088" lon="-116.57008"><ele>1453.4</ele></trkpt><trkpt lat="32.97088" lon="-116.57048"><ele>1454.4</ele></trkpt><trkpt lat="32.97172" lon="-116.57171"><ele>1450.4</ele></trkpt><trkpt lat="32.97185" lon="-116.57209"><ele>1449.9</ele></trkpt><trkpt lat="32.97179" lon="-116.57278"><ele>1448.0</ele></trkpt><trkpt lat="32.97240" lon="-116.57277"><ele>1440.3</ele></trkpt><trkpt lat="32.97253" lon="-116.57241"><ele>1440.0</ele></trkpt><trkpt lat="32.97282" lon="-116.57242"><ele>1438.8</ele></trkpt><trkpt lat="32.97312" lon="-116.57330"><ele>1434.1</ele></trkpt><trkpt lat="32.97382" lon="-116.57390"><ele>1433.6</ele></trkpt><trkpt lat="32.97439" lon="-116.57462"><ele>1432.4</ele></trkpt><trkpt lat="32.97494" lon="-116.57477"><ele>1432.3</ele></trkpt><trkpt lat="32.97557" lon="-116.57511"><ele>1433.2</ele></trkpt><trkpt lat="32.97577" lon="-116.57537"><ele>1431.1</ele></trkpt><trkpt lat="32.97642" lon="-116.57565"><ele>1428.4</ele></trkpt><trkpt lat="32.97729" lon="-116.57564"><ele>1430.5</ele></trkpt><trkpt lat="32.97828" lon="-116.57592"><ele>1419.3</ele></trkpt><trkpt lat="32.97797" lon="-116.57649"><ele>1416.5</ele></trkpt><trkpt lat="32.97823" lon="-116.57733"><ele>1418.8</ele></trkpt><trkpt lat="32.97820" lon="-116.57826"><ele>1418.8</ele></trkpt><trkpt lat="32.97796" lon="-116.57866"><ele>1417.9</ele></trkpt><trkpt lat="32.97735" lon="-116.57912"><ele>1416.0</ele></trkpt><trkpt lat="32.97731" lon="-116.57953"><ele>1415.9</ele></trkpt><trkpt lat="32.97690" lon="-116.57993"><ele>1416.1</ele></trkpt><trkpt lat="32.97694" lon="-116.58085"><ele>1416.4</ele></trkpt><trkpt lat="32.97650" lon="-116.58147"><ele>1416.3</ele></trkpt><trkpt lat="32.97655" lon="-116.58220"><ele>1417.8</ele></trkpt><trkpt lat="32.97640" lon="-116.58250"><ele>1418.6</ele></trkpt><trkpt lat="32.97604" lon="-116.58293"><ele>1421.1</ele></trkpt><trkpt lat="32.97532" lon="-116.58340"><ele>1429.3</ele></trkpt><trkpt lat="32.97502" lon="-116.58391"><ele>1434.3</ele></trkpt><trkpt lat="32.97488" lon="-116.58448"><ele>1439.2</ele></trkpt><trkpt lat="32.97491" lon="-116.58479"><ele>1441.5</ele></trkpt><trkpt lat="32.97547" lon="-116.58457"><ele>1446.1</ele></trkpt><trkpt lat="32.97660" lon="-116.58508"><ele>1456.3</ele></trkpt><trkpt lat="32.97673" lon="-116.58550"><ele>1460.1</ele></trkpt><trkpt lat="32.97660" lon="-116.58607"><ele>1465.1</ele></trkpt><trkpt lat="32.97588" lon="-116.58720"><ele>1475.5</ele></trkpt><trkpt lat="32.97525" lon="-116.58782"><ele>1482.6</ele></trkpt><trkpt lat="32.97453" lon="-116.58769"><ele>1488.2</ele></trkpt><trkpt lat="32.97435" lon="-116.58778"><ele>1490.4</ele></trkpt><trkpt lat="32.97407" lon="-116.58852"><ele>1497.6</ele></trkpt><trkpt lat="32.97367" lon="-116.58901"><ele>1503.4</ele></trkpt><trkpt lat="32.97376" lon="-116.58910"><ele>1504.7</ele></trkpt><trkpt lat="32.97434" lon="-116.58891"><ele>1509.7</ele></trkpt><trkpt lat="32.97489" lon="-116.58929"><ele>1517.2</ele></trkpt><trkpt lat="32.97544" lon="-116.58923"><ele>1522.4</ele></trkpt><trkpt lat="32.97618" lon="-116.58937"><ele>1530.6</ele></trkpt><trkpt lat="32.97714" lon="-116.58899"><ele>1536.6</ele></trkpt><trkpt lat="32.97784" lon="-116.58903"><ele>1542.3</ele></trkpt><trkpt lat="32.97786" lon="-116.58921"><ele>1543.7</ele></trkpt><trkpt lat="32.97766" lon="-116.58943"><ele>1546.0</ele></trkpt><trkpt lat="32.97720" lon="-116.58951"><ele>1550.4</ele></trkpt><trkpt lat="32.97718" lon="-116.58968"><ele>1551.5</ele></trkpt><trkpt lat="32.97778" lon="-116.58986"><ele>1556.5</ele></trkpt><trkpt lat="32.97842" lon="-116.58962"><ele>1561.9</ele></trkpt><trkpt lat="32.97849" lon="-116.58977"><ele>1563.4</ele></trkpt><trkpt lat="32.97802" lon="-116.59021"><ele>1570.8</ele></trkpt><trkpt lat="32.97740" lon="-116.59121"><ele>1581.0</ele></trkpt><trkpt lat="32.97814" lon="-116.59087"><ele>1586.4</ele></trkpt><trkpt lat="32.97915" lon="-116.59134"><ele>1598.5</ele></trkpt><trkpt lat="32.97949" lon="-116.59190"><ele>1603.6</ele></trkpt><trkpt lat="32.97940" lon="-116.59201"><ele>1605.1</ele></trkpt><trkpt lat="32.97900" lon="-116.59182"><ele>1609.2</ele></trkpt><trkpt lat="32.97876" lon="-116.59189"><ele>1610.4</ele></trkpt><trkpt lat="32.97836" lon="-116.59224"><ele>1613.5</ele></trkpt><trkpt lat="32.97761" lon="-116.59327"><ele>1624.0</ele></trkpt><trkpt lat="32.97775" lon="-116.59335"><ele>1625.6</ele></trkpt><trkpt lat="32.97868" lon="-116.59302"><ele>1633.3</ele></trkpt><trkpt lat="32.98037" lon="-116.59381"><ele>1650.6</ele></trkpt><trkpt lat="32.98029" lon="-116.59401"><ele>1653.5</ele></trkpt><trkpt lat="32.97952" lon="-116.59405"><ele>1659.3</ele></trkpt><trkpt lat="32.97879" lon="-116.59490"><ele>1666.0</ele></trkpt><trkpt lat="32.97879" lon="-116.59511"><ele>1667.9</ele></trkpt><trkpt lat="32.97892" lon="-116.59524"><ele>1669.3</ele></trkpt><trkpt lat="32.97940" lon="-116.59503"><ele>1672.6</ele></trkpt><trkpt lat="32.97951" lon="-116.59514"><ele>1673.7</ele></trkpt><trkpt lat="32.97950" lon="-116.59542"><ele>1677.2</ele></trkpt><trkpt lat="32.97920" lon="-116.59575"><ele>1682.1</ele></trkpt><trkpt lat="32.97918" lon="-116.59614"><ele>1685.8</ele></trkpt><trkpt lat="32.97984" lon="-116.59634"><ele>1693.2</ele></trkpt><trkpt lat="32.98032" lon="-116.59618"><ele>1699.1</ele></trkpt><trkpt lat="32.98119" lon="-116.59644"><ele>1708.5</ele></trkpt><trkpt lat="32.98156" lon="-116.59679"><ele>1712.9</ele></trkpt><trkpt lat="32.98158" lon="-116.59737"><ele>1717.6</ele></trkpt><trkpt lat="32.98092" lon="-116.59731"><ele>1722.5</ele></trkpt><trkpt lat="32.98086" lon="-116.59751"><ele>1724.3</ele></trkpt><trkpt lat="32.98134" lon="-116.59809"><ele>1731.0</ele></trkpt><trkpt lat="32.98213" lon="-116.59848"><ele>1739.9</ele></trkpt><trkpt lat="32.98264" lon="-116.59950"><ele>1742.9</ele></trkpt><trkpt lat="32.98300" lon="-116.60063"><ele>1745.7</ele></trkpt><trkpt lat="32.98288" lon="-116.60137"><ele>1741.7</ele></trkpt><trkpt lat="32.98220" lon="-116.60188"><ele>1733.9</ele></trkpt><trkpt lat="32.98241" lon="-116.60276"><ele>1727.3</ele></trkpt><trkpt lat="32.98213" lon="-116.60367"><ele>1722.0</ele></trkpt><trkpt lat="32.98231" lon="-116.60393"><ele>1721.3</ele></trkpt><trkpt lat="32.98311" lon="-116.60429"><ele>1718.3</ele></trkpt><trkpt lat="32.98319" lon="-116.60474"><ele>1714.8</ele></trkpt><trkpt lat="32.98261" lon="-116.60506"><ele>1707.5</ele></trkpt><trkpt lat="32.98255" lon="-116.60548"><ele>1704.7</ele></trkpt><trkpt lat="32.98220" lon="-116.60605"><ele>1699.6</ele></trkpt><trkpt lat="32.98141" lon="-116.60648"><ele>1692.3</ele></trkpt><trkpt lat="32.98087" lon="-116.60615"><ele>1686.7</ele></trkpt><trkpt lat="32.98018" lon="-116.60595"><ele>1680.7</ele></trkpt><trkpt lat="32.97942" lon="-116.60588"><ele>1675.0</ele></trkpt><trkpt lat="32.97907" lon="-116.60606"><ele>1672.4</ele></trkpt><trkpt lat="32.97871" lon="-116.60606"><ele>1669.4</ele></trkpt><trkpt lat="32.97823" lon="-116.60634"><ele>1665.0</ele></trkpt><trkpt lat="32.97772" lon="-116.60586"><ele>1658.0</ele></trkpt><trkpt lat="32.97689" lon="-116.60589"><ele>1651.6</ele></trkpt><trkpt lat="32.97605" lon="-116.60545"><ele>1643.4</ele></trkpt><trkpt lat="32.97526" lon="-116.60579"><ele>1636.7</ele></trkpt><trkpt lat="32.97452" lon="-116.60532"><ele>1629.6</ele></trkpt><trkpt lat="32.97272" lon="-116.60538"><ele>1616.5</ele></trkpt><trkpt lat="32.97086" lon="-116.60458"><ele>1595.9</ele></trkpt><trkpt lat="32.97013" lon="-116.60395"><ele>1587.4</ele></trkpt><trkpt lat="32.96937" lon="-116.60410"><ele>1578.8</ele></trkpt><trkpt lat="32.96875" lon="-116.60393"><ele>1572.4</ele></trkpt><trkpt lat="32.96813" lon="-116.60328"><ele>1564.3</ele></trkpt><trkpt lat="32.96730" lon="-116.60328"><ele>1572.0</ele></trkpt><trkpt lat="32.96622" lon="-116.60295"><ele>1589.3</ele></trkpt><trkpt lat="32.96435" lon="-116.60327"><ele>1597.5</ele></trkpt><trkpt lat="32.96386" lon="-116.60287"><ele>1602.0</ele></trkpt><trkpt lat="32.96332" lon="-116.60303"><ele>1610.7</ele></trkpt><trkpt lat="32.96309" lon="-116.60363"><ele>1618.5</ele></trkpt><trkpt lat="32.96313" lon="-116.60395"><ele>1623.2</ele></trkpt><trkpt lat="32.96301" lon="-116.60410"><ele>1626.6</ele></trkpt><trkpt lat="32.96315" lon="-116.60436"><ele>1632.2</ele></trkpt><trkpt lat="32.96307" lon="-116.60458"><ele>1636.3</ele></trkpt><trkpt lat="32.96258" lon="-116.60430"><ele>1641.7</ele></trkpt><trkpt lat="32.96252" lon="-116.60444"><ele>1643.9</ele></trkpt><trkpt lat="32.96212" lon="-116.60425"><ele>1650.1</ele></trkpt><trkpt lat="32.96169" lon="-116.60461"><ele>1657.9</ele></trkpt><trkpt lat="32.96142" lon="-116.60428"><ele>1662.4</ele></trkpt><trkpt lat="32.96129" lon="-116.60444"><ele>1666.4</ele></trkpt><trkpt lat="32.96115" lon="-116.60422"><ele>1672.8</ele></trkpt><trkpt lat="32.96106" lon="-116.60442"><ele>1675.7</ele></trkpt><trkpt lat="32.96122" lon="-116.60490"><ele>1680.4</ele></trkpt><trkpt lat="32.96114" lon="-116.60509"><ele>1682.8</ele></trkpt><trkpt lat="32.96126" lon="-116.60570"><ele>1690.9</ele></trkpt><trkpt lat="32.96098" lon="-116.60603"><ele>1699.5</ele></trkpt><trkpt lat="32.96094" lon="-116.60637"><ele>1705.1</ele></trkpt><trkpt lat="32.96067" lon="-116.60652"><ele>1712.2</ele></trkpt><trkpt lat="32.96091" lon="-116.60697"><ele>1719.0</ele></trkpt><trkpt lat="32.96061" lon="-116.60714"><ele>1724.0</ele></trkpt><trkpt lat="32.96024" lon="-116.60690"><ele>1729.7</ele></trkpt><trkpt lat="32.96013" lon="-116.60718"><ele>1733.8</ele></trkpt><trkpt lat="32.95974" lon="-116.60725"><ele>1741.3</ele></trkpt><trkpt lat="32.95968" lon="-116.60695"><ele>1745.1</ele></trkpt><trkpt lat="32.95939" lon="-116.60676"><ele>1748.7</ele></trkpt><trkpt lat="32.95929" lon="-116.60701"><ele>1752.3</ele></trkpt><trkpt lat="32.95874" lon="-116.60655"><ele>1760.4</ele></trkpt><trkpt lat="32.95871" lon="-116.60716"><ele>1767.1</ele></trkpt><trkpt lat="32.95824" lon="-116.60655"><ele>1774.9</ele></trkpt><trkpt lat="32.95821" lon="-116.60564"><ele>1783.1</ele></trkpt><trkpt lat="32.95735" lon="-116.60530"><ele>1791.1</ele></trkpt><trkpt lat="32.95705" lon="-116.60505"><ele>1795.5</ele></trkpt><trkpt lat="32.95679" lon="-116.60517"><ele>1798.3</ele></trkpt><trkpt lat="32.95648" lon="-116.60506"><ele>1801.5</ele></trkpt><trkpt lat="32.95551" lon="-116.60513"><ele>1813.4</ele></trkpt><trkpt lat="32.95520" lon="-116.60526"><ele>1816.8</ele></trkpt><trkpt lat="32.95488" lon="-116.60574"><ele>1822.2</ele></trkpt><trkpt lat="32.95335" lon="-116.60611"><ele>1839.2</ele></trkpt><trkpt lat="32.95188" lon="-116.60582"><ele>1854.9</ele></trkpt><trkpt lat="32.95083" lon="-116.60540"><ele>1865.8</ele></trkpt><trkpt lat="32.95057" lon="-116.60560"><ele>1867.9</ele></trkpt><trkpt lat="32.95034" lon="-116.60555"><ele>1868.4</ele></trkpt><trkpt lat="32.95016" lon="-116.60575"><ele>1871.1</ele></trkpt><trkpt lat="32.94976" lon="-116.60577"><ele>1873.4</ele></trkpt><trkpt lat="32.94862" lon="-116.60527"><ele>1887.5</ele></trkpt><trkpt lat="32.94812" lon="-116.60436"><ele>1896.5</ele></trkpt><trkpt lat="32.94772" lon="-116.60408"><ele>1903.1</ele></trkpt><trkpt lat="32.94631" lon="-116.60418"><ele>1924.7</ele></trkpt><trkpt lat="32.94597" lon="-116.60442"><ele>1931.5</ele></trkpt><trkpt lat="32.94620" lon="-116.60500"><ele>1941.1</ele></trkpt><trkpt lat="32.94657" lon="-116.60532"><ele>1950.5</ele></trkpt><trkpt lat="32.94678" lon="-116.60571"><ele>1957.8</ele></trkpt><trkpt lat="32.94659" lon="-116.60613"><ele>1966.5</ele></trkpt><trkpt lat="32.94710" lon="-116.60663"><ele>1974.4</ele></trkpt><trkpt lat="32.94658" lon="-116.60610"><ele>1966.0</ele></trkpt><trkpt lat="32.94681" lon="-116.60577"><ele>1958.4</ele></trkpt><trkpt lat="32.94653" lon="-116.60526"><ele>1948.8</ele></trkpt><trkpt lat="32.94616" lon="-116.60494"><ele>1939.7</ele></trkpt><trkpt lat="32.94596" lon="-116.60444"><ele>1931.5</ele></trkpt><trkpt lat="32.94604" lon="-116.60426"><ele>1928.3</ele></trkpt><trkpt lat="32.94631" lon="-116.60414"><ele>1923.9</ele></trkpt><trkpt lat="32.94695" lon="-116.60423"><ele>1913.6</ele></trkpt><trkpt lat="32.94778" lon="-116.60408"><ele>1901.7</ele></trkpt><trkpt lat="32.94821" lon="-116.60446"><ele>1894.4</ele></trkpt><trkpt lat="32.94853" lon="-116.60504"><ele>1889.1</ele></trkpt><trkpt lat="32.94864" lon="-116.60489"><ele>1887.2</ele></trkpt><trkpt lat="32.94824" lon="-116.60403"><ele>1883.9</ele></trkpt><trkpt lat="32.94793" lon="-116.60365"><ele>1883.7</ele></trkpt><trkpt lat="32.94696" lon="-116.60341"><ele>1885.2</ele></trkpt><trkpt lat="32.94657" lon="-116.60303"><ele>1882.0</ele></trkpt><trkpt lat="32.94437" lon="-116.60214"><ele>1863.9</ele></trkpt><trkpt lat="32.94353" lon="-116.60144"><ele>1854.9</ele></trkpt><trkpt lat="32.94321" lon="-116.60017"><ele>1854.2</ele></trkpt><trkpt lat="32.94328" lon="-116.59999"><ele>1853.4</ele></trkpt><trkpt lat="32.94342" lon="-116.60006"><ele>1852.1</ele></trkpt><trkpt lat="32.94376" lon="-116.60078"><ele>1845.8</ele></trkpt><trkpt lat="32.94465" lon="-116.60131"><ele>1837.7</ele></trkpt><trkpt lat="32.94468" lon="-116.60114"><ele>1836.1</ele></trkpt><trkpt lat="32.94434" lon="-116.60071"><ele>1832.7</ele></trkpt><trkpt lat="32.94440" lon="-116.60052"><ele>1831.3</ele></trkpt><trkpt lat="32.94498" lon="-116.60095"><ele>1826.2</ele></trkpt><trkpt lat="32.94535" lon="-116.60076"><ele>1822.4</ele></trkpt><trkpt lat="32.94573" lon="-116.60084"><ele>1819.2</ele></trkpt><trkpt lat="32.94583" lon="-116.60075"><ele>1817.7</ele></trkpt><trkpt lat="32.94572" lon="-116.60055"><ele>1816.6</ele></trkpt><trkpt lat="32.94511" lon="-116.60026"><ele>1811.8</ele></trkpt><trkpt lat="32.94428" lon="-116.59835"><ele>1800.6</ele></trkpt><trkpt lat="32.94338" lon="-116.59820"><ele>1795.8</ele></trkpt><trkpt lat="32.94254" lon="-116.59853"><ele>1791.5</ele></trkpt><trkpt lat="32.94126" lon="-116.59812"><ele>1778.7</ele></trkpt><trkpt lat="32.94069" lon="-116.59808"><ele>1773.6</ele></trkpt><trkpt lat="32.94020" lon="-116.59826"><ele>1769.7</ele></trkpt><trkpt lat="32.93970" lon="-116.59874"><ele>1769.9</ele></trkpt><trkpt lat="32.93875" lon="-116.59907"><ele>1771.3</ele></trkpt><trkpt lat="32.93825" lon="-116.59945"><ele>1773.2</ele></trkpt><trkpt lat="32.93772" lon="-116.59933"><ele>1769.4</ele></trkpt><trkpt lat="32.93723" lon="-116.59946"><ele>1766.1</ele></trkpt><trkpt lat="32.93604" lon="-116.60043"><ele>1758.6</ele></trkpt><trkpt lat="32.93586" lon="-116.60046"><ele>1758.1</ele></trkpt><trkpt lat="32.93590" lon="-116.60014"><ele>1756.5</ele></trkpt><trkpt lat="32.93631" lon="-116.59970"><ele>1752.1</ele></trkpt><trkpt lat="32.93693" lon="-116.59840"><ele>1743.6</ele></trkpt><trkpt lat="32.93783" lon="-116.59785"><ele>1737.8</ele></trkpt><trkpt lat="32.93775" lon="-116.59775"><ele>1737.0</ele></trkpt><trkpt lat="32.93711" lon="-116.59792"><ele>1732.2</ele></trkpt><trkpt lat="32.93676" lon="-116.59778"><ele>1729.1</ele></trkpt><trkpt lat="32.93647" lon="-116.59789"><ele>1726.7</ele></trkpt><trkpt lat="32.93644" lon="-116.59772"><ele>1724.9</ele></trkpt><trkpt lat="32.93664" lon="-116.59751"><ele>1721.9</ele></trkpt><trkpt lat="32.93736" lon="-116.59738"><ele>1715.7</ele></trkpt><trkpt lat="32.93765" lon="-116.59706"><ele>1712.7</ele></trkpt><trkpt lat="32.93766" lon="-116.59679"><ele>1710.4</ele></trkpt><trkpt lat="32.93745" lon="-116.59677"><ele>1708.6</ele></trkpt><trkpt lat="32.93704" lon="-116.59699"><ele>1704.6</ele></trkpt><trkpt lat="32.93624" lon="-116.59683"><ele>1696.6</ele></trkpt><trkpt lat="32.93554" lon="-116.59688"><ele>1690.7</ele></trkpt><trkpt lat="32.93471" lon="-116.59732"><ele>1682.8</ele></trkpt><trkpt lat="32.93458" lon="-116.59729"><ele>1681.4</ele></trkpt><trkpt lat="32.93456" lon="-116.59709"><ele>1679.6</ele></trkpt><trkpt lat="32.93492" lon="-116.59668"><ele>1675.8</ele></trkpt><trkpt lat="32.93581" lon="-116.59585"><ele>1667.6</ele></trkpt><trkpt lat="32.93622" lon="-116.59564"><ele>1665.1</ele></trkpt><trkpt lat="32.93620" lon="-116.59542"><ele>1663.5</ele></trkpt><trkpt lat="32.93522" lon="-116.59605"><ele>1660.3</ele></trkpt><trkpt lat="32.93426" lon="-116.59619"><ele>1656.7</ele></trkpt><trkpt lat="32.93331" lon="-116.59710"><ele>1649.4</ele></trkpt><trkpt lat="32.93331" lon="-116.59665"><ele>1647.1</ele></trkpt><trkpt lat="32.93348" lon="-116.59623"><ele>1645.4</ele></trkpt><trkpt lat="32.93417" lon="-116.59548"><ele>1639.4</ele></trkpt><trkpt lat="32.93401" lon="-116.59537"><ele>1636.9</ele></trkpt><trkpt lat="32.93294" lon="-116.59594"><ele>1627.1</ele></trkpt><trkpt lat="32.93249" lon="-116.59671"><ele>1620.1</ele></trkpt><trkpt lat="32.93230" lon="-116.59670"><ele>1618.3</ele></trkpt><trkpt lat="32.93285" lon="-116.59529"><ele>1610.2</ele></trkpt><trkpt lat="32.93378" lon="-116.59413"><ele>1601.3</ele></trkpt><trkpt lat="32.93419" lon="-116.59399"><ele>1597.7</ele></trkpt><trkpt lat="32.93384" lon="-116.59387"><ele>1594.9</ele></trkpt><trkpt lat="32.93355" lon="-116.59394"><ele>1592.4</ele></trkpt><trkpt lat="32.93346" lon="-116.59374"><ele>1591.3</ele></trkpt><trkpt lat="32.93476" lon="-116.59313"><ele>1583.2</ele></trkpt><trkpt lat="32.93539" lon="-116.59309"><ele>1582.1</ele></trkpt><trkpt lat="32.93555" lon="-116.59261"><ele>1579.7</ele></trkpt><trkpt lat="32.93607" lon="-116.59235"><ele>1573.7</ele></trkpt><trkpt lat="32.93659" lon="-116.59235"><ele>1571.9</ele></trkpt><trkpt lat="32.93690" lon="-116.59251"><ele>1572.0</ele></trkpt><trkpt lat="32.93739" lon="-116.59237"><ele>1574.3</ele></trkpt><trkpt lat="32.93760" lon="-116.59189"><ele>1575.5</ele></trkpt><trkpt lat="32.93842" lon="-116.59176"><ele>1576.2</ele></trkpt><trkpt lat="32.93858" lon="-116.59127"><ele>1578.0</ele></trkpt><trkpt lat="32.93898" lon="-116.59110"><ele>1577.6</ele></trkpt><trkpt lat="32.93895" lon="-116.59046"><ele>1573.0</ele></trkpt><trkpt lat="32.93908" lon="-116.59002"><ele>1568.3</ele></trkpt><trkpt lat="32.93923" lon="-116.58977"><ele>1565.3</ele></trkpt><trkpt lat="32.93950" lon="-116.58966"><ele>1562.3</ele></trkpt><trkpt lat="32.93934" lon="-116.58861"><ele>1552.1</ele></trkpt><trkpt lat="32.93948" lon="-116.58777"><ele>1546.4</ele></trkpt><trkpt lat="32.93879" lon="-116.58650"><ele>1538.2</ele></trkpt><trkpt lat="32.93871" lon="-116.58612"><ele>1533.2</ele></trkpt><trkpt lat="32.93769" lon="-116.58502"><ele>1516.0</ele></trkpt><trkpt lat="32.93744" lon="-116.58443"><ele>1510.1</ele></trkpt><trkpt lat="32.93777" lon="-116.58402"><ele>1504.2</ele></trkpt><trkpt lat="32.93859" lon="-116.58376"><ele>1494.8</ele></trkpt><trkpt lat="32.93909" lon="-116.58342"><ele>1491.0</ele></trkpt><trkpt lat="32.93953" lon="-116.58285"><ele>1489.5</ele></trkpt><trkpt lat="32.93988" lon="-116.58264"><ele>1487.8</ele></trkpt><trkpt lat="32.94026" lon="-116.58207"><ele>1485.1</ele></trkpt><trkpt lat="32.94070" lon="-116.58098"><ele>1476.8</ele></trkpt><trkpt lat="32.94157" lon="-116.58016"><ele>1481.0</ele></trkpt><trkpt lat="32.94175" lon="-116.57965"><ele>1483.1</ele></trkpt><trkpt lat="32.94172" lon="-116.57914"><ele>1487.0</ele></trkpt><trkpt lat="32.94148" lon="-116.57876"><ele>1491.1</ele></trkpt><trkpt lat="32.94075" lon="-116.57890"><ele>1487.2</ele></trkpt><trkpt lat="32.94011" lon="-116.57844"><ele>1475.2</ele></trkpt><trkpt lat="32.93923" lon="-116.57819"><ele>1471.0</ele></trkpt><trkpt lat="32.93904" lon="-116.57806"><ele>1469.1</ele></trkpt><trkpt lat="32.93875" lon="-116.57751"><ele>1461.8</ele></trkpt><trkpt lat="32.93807" lon="-116.57708"><ele>1455.5</ele></trkpt><trkpt lat="32.93695" lon="-116.57699"><ele>1452.6</ele></trkpt><trkpt lat="32.93662" lon="-116.57682"><ele>1452.4</ele></trkpt><trkpt lat="32.93635" lon="-116.57644"><ele>1452.2</ele></trkpt><trkpt lat="32.93637" lon="-116.57591"><ele>1451.4</ele></trkpt><trkpt lat="32.93594" lon="-116.57549"><ele>1443.4</ele></trkpt><trkpt lat="32.93567" lon="-116.57497"><ele>1434.0</ele></trkpt><trkpt lat="32.93547" lon="-116.57488"><ele>1430.5</ele></trkpt><trkpt lat="32.93522" lon="-116.57519"><ele>1426.0</ele></trkpt><trkpt lat="32.93505" lon="-116.57503"><ele>1422.8</ele></trkpt><trkpt lat="32.93499" lon="-116.57471"><ele>1420.1</ele></trkpt><trkpt lat="32.93522" lon="-116.57372"><ele>1411.7</ele></trkpt><trkpt lat="32.93503" lon="-116.57326"><ele>1407.5</ele></trkpt><trkpt lat="32.93454" lon="-116.57283"><ele>1406.6</ele></trkpt><trkpt lat="32.93448" lon="-116.57237"><ele>1406.0</ele></trkpt><trkpt lat="32.93406" lon="-116.57186"><ele>1401.0</ele></trkpt><trkpt lat="32.93346" lon="-116.57274"><ele>1395.8</ele></trkpt><trkpt lat="32.93286" lon="-116.57463"><ele>1385.9</ele></trkpt><trkpt lat="32.93154" lon="-116.57524"><ele>1387.5</ele></trkpt><trkpt lat="32.93082" lon="-116.57576"><ele>1387.4</ele></trkpt><trkpt lat="32.93012" lon="-116.57738"><ele>1389.3</ele></trkpt><trkpt lat="32.92751" lon="-116.57905"><ele>1364.4</ele></trkpt><trkpt lat="32.92692" lon="-116.57975"><ele>1359.3</ele></trkpt><trkpt lat="32.92565" lon="-116.58000"><ele>1363.1</ele></trkpt><trkpt lat="32.92513" lon="-116.58025"><ele>1363.3</ele></trkpt><trkpt lat="32.92426" lon="-116.58114"><ele>1365.0</ele></trkpt><trkpt lat="32.92354" lon="-116.58284"><ele>1366.2</ele></trkpt><trkpt lat="32.92231" lon="-116.58374"><ele>1373.1</ele></trkpt><trkpt lat="32.92211" lon="-116.58486"><ele>1377.2</ele></trkpt><trkpt lat="32.92217" lon="-116.58606"><ele>1387.7</ele></trkpt><trkpt lat="32.92258" lon="-116.58692"><ele>1399.2</ele></trkpt><trkpt lat="32.92344" lon="-116.58772"><ele>1408.1</ele></trkpt><trkpt lat="32.92413" lon="-116.58870"><ele>1413.1</ele></trkpt><trkpt lat="32.92411" lon="-116.58885"><ele>1414.3</ele></trkpt><trkpt lat="32.92363" lon="-116.58908"><ele>1420.7</ele></trkpt><trkpt lat="32.92292" lon="-116.58879"><ele>1426.8</ele></trkpt><trkpt lat="32.92268" lon="-116.58878"><ele>1429.0</ele></trkpt><trkpt lat="32.92239" lon="-116.58899"><ele>1432.2</ele></trkpt><trkpt lat="32.92191" lon="-116.58862"><ele>1434.9</ele></trkpt><trkpt lat="32.92137" lon="-116.58866"><ele>1439.9</ele></trkpt><trkpt lat="32.92071" lon="-116.58796"><ele>1450.2</ele></trkpt><trkpt lat="32.92127" lon="-116.58866"><ele>1441.6</ele></trkpt><trkpt lat="32.92030" lon="-116.58795"><ele>1455.5</ele></trkpt><trkpt lat="32.91982" lon="-116.58785"><ele>1455.3</ele></trkpt><trkpt lat="32.91897" lon="-116.58724"><ele>1453.2</ele></trkpt><trkpt lat="32.91826" lon="-116.58712"><ele>1444.8</ele></trkpt><trkpt lat="32.91785" lon="-116.58657"><ele>1439.5</ele></trkpt><trkpt lat="32.91782" lon="-116.58614"><ele>1437.6</ele></trkpt><trkpt lat="32.91728" lon="-116.58606"><ele>1433.8</ele></trkpt><trkpt lat="32.91721" lon="-116.58558"><ele>1429.1</ele></trkpt><trkpt lat="32.91672" lon="-116.58545"><ele>1422.2</ele></trkpt><trkpt lat="32.91582" lon="-116.58413"><ele>1404.2</ele></trkpt><trkpt lat="32.91568" lon="-116.58365"><ele>1399.0</ele></trkpt><trkpt lat="32.91596" lon="-116.58303"><ele>1391.1</ele></trkpt><trkpt lat="32.91556" lon="-116.58225"><ele>1379.5</ele></trkpt><trkpt lat="32.91347" lon="-116.58129"><ele>1354.2</ele></trkpt><trkpt lat="32.91345" lon="-116.58109"><ele>1353.6</ele></trkpt><trkpt lat="32.91363" lon="-116.58093"><ele>1352.5</ele></trkpt><trkpt lat="32.91416" lon="-116.58108"><ele>1346.0</ele></trkpt><trkpt lat="32.91490" lon="-116.58104"><ele>1339.1</ele></trkpt><trkpt lat="32.91456" lon="-116.58079"><ele>1334.6</ele></trkpt><trkpt lat="32.91459" lon="-116.57990"><ele>1326.3</ele></trkpt><trkpt lat="32.91436" lon="-116.57942"><ele>1320.1</ele></trkpt><trkpt lat="32.91402" lon="-116.57909"><ele>1314.5</ele></trkpt><trkpt lat="32.91381" lon="-116.57840"><ele>1306.6</ele></trkpt><trkpt lat="32.91342" lon="-116.57816"><ele>1301.1</ele></trkpt><trkpt lat="32.91272" lon="-116.57812"><ele>1291.8</ele></trkpt><trkpt lat="32.91216" lon="-116.57865"><ele>1283.3</ele></trkpt><trkpt lat="32.91110" lon="-116.57842"><ele>1272.8</ele></trkpt><trkpt lat="32.91085" lon="-116.57849"><ele>1268.9</ele></trkpt><trkpt lat="32.91084" lon="-116.57944"><ele>1258.7</ele></trkpt><trkpt lat="32.91065" lon="-116.57971"><ele>1256.5</ele></trkpt><trkpt lat="32.91040" lon="-116.58100"><ele>1243.6</ele></trkpt><trkpt lat="32.90970" lon="-116.58110"><ele>1235.4</ele></trkpt><trkpt lat="32.90888" lon="-116.58097"><ele>1234.1</ele></trkpt><trkpt lat="32.90844" lon="-116.58197"><ele>1231.1</ele></trkpt><trkpt lat="32.90847" lon="-116.58250"><ele>1226.0</ele></trkpt><trkpt lat="32.90828" lon="-116.58299"><ele>1222.3</ele></trkpt><trkpt lat="32.90817" lon="-116.58300"><ele>1221.4</ele></trkpt><trkpt lat="32.90780" lon="-116.58259"><ele>1217.6</ele></trkpt><trkpt lat="32.90729" lon="-116.58260"><ele>1210.8</ele></trkpt><trkpt lat="32.90681" lon="-116.58308"><ele>1203.7</ele></trkpt><trkpt lat="32.90642" lon="-116.58379"><ele>1201.9</ele></trkpt><trkpt lat="32.90641" lon="-116.58400"><ele>1203.3</ele></trkpt><trkpt lat="32.90651" lon="-116.58407"><ele>1203.8</ele></trkpt><trkpt lat="32.90655" lon="-116.58391"><ele>1204.4</ele></trkpt><trkpt lat="32.90658" lon="-116.58404"><ele>1205.0</ele></trkpt><trkpt lat="32.90665" lon="-116.58395"><ele>1205.2</ele></trkpt><trkpt lat="32.90654" lon="-116.58406"><ele>1204.5</ele></trkpt><trkpt lat="32.90619" lon="-116.58388"><ele>1201.9</ele></trkpt><trkpt lat="32.90558" lon="-116.58423"><ele>1205.0</ele></trkpt><trkpt lat="32.90501" lon="-116.58375"><ele>1205.1</ele></trkpt><trkpt lat="32.90400" lon="-116.58335"><ele>1210.2</ele></trkpt><trkpt lat="32.90375" lon="-116.58347"><ele>1211.0</ele></trkpt><trkpt lat="32.90368" lon="-116.58378"><ele>1211.5</ele></trkpt><trkpt lat="32.90387" lon="-116.58478"><ele>1215.8</ele></trkpt><trkpt lat="32.90351" lon="-116.58498"><ele>1220.6</ele></trkpt><trkpt lat="32.90318" lon="-116.58557"><ele>1228.1</ele></trkpt><trkpt lat="32.90293" lon="-116.58549"><ele>1228.6</ele></trkpt><trkpt lat="32.90261" lon="-116.58510"><ele>1227.4</ele></trkpt><trkpt lat="32.90249" lon="-116.58514"><ele>1226.4</ele></trkpt><trkpt lat="32.90231" lon="-116.58569"><ele>1228.1</ele></trkpt><trkpt lat="32.90234" lon="-116.58591"><ele>1229.8</ele></trkpt><trkpt lat="32.90256" lon="-116.58621"><ele>1232.0</ele></trkpt><trkpt lat="32.90239" lon="-116.58713"><ele>1240.2</ele></trkpt><trkpt lat="32.90210" lon="-116.58740"><ele>1244.9</ele></trkpt><trkpt lat="32.90176" lon="-116.58750"><ele>1249.1</ele></trkpt><trkpt lat="32.90167" lon="-116.58786"><ele>1251.5</ele></trkpt><trkpt lat="32.90214" lon="-116.58822"><ele>1257.6</ele></trkpt><trkpt lat="32.90228" lon="-116.58893"><ele>1265.7</ele></trkpt><trkpt lat="32.90287" lon="-116.58887"><ele>1269.9</ele></trkpt><trkpt lat="32.90322" lon="-116.58916"><ele>1269.5</ele></trkpt><trkpt lat="32.90403" lon="-116.58930"><ele>1277.6</ele></trkpt><trkpt lat="32.90443" lon="-116.58961"><ele>1282.4</ele></trkpt><trkpt lat="32.90545" lon="-116.59005"><ele>1288.0</ele></trkpt><trkpt lat="32.90563" lon="-116.59042"><ele>1289.2</ele></trkpt><trkpt lat="32.90556" lon="-116.59136"><ele>1289.2</ele></trkpt><trkpt lat="32.90701" lon="-116.59269"><ele>1309.1</ele></trkpt><trkpt lat="32.90581" lon="-116.59270"><ele>1321.3</ele></trkpt><trkpt lat="32.90573" lon="-116.59312"><ele>1325.6</ele></trkpt><trkpt lat="32.90593" lon="-116.59289"><ele>1327.3</ele></trkpt><trkpt lat="32.90691" lon="-116.59335"><ele>1333.4</ele></trkpt><trkpt lat="32.90740" lon="-116.59323"><ele>1338.4</ele></trkpt><trkpt lat="32.90824" lon="-116.59398"><ele>1354.3</ele></trkpt><trkpt lat="32.90865" lon="-116.59512"><ele>1352.9</ele></trkpt><trkpt lat="32.90831" lon="-116.59547"><ele>1353.2</ele></trkpt><trkpt lat="32.90758" lon="-116.59578"><ele>1357.4</ele></trkpt><trkpt lat="32.90757" lon="-116.59644"><ele>1363.4</ele></trkpt><trkpt lat="32.90740" lon="-116.59640"><ele>1366.0</ele></trkpt><trkpt lat="32.90729" lon="-116.59667"><ele>1369.2</ele></trkpt><trkpt lat="32.90753" lon="-116.59777"><ele>1381.1</ele></trkpt><trkpt lat="32.90781" lon="-116.59777"><ele>1381.3</ele></trkpt><trkpt lat="32.90824" lon="-116.59807"><ele>1375.3</ele></trkpt><trkpt lat="32.90860" lon="-116.59812"><ele>1370.5</ele></trkpt><trkpt lat="32.90802" lon="-116.59694"><ele>1355.5</ele></trkpt><trkpt lat="32.90804" lon="-116.59673"><ele>1353.2</ele></trkpt><trkpt lat="32.90841" lon="-116.59695"><ele>1348.4</ele></trkpt><trkpt lat="32.90831" lon="-116.59673"><ele>1345.8</ele></trkpt><trkpt lat="32.90841" lon="-116.59650"><ele>1343.0</ele></trkpt><trkpt lat="32.90889" lon="-116.59692"><ele>1336.5</ele></trkpt><trkpt lat="32.90882" lon="-116.59671"><ele>1333.8</ele></trkpt><trkpt lat="32.90896" lon="-116.59675"><ele>1331.7</ele></trkpt><trkpt lat="32.90917" lon="-116.59701"><ele>1327.6</ele></trkpt><trkpt lat="32.90985" lon="-116.59727"><ele>1320.1</ele></trkpt><trkpt lat="32.91053" lon="-116.59725"><ele>1311.5</ele></trkpt><trkpt lat="32.91075" lon="-116.59680"><ele>1307.2</ele></trkpt><trkpt lat="32.91096" lon="-116.59669"><ele>1304.1</ele></trkpt><trkpt lat="32.91219" lon="-116.59754"><ele>1288.7</ele></trkpt><trkpt lat="32.91200" lon="-116.59861"><ele>1279.0</ele></trkpt><trkpt lat="32.91228" lon="-116.59946"><ele>1267.1</ele></trkpt><trkpt lat="32.91218" lon="-116.59989"><ele>1260.0</ele></trkpt><trkpt lat="32.91192" lon="-116.60021"><ele>1256.8</ele></trkpt><trkpt lat="32.91087" lon="-116.60055"><ele>1265.1</ele></trkpt><trkpt lat="32.91021" lon="-116.60061"><ele>1272.4</ele></trkpt><trkpt lat="32.90988" lon="-116.60080"><ele>1274.7</ele></trkpt><trkpt lat="32.90830" lon="-116.60055"><ele>1282.8</ele></trkpt><trkpt lat="32.90770" lon="-116.60093"><ele>1284.2</ele></trkpt><trkpt lat="32.90732" lon="-116.60095"><ele>1282.0</ele></trkpt><trkpt lat="32.90706" lon="-116.60134"><ele>1277.4</ele></trkpt><trkpt lat="32.90666" lon="-116.60154"><ele>1272.2</ele></trkpt><trkpt lat="32.90593" lon="-116.60122"><ele>1262.1</ele></trkpt><trkpt lat="32.90518" lon="-116.60112"><ele>1251.1</ele></trkpt><trkpt lat="32.90474" lon="-116.60155"><ele>1244.4</ele></trkpt><trkpt lat="32.90447" lon="-116.60140"><ele>1240.8</ele></trkpt><trkpt lat="32.90413" lon="-116.60171"><ele>1241.2</ele></trkpt><trkpt lat="32.90343" lon="-116.60178"><ele>1245.0</ele></trkpt><trkpt lat="32.90306" lon="-116.60167"><ele>1243.7</ele></trkpt><trkpt lat="32.90227" lon="-116.60217"><ele>1245.9</ele></trkpt><trkpt lat="32.90203" lon="-116.60208"><ele>1244.6</ele></trkpt><trkpt lat="32.90199" lon="-116.60177"><ele>1244.5</ele></trkpt><trkpt lat="32.90128" lon="-116.60183"><ele>1242.7</ele></trkpt><trkpt lat="32.90105" lon="-116.60134"><ele>1243.4</ele></trkpt><trkpt lat="32.90050" lon="-116.60093"><ele>1243.5</ele></trkpt><trkpt lat="32.89986" lon="-116.60110"><ele>1250.5</ele></trkpt><trkpt lat="32.89952" lon="-116.60088"><ele>1254.4</ele></trkpt><trkpt lat="32.89904" lon="-116.60156"><ele>1258.0</ele></trkpt><trkpt lat="32.89873" lon="-116.60173"><ele>1258.7</ele></trkpt><trkpt lat="32.89854" lon="-116.60201"><ele>1257.1</ele></trkpt><trkpt lat="32.89825" lon="-116.60438"><ele>1254.5</ele></trkpt><trkpt lat="32.89851" lon="-116.60500"><ele>1252.1</ele></trkpt><trkpt lat="32.89852" lon="-116.60540"><ele>1253.4</ele></trkpt><trkpt lat="32.89834" lon="-116.60538"><ele>1253.1</ele></trkpt><trkpt lat="32.89781" lon="-116.60484"><ele>1244.1</ele></trkpt><trkpt lat="32.89751" lon="-116.60518"><ele>1238.5</ele></trkpt><trkpt lat="32.89710" lon="-116.60521"><ele>1234.0</ele></trkpt><trkpt lat="32.89695" lon="-116.60466"><ele>1239.1</ele></trkpt><trkpt lat="32.89654" lon="-116.60451"><ele>1241.1</ele></trkpt><trkpt lat="32.89643" lon="-116.60463"><ele>1239.8</ele></trkpt><trkpt lat="32.89635" lon="-116.60451"><ele>1238.7</ele></trkpt><trkpt lat="32.89589" lon="-116.60471"><ele>1230.0</ele></trkpt><trkpt lat="32.89563" lon="-116.60504"><ele>1224.1</ele></trkpt><trkpt lat="32.89548" lon="-116.60580"><ele>1216.5</ele></trkpt><trkpt lat="32.89502" lon="-116.60607"><ele>1212.3</ele></trkpt><trkpt lat="32.89300" lon="-116.60574"><ele>1201.0</ele></trkpt><trkpt lat="32.89192" lon="-116.60572"><ele>1193.6</ele></trkpt><trkpt lat="32.89145" lon="-116.60591"><ele>1189.7</ele></trkpt><trkpt lat="32.89061" lon="-116.60593"><ele>1184.0</ele></trkpt><trkpt lat="32.89021" lon="-116.60552"><ele>1182.1</ele></trkpt><trkpt lat="32.88992" lon="-116.60499"><ele>1181.7</ele></trkpt><trkpt lat="32.88816" lon="-116.60462"><ele>1166.8</ele></trkpt><trkpt lat="32.88793" lon="-116.60426"><ele>1165.3</ele></trkpt><trkpt lat="32.88743" lon="-116.60401"><ele>1162.7</ele></trkpt><trkpt lat="32.88721" lon="-116.60407"><ele>1161.8</ele></trkpt><trkpt lat="32.88707" lon="-116.60374"><ele>1161.7</ele></trkpt><trkpt lat="32.88653" lon="-116.60333"><ele>1158.1</ele></trkpt><trkpt lat="32.88613" lon="-116.60320"><ele>1157.5</ele></trkpt><trkpt lat="32.88517" lon="-116.60254"><ele>1151.8</ele></trkpt><trkpt lat="32.88543" lon="-116.60218"><ele>1151.4</ele></trkpt><trkpt lat="32.88529" lon="-116.60202"><ele>1151.9</ele></trkpt><trkpt lat="32.88542" lon="-116.60151"><ele>1147.0</ele></trkpt><trkpt lat="32.88532" lon="-116.60083"><ele>1140.1</ele></trkpt><trkpt lat="32.88543" lon="-116.60035"><ele>1134.6</ele></trkpt><trkpt lat="32.88497" lon="-116.60050"><ele>1129.0</ele></trkpt><trkpt lat="32.88445" lon="-116.60036"><ele>1125.1</ele></trkpt><trkpt lat="32.88374" lon="-116.60048"><ele>1122.1</ele></trkpt><trkpt lat="32.88346" lon="-116.60065"><ele>1119.6</ele></trkpt><trkpt lat="32.88297" lon="-116.59987"><ele>1122.6</ele></trkpt><trkpt lat="32.88235" lon="-116.59941"><ele>1127.8</ele></trkpt><trkpt lat="32.88121" lon="-116.59806"><ele>1139.3</ele></trkpt><trkpt lat="32.88082" lon="-116.59790"><ele>1146.4</ele></trkpt><trkpt lat="32.88032" lon="-116.59744"><ele>1157.2</ele></trkpt><trkpt lat="32.87924" lon="-116.59699"><ele>1163.5</ele></trkpt><trkpt lat="32.87778" lon="-116.59534"><ele>1141.9</ele></trkpt><trkpt lat="32.87709" lon="-116.59502"><ele>1140.4</ele></trkpt><trkpt lat="32.87665" lon="-116.59445"><ele>1132.8</ele></trkpt><trkpt lat="32.87646" lon="-116.59409"><ele>1128.6</ele></trkpt><trkpt lat="32.87630" lon="-116.59305"><ele>1120.1</ele></trkpt><trkpt lat="32.87533" lon="-116.59220"><ele>1112.7</ele></trkpt><trkpt lat="32.87462" lon="-116.59093"><ele>1107.5</ele></trkpt><trkpt lat="32.87462" lon="-116.59057"><ele>1108.7</ele></trkpt><trkpt lat="32.87496" lon="-116.59026"><ele>1114.6</ele></trkpt><trkpt lat="32.87631" lon="-116.58961"><ele>1121.1</ele></trkpt><trkpt lat="32.87653" lon="-116.58871"><ele>1113.8</ele></trkpt><trkpt lat="32.87643" lon="-116.58821"><ele>1115.1</ele></trkpt><trkpt lat="32.87672" lon="-116.58738"><ele>1114.0</ele></trkpt><trkpt lat="32.87644" lon="-116.58682"><ele>1109.1</ele></trkpt><trkpt lat="32.87786" lon="-116.58626"><ele>1116.4</ele></trkpt><trkpt lat="32.87806" lon="-116.58583"><ele>1120.2</ele></trkpt><trkpt lat="32.87980" lon="-116.58602"><ele>1118.3</ele></trkpt><trkpt lat="32.88047" lon="-116.58570"><ele>1121.4</ele></trkpt><trkpt lat="32.88114" lon="-116.58566"><ele>1123.4</ele></trkpt><trkpt lat="32.88166" lon="-116.58527"><ele>1127.2</ele></trkpt><trkpt lat="32.88238" lon="-116.58516"><ele>1131.6</ele></trkpt><trkpt lat="32.88277" lon="-116.58537"><ele>1135.8</ele></trkpt><trkpt lat="32.88315" lon="-116.58539"><ele>1139.1</ele></trkpt><trkpt lat="32.88366" lon="-116.58489"><ele>1146.2</ele></trkpt><trkpt lat="32.88386" lon="-116.58489"><ele>1148.4</ele></trkpt><trkpt lat="32.88397" lon="-116.58432"><ele>1152.3</ele></trkpt><trkpt lat="32.88483" lon="-116.58414"><ele>1161.0</ele></trkpt><trkpt lat="32.88504" lon="-116.58429"><ele>1162.3</ele></trkpt><trkpt lat="32.88593" lon="-116.58411"><ele>1167.7</ele></trkpt><trkpt lat="32.88605" lon="-116.58443"><ele>1169.4</ele></trkpt><trkpt lat="32.88676" lon="-116.58464"><ele>1173.2</ele></trkpt><trkpt lat="32.88762" lon="-116.58450"><ele>1175.8</ele></trkpt><trkpt lat="32.88809" lon="-116.58459"><ele>1178.0</ele></trkpt><trkpt lat="32.88900" lon="-116.58407"><ele>1182.8</ele></trkpt><trkpt lat="32.88974" lon="-116.58449"><ele>1188.4</ele></trkpt><trkpt lat="32.89018" lon="-116.58436"><ele>1190.5</ele></trkpt><trkpt lat="32.89056" lon="-116.58477"><ele>1191.0</ele></trkpt><trkpt lat="32.89108" lon="-116.58585"><ele>1196.1</ele></trkpt><trkpt lat="32.89141" lon="-116.58611"><ele>1198.8</ele></trkpt><trkpt lat="32.89159" lon="-116.58606"><ele>1200.5</ele></trkpt><trkpt lat="32.89183" lon="-116.58648"><ele>1202.9</ele></trkpt><trkpt lat="32.89206" lon="-116.58652"><ele>1204.1</ele></trkpt><trkpt lat="32.89244" lon="-116.58697"><ele>1207.9</ele></trkpt><trkpt lat="32.89242" lon="-116.58730"><ele>1208.8</ele></trkpt><trkpt lat="32.89261" lon="-116.58732"><ele>1209.8</ele></trkpt><trkpt lat="32.89266" lon="-116.58759"><ele>1210.8</ele></trkpt><trkpt lat="32.89306" lon="-116.58772"><ele>1213.3</ele></trkpt><trkpt lat="32.89371" lon="-116.58849"><ele>1216.5</ele></trkpt><trkpt lat="32.89412" lon="-116.58731"><ele>1224.4</ele></trkpt><trkpt lat="32.89484" lon="-116.58743"><ele>1227.5</ele></trkpt><trkpt lat="32.89534" lon="-116.58724"><ele>1229.5</ele></trkpt><trkpt lat="32.89531" lon="-116.58661"><ele>1231.0</ele></trkpt><trkpt lat="32.89493" lon="-116.58647"><ele>1232.2</ele></trkpt><trkpt lat="32.89454" lon="-116.58612"><ele>1232.4</ele></trkpt><trkpt lat="32.89427" lon="-116.58541"><ele>1233.2</ele></trkpt><trkpt lat="32.89395" lon="-116.58523"><ele>1233.6</ele></trkpt><trkpt lat="32.89336" lon="-116.58452"><ele>1235.2</ele></trkpt><trkpt lat="32.89242" lon="-116.58438"><ele>1236.4</ele></trkpt><trkpt lat="32.89178" lon="-116.58385"><ele>1237.6</ele></trkpt><trkpt lat="32.89167" lon="-116.58361"><ele>1238.2</ele></trkpt><trkpt lat="32.89167" lon="-116.58297"><ele>1239.3</ele></trkpt><trkpt lat="32.89089" lon="-116.58281"><ele>1239.0</ele></trkpt><trkpt lat="32.89052" lon="-116.58255"><ele>1240.3</ele></trkpt><trkpt lat="32.89037" lon="-116.58235"><ele>1241.3</ele></trkpt><trkpt lat="32.89029" lon="-116.58191"><ele>1242.3</ele></trkpt><trkpt lat="32.88984" lon="-116.58155"><ele>1244.6</ele></trkpt><trkpt lat="32.88943" lon="-116.58097"><ele>1246.5</ele></trkpt><trkpt lat="32.88995" lon="-116.58043"><ele>1246.4</ele></trkpt><trkpt lat="32.89064" lon="-116.58043"><ele>1245.8</ele></trkpt><trkpt lat="32.89118" lon="-116.58064"><ele>1242.9</ele></trkpt><trkpt lat="32.89138" lon="-116.58034"><ele>1242.0</ele></trkpt><trkpt lat="32.89160" lon="-116.58028"><ele>1241.0</ele></trkpt><trkpt lat="32.89205" lon="-116.58053"><ele>1239.3</ele></trkpt><trkpt lat="32.89229" lon="-116.58113"><ele>1237.7</ele></trkpt><trkpt lat="32.89306" lon="-116.58145"><ele>1234.8</ele></trkpt><trkpt lat="32.89455" lon="-116.58043"><ele>1232.3</ele></trkpt><trkpt lat="32.89473" lon="-116.58007"><ele>1231.4</ele></trkpt><trkpt lat="32.89463" lon="-116.57959"><ele>1230.4</ele></trkpt><trkpt lat="32.89515" lon="-116.57921"><ele>1228.0</ele></trkpt><trkpt lat="32.89521" lon="-116.57879"><ele>1227.1</ele></trkpt><trkpt lat="32.89474" lon="-116.57865"><ele>1226.5</ele></trkpt><trkpt lat="32.89456" lon="-116.57840"><ele>1224.6</ele></trkpt><trkpt lat="32.89406" lon="-116.57815"><ele>1224.6</ele></trkpt><trkpt lat="32.89359" lon="-116.57812"><ele>1220.6</ele></trkpt><trkpt lat="32.89299" lon="-116.57770"><ele>1216.0</ele></trkpt><trkpt lat="32.89279" lon="-116.57737"><ele>1214.6</ele></trkpt><trkpt lat="32.89246" lon="-116.57732"><ele>1212.4</ele></trkpt><trkpt lat="32.89131" lon="-116.57660"><ele>1206.7</ele></trkpt><trkpt lat="32.88972" lon="-116.57595"><ele>1197.5</ele></trkpt><trkpt lat="32.88935" lon="-116.57527"><ele>1201.3</ele></trkpt><trkpt lat="32.88991" lon="-116.57475"><ele>1198.2</ele></trkpt><trkpt lat="32.88951" lon="-116.57446"><ele>1202.8</ele></trkpt><trkpt lat="32.89047" lon="-116.57437"><ele>1209.4</ele></trkpt><trkpt lat="32.89088" lon="-116.57385"><ele>1217.5</ele></trkpt><trkpt lat="32.89117" lon="-116.57381"><ele>1219.5</ele></trkpt><trkpt lat="32.89145" lon="-116.57359"><ele>1218.7</ele></trkpt><trkpt lat="32.89213" lon="-116.57383"><ele>1216.4</ele></trkpt><trkpt lat="32.89270" lon="-116.57343"><ele>1219.6</ele></trkpt><trkpt lat="32.89279" lon="-116.57323"><ele>1221.5</ele></trkpt><trkpt lat="32.89312" lon="-116.57327"><ele>1223.6</ele></trkpt><trkpt lat="32.89341" lon="-116.57293"><ele>1228.7</ele></trkpt><trkpt lat="32.89331" lon="-116.57239"><ele>1232.1</ele></trkpt><trkpt lat="32.89465" lon="-116.57227"><ele>1238.7</ele></trkpt><trkpt lat="32.89507" lon="-116.57207"><ele>1241.3</ele></trkpt><trkpt lat="32.89534" lon="-116.57210"><ele>1242.7</ele></trkpt><trkpt lat="32.89552" lon="-116.57235"><ele>1244.3</ele></trkpt><trkpt lat="32.89565" lon="-116.57218"><ele>1245.2</ele></trkpt><trkpt lat="32.89674" lon="-116.57179"><ele>1247.7</ele></trkpt><trkpt lat="32.89677" lon="-116.57158"><ele>1248.2</ele></trkpt><trkpt lat="32.89605" lon="-116.56981"><ele>1259.3</ele></trkpt><trkpt lat="32.89685" lon="-116.56839"><ele>1262.8</ele></trkpt><trkpt lat="32.89754" lon="-116.56823"><ele>1266.0</ele></trkpt><trkpt lat="32.89839" lon="-116.56757"><ele>1271.0</ele></trkpt><trkpt lat="32.89910" lon="-116.56737"><ele>1275.1</ele></trkpt><trkpt lat="32.89948" lon="-116.56749"><ele>1277.2</ele></trkpt><trkpt lat="32.90026" lon="-116.56730"><ele>1283.3</ele></trkpt><trkpt lat="32.90085" lon="-116.56748"><ele>1287.0</ele></trkpt><trkpt lat="32.90115" lon="-116.56680"><ele>1288.7</ele></trkpt><trkpt lat="32.90205" lon="-116.56639"><ele>1296.8</ele></trkpt><trkpt lat="32.90232" lon="-116.56641"><ele>1299.1</ele></trkpt><trkpt lat="32.90295" lon="-116.56583"><ele>1306.4</ele></trkpt><trkpt lat="32.90345" lon="-116.56556"><ele>1312.9</ele></trkpt><trkpt lat="32.90381" lon="-116.56506"><ele>1322.4</ele></trkpt><trkpt lat="32.90402" lon="-116.56514"><ele>1325.3</ele></trkpt><trkpt lat="32.90496" lon="-116.56471"><ele>1334.9</ele></trkpt><trkpt lat="32.90495" lon="-116.56493"><ele>1337.2</ele></trkpt><trkpt lat="32.90523" lon="-116.56502"><ele>1342.7</ele></trkpt><trkpt lat="32.90498" lon="-116.56539"><ele>1341.4</ele></trkpt><trkpt lat="32.90494" lon="-116.56574"><ele>1340.9</ele></trkpt><trkpt lat="32.90417" lon="-116.56744"><ele>1339.4</ele></trkpt><trkpt lat="32.90426" lon="-116.56816"><ele>1339.0</ele></trkpt><trkpt lat="32.90404" lon="-116.56903"><ele>1337.1</ele></trkpt><trkpt lat="32.90414" lon="-116.56930"><ele>1334.6</ele></trkpt><trkpt lat="32.90441" lon="-116.56936"><ele>1330.9</ele></trkpt><trkpt lat="32.90505" lon="-116.56991"><ele>1320.0</ele></trkpt><trkpt lat="32.90508" lon="-116.57077"><ele>1308.0</ele></trkpt><trkpt lat="32.90550" lon="-116.57215"><ele>1288.6</ele></trkpt><trkpt lat="32.90593" lon="-116.57272"><ele>1278.9</ele></trkpt><trkpt lat="32.90706" lon="-116.57349"><ele>1259.2</ele></trkpt><trkpt lat="32.90729" lon="-116.57386"><ele>1252.7</ele></trkpt><trkpt lat="32.90761" lon="-116.57409"><ele>1247.5</ele></trkpt><trkpt lat="32.90802" lon="-116.57386"><ele>1241.8</ele></trkpt><trkpt lat="32.90834" lon="-116.57401"><ele>1237.3</ele></trkpt><trkpt lat="32.90881" lon="-116.57394"><ele>1232.4</ele></trkpt><trkpt lat="32.90967" lon="-116.57409"><ele>1223.6</ele></trkpt><trkpt lat="32.91047" lon="-116.57388"><ele>1218.2</ele></trkpt><trkpt lat="32.91046" lon="-116.57402"><ele>1218.2</ele></trkpt><trkpt lat="32.91056" lon="-116.57402"><ele>1218.1</ele></trkpt><trkpt lat="32.91049" lon="-116.57383"><ele>1218.2</ele></trkpt><trkpt lat="32.91063" lon="-116.57321"><ele>1221.0</ele></trkpt><trkpt lat="32.91059" lon="-116.57242"><ele>1221.9</ele></trkpt><trkpt lat="32.91098" lon="-116.57160"><ele>1224.1</ele></trkpt><trkpt lat="32.91202" lon="-116.57098"><ele>1222.6</ele></trkpt><trkpt lat="32.91318" lon="-116.56987"><ele>1225.2</ele></trkpt><trkpt lat="32.91344" lon="-116.56907"><ele>1227.9</ele></trkpt><trkpt lat="32.91378" lon="-116.56848"><ele>1229.3</ele></trkpt><trkpt lat="32.91443" lon="-116.56785"><ele>1232.9</ele></trkpt><trkpt lat="32.91478" lon="-116.56633"><ele>1233.6</ele></trkpt><trkpt lat="32.91568" lon="-116.56680"><ele>1232.9</ele></trkpt><trkpt lat="32.91627" lon="-116.56670"><ele>1231.2</ele></trkpt><trkpt lat="32.91747" lon="-116.56595"><ele>1231.2</ele></trkpt><trkpt lat="32.91847" lon="-116.56488"><ele>1234.5</ele></trkpt><trkpt lat="32.91987" lon="-116.56396"><ele>1235.9</ele></trkpt><trkpt lat="32.92022" lon="-116.56323"><ele>1238.4</ele></trkpt><trkpt lat="32.92035" lon="-116.56224"><ele>1239.7</ele></trkpt><trkpt lat="32.92002" lon="-116.56163"><ele>1242.5</ele></trkpt><trkpt lat="32.92062" lon="-116.56115"><ele>1243.6</ele></trkpt><trkpt lat="32.92071" lon="-116.56065"><ele>1243.0</ele></trkpt><trkpt lat="32.92101" lon="-116.56005"><ele>1242.8</ele></trkpt><trkpt lat="32.92122" lon="-116.55993"><ele>1242.1</ele></trkpt><trkpt lat="32.92153" lon="-116.55945"><ele>1245.8</ele></trkpt><trkpt lat="32.92191" lon="-116.55924"><ele>1247.0</ele></trkpt><trkpt lat="32.92434" lon="-116.55871"><ele>1247.1</ele></trkpt><trkpt lat="32.92579" lon="-116.55802"><ele>1248.5</ele></trkpt><trkpt lat="32.92680" lon="-116.55721"><ele>1251.1</ele></trkpt><trkpt lat="32.92686" lon="-116.55698"><ele>1252.2</ele></trkpt><trkpt lat="32.92795" lon="-116.55598"><ele>1253.7</ele></trkpt><trkpt lat="32.92818" lon="-116.55533"><ele>1257.6</ele></trkpt><trkpt lat="32.92852" lon="-116.55530"><ele>1257.0</ele></trkpt><trkpt lat="32.92926" lon="-116.55480"><ele>1255.6</ele></trkpt><trkpt lat="32.93098" lon="-116.55278"><ele>1258.4</ele></trkpt><trkpt lat="32.93149" lon="-116.55275"><ele>1258.1</ele></trkpt><trkpt lat="32.93185" lon="-116.55247"><ele>1258.3</ele></trkpt><trkpt lat="32.93374" lon="-116.55046"><ele>1260.4</ele></trkpt><trkpt lat="32.93391" lon="-116.54998"><ele>1261.2</ele></trkpt><trkpt lat="32.93396" lon="-116.54939"><ele>1262.4</ele></trkpt><trkpt lat="32.93335" lon="-116.54845"><ele>1263.2</ele></trkpt><trkpt lat="32.93327" lon="-116.54727"><ele>1264.2</ele></trkpt><trkpt lat="32.93384" lon="-116.54701"><ele>1271.6</ele></trkpt><trkpt lat="32.93371" lon="-116.54683"><ele>1274.5</ele></trkpt><trkpt lat="32.93371" lon="-116.54628"><ele>1283.9</ele></trkpt><trkpt lat="32.93349" lon="-116.54551"><ele>1289.4</ele></trkpt><trkpt lat="32.93290" lon="-116.54500"><ele>1294.6</ele></trkpt><trkpt lat="32.93283" lon="-116.54474"><ele>1298.6</ele></trkpt><trkpt lat="32.93304" lon="-116.54341"><ele>1310.6</ele></trkpt><trkpt lat="32.93340" lon="-116.54310"><ele>1307.0</ele></trkpt><trkpt lat="32.93384" lon="-116.54235"><ele>1307.0</ele></trkpt><trkpt lat="32.93338" lon="-116.54115"><ele>1313.9</ele></trkpt><trkpt lat="32.93341" lon="-116.54013"><ele>1312.9</ele></trkpt><trkpt lat="32.93365" lon="-116.53991"><ele>1309.4</ele></trkpt><trkpt lat="32.93286" lon="-116.53946"><ele>1301.0</ele></trkpt><trkpt lat="32.93227" lon="-116.53873"><ele>1307.2</ele></trkpt><trkpt lat="32.93117" lon="-116.53830"><ele>1314.1</ele></trkpt><trkpt lat="32.93120" lon="-116.53724"><ele>1321.4</ele></trkpt><trkpt lat="32.93099" lon="-116.53663"><ele>1321.1</ele></trkpt><trkpt lat="32.93048" lon="-116.53572"><ele>1325.0</ele></trkpt><trkpt lat="32.93020" lon="-116.53565"><ele>1324.6</ele></trkpt><trkpt lat="32.93007" lon="-116.53526"><ele>1322.9</ele></trkpt><trkpt lat="32.93011" lon="-116.53493"><ele>1321.9</ele></trkpt><trkpt lat="32.92948" lon="-116.53503"><ele>1330.9</ele></trkpt><trkpt lat="32.92917" lon="-116.53490"><ele>1338.0</ele></trkpt><trkpt lat="32.92932" lon="-116.53464"><ele>1342.3</ele></trkpt><trkpt lat="32.92921" lon="-116.53396"><ele>1351.1</ele></trkpt><trkpt lat="32.92878" lon="-116.53466"><ele>1361.3</ele></trkpt><trkpt lat="32.92857" lon="-116.53481"><ele>1365.0</ele></trkpt><trkpt lat="32.92872" lon="-116.53442"><ele>1370.2</ele></trkpt><trkpt lat="32.92869" lon="-116.53385"><ele>1377.4</ele></trkpt><trkpt lat="32.92816" lon="-116.53448"><ele>1390.2</ele></trkpt><trkpt lat="32.92794" lon="-116.53459"><ele>1394.1</ele></trkpt><trkpt lat="32.92802" lon="-116.53435"><ele>1398.9</ele></trkpt><trkpt lat="32.92775" lon="-116.53452"><ele>1404.0</ele></trkpt><trkpt lat="32.92803" lon="-116.53381"><ele>1410.5</ele></trkpt><trkpt lat="32.92793" lon="-116.53294"><ele>1420.5</ele></trkpt><trkpt lat="32.92748" lon="-116.53397"><ele>1434.9</ele></trkpt><trkpt lat="32.92719" lon="-116.53329"><ele>1443.4</ele></trkpt><trkpt lat="32.92699" lon="-116.53345"><ele>1447.3</ele></trkpt><trkpt lat="32.92674" lon="-116.53324"><ele>1452.2</ele></trkpt><trkpt lat="32.92581" lon="-116.53372"><ele>1463.1</ele></trkpt><trkpt lat="32.92557" lon="-116.53366"><ele>1463.9</ele></trkpt><trkpt lat="32.92550" lon="-116.53397"><ele>1466.4</ele></trkpt><trkpt lat="32.92528" lon="-116.53408"><ele>1470.6</ele></trkpt><trkpt lat="32.92496" lon="-116.53368"><ele>1476.5</ele></trkpt><trkpt lat="32.92434" lon="-116.53342"><ele>1485.4</ele></trkpt><trkpt lat="32.92397" lon="-116.53366"><ele>1491.1</ele></trkpt><trkpt lat="32.92366" lon="-116.53423"><ele>1495.4</ele></trkpt><trkpt lat="32.92324" lon="-116.53437"><ele>1501.2</ele></trkpt><trkpt lat="32.92312" lon="-116.53502"><ele>1507.2</ele></trkpt><trkpt lat="32.92290" lon="-116.53507"><ele>1506.5</ele></trkpt><trkpt lat="32.92231" lon="-116.53566"><ele>1510.3</ele></trkpt><trkpt lat="32.92110" lon="-116.53523"><ele>1513.0</ele></trkpt><trkpt lat="32.92053" lon="-116.53467"><ele>1517.9</ele></trkpt><trkpt lat="32.91945" lon="-116.53408"><ele>1526.4</ele></trkpt><trkpt lat="32.91886" lon="-116.53395"><ele>1527.1</ele></trkpt><trkpt lat="32.91776" lon="-116.53326"><ele>1525.4</ele></trkpt><trkpt lat="32.91670" lon="-116.53302"><ele>1518.1</ele></trkpt><trkpt lat="32.91675" lon="-116.53272"><ele>1517.3</ele></trkpt><trkpt lat="32.91618" lon="-116.53123"><ele>1511.1</ele></trkpt><trkpt lat="32.91678" lon="-116.53037"><ele>1506.1</ele></trkpt><trkpt lat="32.91676" lon="-116.53021"><ele>1505.3</ele></trkpt><trkpt lat="32.91609" lon="-116.52975"><ele>1500.5</ele></trkpt><trkpt lat="32.91566" lon="-116.52964"><ele>1498.4</ele></trkpt><trkpt lat="32.91519" lon="-116.52922"><ele>1494.6</ele></trkpt><trkpt lat="32.91359" lon="-116.52825"><ele>1487.0</ele></trkpt><trkpt lat="32.91315" lon="-116.52782"><ele>1487.6</ele></trkpt><trkpt lat="32.91243" lon="-116.52645"><ele>1499.4</ele></trkpt><trkpt lat="32.91223" lon="-116.52574"><ele>1509.4</ele></trkpt><trkpt lat="32.91178" lon="-116.52532"><ele>1516.3</ele></trkpt><trkpt lat="32.91166" lon="-116.52492"><ele>1518.8</ele></trkpt><trkpt lat="32.91160" lon="-116.52405"><ele>1513.1</ele></trkpt><trkpt lat="32.91174" lon="-116.52373"><ele>1508.7</ele></trkpt><trkpt lat="32.91171" lon="-116.52334"><ele>1505.5</ele></trkpt><trkpt lat="32.91214" lon="-116.52261"><ele>1508.3</ele></trkpt><trkpt lat="32.91358" lon="-116.52172"><ele>1505.2</ele></trkpt><trkpt lat="32.91409" lon="-116.52096"><ele>1504.8</ele></trkpt><trkpt lat="32.91479" lon="-116.52084"><ele>1495.6</ele></trkpt><trkpt lat="32.91551" lon="-116.52044"><ele>1486.7</ele></trkpt><trkpt lat="32.91555" lon="-116.52029"><ele>1485.6</ele></trkpt><trkpt lat="32.91526" lon="-116.51971"><ele>1478.7</ele></trkpt><trkpt lat="32.91451" lon="-116.51913"><ele>1472.9</ele></trkpt><trkpt lat="32.91410" lon="-116.51918"><ele>1470.2</ele></trkpt><trkpt lat="32.91264" lon="-116.51892"><ele>1457.8</ele></trkpt><trkpt lat="32.91174" lon="-116.51826"><ele>1448.8</ele></trkpt><trkpt lat="32.91150" lon="-116.51798"><ele>1445.8</ele></trkpt><trkpt lat="32.91108" lon="-116.51690"><ele>1443.2</ele></trkpt><trkpt lat="32.91056" lon="-116.51634"><ele>1439.4</ele></trkpt><trkpt lat="32.91041" lon="-116.51572"><ele>1434.5</ele></trkpt><trkpt lat="32.90961" lon="-116.51462"><ele>1417.9</ele></trkpt><trkpt lat="32.90961" lon="-116.51410"><ele>1412.3</ele></trkpt><trkpt lat="32.90989" lon="-116.51351"><ele>1408.1</ele></trkpt><trkpt lat="32.90939" lon="-116.51376"><ele>1407.1</ele></trkpt><trkpt lat="32.90828" lon="-116.51377"><ele>1403.5</ele></trkpt><trkpt lat="32.90697" lon="-116.51341"><ele>1406.2</ele></trkpt><trkpt lat="32.90684" lon="-116.51316"><ele>1408.6</ele></trkpt><trkpt lat="32.90682" lon="-116.51263"><ele>1410.1</ele></trkpt><trkpt lat="32.90738" lon="-116.51227"><ele>1408.0</ele></trkpt><trkpt lat="32.90788" lon="-116.51166"><ele>1406.6</ele></trkpt><trkpt lat="32.90737" lon="-116.51035"><ele>1415.0</ele></trkpt><trkpt lat="32.90646" lon="-116.50921"><ele>1424.0</ele></trkpt><trkpt lat="32.90582" lon="-116.50887"><ele>1427.3</ele></trkpt><trkpt lat="32.90504" lon="-116.50822"><ele>1436.2</ele></trkpt><trkpt lat="32.90408" lon="-116.50782"><ele>1445.1</ele></trkpt><trkpt lat="32.90315" lon="-116.50664"><ele>1449.5</ele></trkpt><trkpt lat="32.90239" lon="-116.50599"><ele>1442.6</ele></trkpt><trkpt lat="32.90190" lon="-116.50599"><ele>1438.7</ele></trkpt><trkpt lat="32.90093" lon="-116.50649"><ele>1432.2</ele></trkpt><trkpt lat="32.89988" lon="-116.50630"><ele>1423.7</ele></trkpt><trkpt lat="32.89944" lon="-116.50546"><ele>1426.9</ele></trkpt><trkpt lat="32.89910" lon="-116.50517"><ele>1427.0</ele></trkpt><trkpt lat="32.89838" lon="-116.50529"><ele>1423.2</ele></trkpt><trkpt lat="32.89771" lon="-116.50493"><ele>1420.6</ele></trkpt><trkpt lat="32.89650" lon="-116.50472"><ele>1433.3</ele></trkpt><trkpt lat="32.89612" lon="-116.50485"><ele>1438.1</ele></trkpt><trkpt lat="32.89582" lon="-116.50515"><ele>1441.5</ele></trkpt><trkpt lat="32.89511" lon="-116.50481"><ele>1451.9</ele></trkpt><trkpt lat="32.89478" lon="-116.50498"><ele>1456.6</ele></trkpt><trkpt lat="32.89360" lon="-116.50501"><ele>1454.5</ele></trkpt><trkpt lat="32.89266" lon="-116.50449"><ele>1443.4</ele></trkpt><trkpt lat="32.89173" lon="-116.50419"><ele>1433.4</ele></trkpt><trkpt lat="32.89107" lon="-116.50363"><ele>1420.3</ele></trkpt><trkpt lat="32.88986" lon="-116.50389"><ele>1397.8</ele></trkpt><trkpt lat="32.88930" lon="-116.50425"><ele>1388.7</ele></trkpt><trkpt lat="32.88898" lon="-116.50383"><ele>1379.9</ele></trkpt><trkpt lat="32.88854" lon="-116.50410"><ele>1370.5</ele></trkpt><trkpt lat="32.88782" lon="-116.50365"><ele>1360.7</ele></trkpt><trkpt lat="32.88735" lon="-116.50317"><ele>1351.2</ele></trkpt><trkpt lat="32.88693" lon="-116.50305"><ele>1349.4</ele></trkpt><trkpt lat="32.88674" lon="-116.50280"><ele>1347.9</ele></trkpt><trkpt lat="32.88610" lon="-116.50283"><ele>1340.4</ele></trkpt><trkpt lat="32.88502" lon="-116.50244"><ele>1329.0</ele></trkpt><trkpt lat="32.88423" lon="-116.50288"><ele>1319.7</ele></trkpt><trkpt lat="32.88358" lon="-116.50283"><ele>1312.5</ele></trkpt><trkpt lat="32.88133" lon="-116.50346"><ele>1293.0</ele></trkpt><trkpt lat="32.88051" lon="-116.50443"><ele>1284.5</ele></trkpt><trkpt lat="32.87810" lon="-116.50491"><ele>1267.0</ele></trkpt><trkpt lat="32.87710" lon="-116.50529"><ele>1263.0</ele></trkpt><trkpt lat="32.87598" lon="-116.50599"><ele>1257.7</ele></trkpt><trkpt lat="32.87496" lon="-116.50644"><ele>1248.5</ele></trkpt><trkpt lat="32.87306" lon="-116.50803"><ele>1229.6</ele></trkpt><trkpt lat="32.87212" lon="-116.50911"><ele>1218.4</ele></trkpt><trkpt lat="32.87116" lon="-116.50976"><ele>1221.2</ele></trkpt><trkpt lat="32.87103" lon="-116.51026"><ele>1223.0</ele></trkpt><trkpt lat="32.87073" lon="-116.51035"><ele>1224.0</ele></trkpt><trkpt lat="32.87008" lon="-116.51086"><ele>1228.5</ele></trkpt><trkpt lat="32.86953" lon="-116.51273"><ele>1215.6</ele></trkpt><trkpt lat="32.86827" lon="-116.51300"><ele>1197.8</ele></trkpt><trkpt lat="32.86762" lon="-116.51453"><ele>1179.0</ele></trkpt><trkpt lat="32.86705" lon="-116.51519"><ele>1174.0</ele></trkpt><trkpt lat="32.86648" lon="-116.51462"><ele>1165.7</ele></trkpt><trkpt lat="32.86580" lon="-116.51346"><ele>1160.3</ele></trkpt><trkpt lat="32.86510" lon="-116.51266"><ele>1162.8</ele></trkpt><trkpt lat="32.86500" lon="-116.51189"><ele>1165.3</ele></trkpt><trkpt lat="32.86467" lon="-116.51101"><ele>1170.9</ele></trkpt><trkpt lat="32.86424" lon="-116.51035"><ele>1178.6</ele></trkpt><trkpt lat="32.86396" lon="-116.50935"><ele>1183.9</ele></trkpt><trkpt lat="32.86404" lon="-116.50905"><ele>1184.7</ele></trkpt><trkpt lat="32.86459" lon="-116.50860"><ele>1183.5</ele></trkpt><trkpt lat="32.86450" lon="-116.50818"><ele>1178.9</ele></trkpt><trkpt lat="32.86406" lon="-116.50731"><ele>1175.3</ele></trkpt><trkpt lat="32.86479" lon="-116.50696"><ele>1185.9</ele></trkpt><trkpt lat="32.86421" lon="-116.50691"><ele>1192.2</ele></trkpt><trkpt lat="32.86381" lon="-116.50622"><ele>1199.3</ele></trkpt><trkpt lat="32.86373" lon="-116.50588"><ele>1201.9</ele></trkpt><trkpt lat="32.86394" lon="-116.50547"><ele>1204.7</ele></trkpt><trkpt lat="32.86379" lon="-116.50412"><ele>1205.6</ele></trkpt><trkpt lat="32.86390" lon="-116.50375"><ele>1207.2</ele></trkpt><trkpt lat="32.86362" lon="-116.50302"><ele>1210.4</ele></trkpt><trkpt lat="32.86419" lon="-116.50195"><ele>1214.6</ele></trkpt><trkpt lat="32.86525" lon="-116.50171"><ele>1222.2</ele></trkpt><trkpt lat="32.86581" lon="-116.50122"><ele>1221.8</ele></trkpt><trkpt lat="32.86635" lon="-116.50145"><ele>1220.7</ele></trkpt><trkpt lat="32.86624" lon="-116.50040"><ele>1222.0</ele></trkpt><trkpt lat="32.86673" lon="-116.50057"><ele>1216.1</ele></trkpt><trkpt lat="32.86715" lon="-116.50055"><ele>1213.5</ele></trkpt><trkpt lat="32.86678" lon="-116.50037"><ele>1214.6</ele></trkpt><trkpt lat="32.86623" lon="-116.49983"><ele>1214.0</ele></trkpt><trkpt lat="32.86588" lon="-116.49838"><ele>1219.3</ele></trkpt><trkpt lat="32.86628" lon="-116.49804"><ele>1222.2</ele></trkpt><trkpt lat="32.86592" lon="-116.49782"><ele>1226.3</ele></trkpt><trkpt lat="32.86575" lon="-116.49657"><ele>1234.1</ele></trkpt><trkpt lat="32.86583" lon="-116.49639"><ele>1235.7</ele></trkpt><trkpt lat="32.86605" lon="-116.49619"><ele>1238.2</ele></trkpt><trkpt lat="32.86631" lon="-116.49618"><ele>1239.3</ele></trkpt><trkpt lat="32.86655" lon="-116.49647"><ele>1240.2</ele></trkpt><trkpt lat="32.86681" lon="-116.49655"><ele>1240.4</ele></trkpt><trkpt lat="32.86773" lon="-116.49627"><ele>1239.9</ele></trkpt><trkpt lat="32.86792" lon="-116.49643"><ele>1238.7</ele></trkpt><trkpt lat="32.86796" lon="-116.49681"><ele>1236.9</ele></trkpt><trkpt lat="32.86818" lon="-116.49666"><ele>1235.7</ele></trkpt><trkpt lat="32.86830" lon="-116.49626"><ele>1234.7</ele></trkpt><trkpt lat="32.86850" lon="-116.49607"><ele>1234.7</ele></trkpt><trkpt lat="32.86833" lon="-116.49531"><ele>1231.0</ele></trkpt><trkpt lat="32.86852" lon="-116.49487"><ele>1231.5</ele></trkpt><trkpt lat="32.86921" lon="-116.49442"><ele>1234.3</ele></trkpt><trkpt lat="32.86966" lon="-116.49385"><ele>1239.6</ele></trkpt><trkpt lat="32.87020" lon="-116.49341"><ele>1244.8</ele></trkpt><trkpt lat="32.87145" lon="-116.49298"><ele>1246.7</ele></trkpt><trkpt lat="32.87208" lon="-116.49256"><ele>1253.0</ele></trkpt><trkpt lat="32.87215" lon="-116.49226"><ele>1255.3</ele></trkpt><trkpt lat="32.87172" lon="-116.49192"><ele>1257.0</ele></trkpt><trkpt lat="32.87134" lon="-116.49121"><ele>1259.5</ele></trkpt><trkpt lat="32.87129" lon="-116.49025"><ele>1265.8</ele></trkpt><trkpt lat="32.87172" lon="-116.48964"><ele>1270.2</ele></trkpt><trkpt lat="32.87192" lon="-116.48890"><ele>1275.4</ele></trkpt><trkpt lat="32.87280" lon="-116.48769"><ele>1290.5</ele></trkpt><trkpt lat="32.87306" lon="-116.48645"><ele>1296.8</ele></trkpt><trkpt lat="32.87342" lon="-116.48607"><ele>1299.9</ele></trkpt><trkpt lat="32.87441" lon="-116.48560"><ele>1309.4</ele></trkpt><trkpt lat="32.87474" lon="-116.48510"><ele>1314.4</ele></trkpt><trkpt lat="32.87474" lon="-116.48478"><ele>1318.5</ele></trkpt><trkpt lat="32.87453" lon="-116.48449"><ele>1323.5</ele></trkpt><trkpt lat="32.87482" lon="-116.48417"><ele>1324.8</ele></trkpt><trkpt lat="32.87519" lon="-116.48406"><ele>1328.3</ele></trkpt><trkpt lat="32.87491" lon="-116.48385"><ele>1333.5</ele></trkpt><trkpt lat="32.87507" lon="-116.48363"><ele>1337.7</ele></trkpt><trkpt lat="32.87798" lon="-116.48377"><ele>1384.3</ele></trkpt><trkpt lat="32.87850" lon="-116.48359"><ele>1387.4</ele></trkpt><trkpt lat="32.87892" lon="-116.48369"><ele>1393.1</ele></trkpt><trkpt lat="32.87917" lon="-116.48349"><ele>1399.5</ele></trkpt><trkpt lat="32.87992" lon="-116.48392"><ele>1414.9</ele></trkpt><trkpt lat="32.88053" lon="-116.48369"><ele>1412.7</ele></trkpt><trkpt lat="32.88104" lon="-116.48376"><ele>1413.3</ele></trkpt><trkpt lat="32.88282" lon="-116.48360"><ele>1420.9</ele></trkpt><trkpt lat="32.88465" lon="-116.48389"><ele>1431.2</ele></trkpt><trkpt lat="32.88517" lon="-116.48350"><ele>1435.1</ele></trkpt><trkpt lat="32.88565" lon="-116.48348"><ele>1438.4</ele></trkpt><trkpt lat="32.88608" lon="-116.48318"><ele>1440.0</ele></trkpt><trkpt lat="32.88617" lon="-116.48298"><ele>1441.5</ele></trkpt><trkpt lat="32.88705" lon="-116.48281"><ele>1449.1</ele></trkpt><trkpt lat="32.88743" lon="-116.48238"><ele>1454.3</ele></trkpt><trkpt lat="32.88753" lon="-116.48196"><ele>1459.1</ele></trkpt><trkpt lat="32.88810" lon="-116.48149"><ele>1464.6</ele></trkpt><trkpt lat="32.88900" lon="-116.48122"><ele>1472.9</ele></trkpt><trkpt lat="32.88935" lon="-116.48090"><ele>1476.5</ele></trkpt><trkpt lat="32.88933" lon="-116.48118"><ele>1481.0</ele></trkpt><trkpt lat="32.88965" lon="-116.48077"><ele>1486.8</ele></trkpt><trkpt lat="32.89051" lon="-116.48055"><ele>1505.9</ele></trkpt><trkpt lat="32.89050" lon="-116.48073"><ele>1509.4</ele></trkpt><trkpt lat="32.89135" lon="-116.48017"><ele>1517.3</ele></trkpt><trkpt lat="32.89250" lon="-116.48027"><ele>1524.2</ele></trkpt><trkpt lat="32.89301" lon="-116.48002"><ele>1527.4</ele></trkpt><trkpt lat="32.89341" lon="-116.47999"><ele>1530.7</ele></trkpt><trkpt lat="32.89376" lon="-116.48009"><ele>1536.4</ele></trkpt><trkpt lat="32.89424" lon="-116.48048"><ele>1541.8</ele></trkpt><trkpt lat="32.89467" lon="-116.48025"><ele>1543.3</ele></trkpt><trkpt lat="32.89565" lon="-116.48050"><ele>1553.4</ele></trkpt><trkpt lat="32.89613" lon="-116.48087"><ele>1559.4</ele></trkpt><trkpt lat="32.89639" lon="-116.48158"><ele>1566.1</ele></trkpt><trkpt lat="32.89655" lon="-116.48122"><ele>1570.2</ele></trkpt><trkpt lat="32.89696" lon="-116.48104"><ele>1573.8</ele></trkpt><trkpt lat="32.89795" lon="-116.48107"><ele>1580.6</ele></trkpt><trkpt lat="32.89722" lon="-116.48126"><ele>1585.1</ele></trkpt><trkpt lat="32.89687" lon="-116.48155"><ele>1588.4</ele></trkpt><trkpt lat="32.89654" lon="-116.48252"><ele>1593.2</ele></trkpt><trkpt lat="32.89647" lon="-116.48323"><ele>1595.6</ele></trkpt><trkpt lat="32.89677" lon="-116.48366"><ele>1595.2</ele></trkpt><trkpt lat="32.89778" lon="-116.48375"><ele>1598.2</ele></trkpt><trkpt lat="32.89748" lon="-116.48398"><ele>1598.8</ele></trkpt><trkpt lat="32.89737" lon="-116.48427"><ele>1599.4</ele></trkpt><trkpt lat="32.89764" lon="-116.48451"><ele>1600.3</ele></trkpt><trkpt lat="32.89818" lon="-116.48456"><ele>1603.9</ele></trkpt><trkpt lat="32.89792" lon="-116.48512"><ele>1605.9</ele></trkpt><trkpt lat="32.89830" lon="-116.48546"><ele>1605.5</ele></trkpt><trkpt lat="32.89859" lon="-116.48529"><ele>1605.7</ele></trkpt><trkpt lat="32.89962" lon="-116.48508"><ele>1612.1</ele></trkpt><trkpt lat="32.89992" lon="-116.48476"><ele>1614.4</ele></trkpt><trkpt lat="32.90039" lon="-116.48489"><ele>1616.9</ele></trkpt><trkpt lat="32.90112" lon="-116.48462"><ele>1619.7</ele></trkpt><trkpt lat="32.90157" lon="-116.48396"><ele>1622.2</ele></trkpt><trkpt lat="32.90176" lon="-116.48340"><ele>1624.4</ele></trkpt><trkpt lat="32.90213" lon="-116.48345"><ele>1625.8</ele></trkpt><trkpt lat="32.90304" lon="-116.48320"><ele>1629.8</ele></trkpt><trkpt lat="32.90331" lon="-116.48250"><ele>1633.1</ele></trkpt><trkpt lat="32.90409" lon="-116.48214"><ele>1641.3</ele></trkpt><trkpt lat="32.90507" lon="-116.48143"><ele>1646.9</ele></trkpt><trkpt lat="32.90503" lon="-116.48103"><ele>1644.7</ele></trkpt><trkpt lat="32.90470" lon="-116.48053"><ele>1640.0</ele></trkpt><trkpt lat="32.90425" lon="-116.48022"><ele>1634.8</ele></trkpt><trkpt lat="32.90324" lon="-116.48005"><ele>1623.8</ele></trkpt><trkpt lat="32.90284" lon="-116.47949"><ele>1618.3</ele></trkpt><trkpt lat="32.90285" lon="-116.47858"><ele>1619.1</ele></trkpt><trkpt lat="32.90298" lon="-116.47819"><ele>1622.2</ele></trkpt><trkpt lat="32.90282" lon="-116.47743"><ele>1626.6</ele></trkpt><trkpt lat="32.90349" lon="-116.47689"><ele>1632.5</ele></trkpt><trkpt lat="32.90407" lon="-116.47667"><ele>1634.2</ele></trkpt><trkpt lat="32.90420" lon="-116.47647"><ele>1633.3</ele></trkpt><trkpt lat="32.90424" lon="-116.47485"><ele>1641.6</ele></trkpt><trkpt lat="32.90420" lon="-116.47467"><ele>1642.4</ele></trkpt><trkpt lat="32.90389" lon="-116.47450"><ele>1645.2</ele></trkpt><trkpt lat="32.90409" lon="-116.47425"><ele>1647.1</ele></trkpt><trkpt lat="32.90392" lon="-116.47391"><ele>1648.9</ele></trkpt><trkpt lat="32.90412" lon="-116.47255"><ele>1653.8</ele></trkpt><trkpt lat="32.90447" lon="-116.47263"><ele>1652.4</ele></trkpt><trkpt lat="32.90490" lon="-116.47247"><ele>1652.4</ele></trkpt><trkpt lat="32.90534" lon="-116.47275"><ele>1655.5</ele></trkpt><trkpt lat="32.90575" lon="-116.47275"><ele>1657.5</ele></trkpt><trkpt lat="32.90648" lon="-116.47182"><ele>1663.7</ele></trkpt><trkpt lat="32.90653" lon="-116.47091"><ele>1671.8</ele></trkpt><trkpt lat="32.90611" lon="-116.47012"><ele>1679.9</ele></trkpt><trkpt lat="32.90631" lon="-116.46990"><ele>1682.2</ele></trkpt><trkpt lat="32.90610" lon="-116.46962"><ele>1685.8</ele></trkpt><trkpt lat="32.90627" lon="-116.46863"><ele>1693.8</ele></trkpt><trkpt lat="32.90622" lon="-116.46822"><ele>1697.2</ele></trkpt><trkpt lat="32.90590" lon="-116.46748"><ele>1698.4</ele></trkpt><trkpt lat="32.90576" lon="-116.46609"><ele>1686.2</ele></trkpt><trkpt lat="32.90519" lon="-116.46513"><ele>1679.4</ele></trkpt><trkpt lat="32.90523" lon="-116.46364"><ele>1671.4</ele></trkpt><trkpt lat="32.90503" lon="-116.46211"><ele>1662.4</ele></trkpt><trkpt lat="32.90523" lon="-116.46147"><ele>1662.2</ele></trkpt><trkpt lat="32.90562" lon="-116.46138"><ele>1664.1</ele></trkpt><trkpt lat="32.90582" lon="-116.46115"><ele>1666.5</ele></trkpt><trkpt lat="32.90583" lon="-116.46079"><ele>1667.8</ele></trkpt><trkpt lat="32.90548" lon="-116.45923"><ele>1660.6</ele></trkpt><trkpt lat="32.90549" lon="-116.45862"><ele>1657.8</ele></trkpt><trkpt lat="32.90570" lon="-116.45816"><ele>1656.8</ele></trkpt><trkpt lat="32.90548" lon="-116.45862"><ele>1657.8</ele></trkpt><trkpt lat="32.90547" lon="-116.45915"><ele>1660.2</ele></trkpt><trkpt lat="32.90515" lon="-116.45925"><ele>1662.3</ele></trkpt><trkpt lat="32.90360" lon="-116.45900"><ele>1670.1</ele></trkpt><trkpt lat="32.90274" lon="-116.45852"><ele>1675.6</ele></trkpt><trkpt lat="32.90238" lon="-116.45847"><ele>1677.2</ele></trkpt><trkpt lat="32.90194" lon="-116.45847"><ele>1678.5</ele></trkpt><trkpt lat="32.90146" lon="-116.45876"><ele>1682.2</ele></trkpt><trkpt lat="32.90138" lon="-116.45915"><ele>1685.3</ele></trkpt><trkpt lat="32.90147" lon="-116.45962"><ele>1688.5</ele></trkpt><trkpt lat="32.90206" lon="-116.46061"><ele>1696.1</ele></trkpt><trkpt lat="32.90284" lon="-116.46291"><ele>1705.6</ele></trkpt><trkpt lat="32.90280" lon="-116.46574"><ele>1699.0</ele></trkpt><trkpt lat="32.90252" lon="-116.46613"><ele>1696.4</ele></trkpt><trkpt lat="32.90196" lon="-116.46638"><ele>1698.5</ele></trkpt><trkpt lat="32.90143" lon="-116.46644"><ele>1701.0</ele></trkpt><trkpt lat="32.90093" lon="-116.46621"><ele>1701.5</ele></trkpt><trkpt lat="32.90047" lon="-116.46630"><ele>1700.4</ele></trkpt><trkpt lat="32.89990" lon="-116.46604"><ele>1698.1</ele></trkpt><trkpt lat="32.89969" lon="-116.46635"><ele>1697.7</ele></trkpt><trkpt lat="32.89899" lon="-116.46682"><ele>1694.4</ele></trkpt><trkpt lat="32.89851" lon="-116.46734"><ele>1692.7</ele></trkpt><trkpt lat="32.89832" lon="-116.46780"><ele>1693.7</ele></trkpt><trkpt lat="32.89823" lon="-116.47003"><ele>1689.5</ele></trkpt><trkpt lat="32.89740" lon="-116.47066"><ele>1686.3</ele></trkpt><trkpt lat="32.89559" lon="-116.47045"><ele>1686.7</ele></trkpt><trkpt lat="32.89455" lon="-116.47052"><ele>1694.9</ele></trkpt><trkpt lat="32.89393" lon="-116.47089"><ele>1704.1</ele></trkpt><trkpt lat="32.89327" lon="-116.47093"><ele>1711.7</ele></trkpt><trkpt lat="32.89231" lon="-116.47158"><ele>1721.6</ele></trkpt><trkpt lat="32.89189" lon="-116.47149"><ele>1728.1</ele></trkpt><trkpt lat="32.89133" lon="-116.47081"><ele>1737.2</ele></trkpt><trkpt lat="32.89090" lon="-116.47103"><ele>1742.9</ele></trkpt><trkpt lat="32.89022" lon="-116.47079"><ele>1749.5</ele></trkpt><trkpt lat="32.88959" lon="-116.47096"><ele>1747.3</ele></trkpt><trkpt lat="32.88912" lon="-116.47132"><ele>1739.9</ele></trkpt><trkpt lat="32.88786" lon="-116.47140"><ele>1724.6</ele></trkpt><trkpt lat="32.88697" lon="-116.47180"><ele>1713.8</ele></trkpt><trkpt lat="32.88605" lon="-116.47197"><ele>1704.9</ele></trkpt><trkpt lat="32.88517" lon="-116.47275"><ele>1692.1</ele></trkpt><trkpt lat="32.88491" lon="-116.47284"><ele>1688.4</ele></trkpt><trkpt lat="32.88459" lon="-116.47290"><ele>1686.3</ele></trkpt><trkpt lat="32.88378" lon="-116.47258"><ele>1690.3</ele></trkpt><trkpt lat="32.88284" lon="-116.47273"><ele>1693.0</ele></trkpt><trkpt lat="32.88199" lon="-116.47361"><ele>1699.9</ele></trkpt><trkpt lat="32.88128" lon="-116.47329"><ele>1701.2</ele></trkpt><trkpt lat="32.88060" lon="-116.47339"><ele>1698.8</ele></trkpt><trkpt lat="32.87990" lon="-116.47288"><ele>1699.6</ele></trkpt><trkpt lat="32.87946" lon="-116.47272"><ele>1703.1</ele></trkpt><trkpt lat="32.87908" lon="-116.47212"><ele>1697.1</ele></trkpt><trkpt lat="32.87911" lon="-116.47196"><ele>1695.8</ele></trkpt><trkpt lat="32.87952" lon="-116.47165"><ele>1688.0</ele></trkpt><trkpt lat="32.87938" lon="-116.47129"><ele>1681.2</ele></trkpt><trkpt lat="32.87900" lon="-116.47101"><ele>1675.9</ele></trkpt><trkpt lat="32.87784" lon="-116.47097"><ele>1661.0</ele></trkpt><trkpt lat="32.87764" lon="-116.47065"><ele>1656.1</ele></trkpt><trkpt lat="32.87771" lon="-116.47017"><ele>1653.5</ele></trkpt><trkpt lat="32.87755" lon="-116.47002"><ele>1654.2</ele></trkpt><trkpt lat="32.87639" lon="-116.46983"><ele>1651.2</ele></trkpt><trkpt lat="32.87618" lon="-116.46782"><ele>1656.9</ele></trkpt><trkpt lat="32.87635" lon="-116.46718"><ele>1655.5</ele></trkpt><trkpt lat="32.87654" lon="-116.46689"><ele>1652.1</ele></trkpt><trkpt lat="32.87638" lon="-116.46667"><ele>1648.5</ele></trkpt><trkpt lat="32.87602" lon="-116.46690"><ele>1645.2</ele></trkpt><trkpt lat="32.87557" lon="-116.46676"><ele>1645.5</ele></trkpt><trkpt lat="32.87525" lon="-116.46695"><ele>1645.4</ele></trkpt><trkpt lat="32.87476" lon="-116.46688"><ele>1645.5</ele></trkpt><trkpt lat="32.87500" lon="-116.46761"><ele>1645.4</ele></trkpt><trkpt lat="32.87455" lon="-116.46905"><ele>1650.2</ele></trkpt><trkpt lat="32.87463" lon="-116.46942"><ele>1652.7</ele></trkpt><trkpt lat="32.87454" lon="-116.46985"><ele>1648.8</ele></trkpt><trkpt lat="32.87430" lon="-116.47040"><ele>1642.9</ele></trkpt><trkpt lat="32.87370" lon="-116.47085"><ele>1640.8</ele></trkpt><trkpt lat="32.87253" lon="-116.47134"><ele>1638.3</ele></trkpt><trkpt lat="32.87132" lon="-116.47151"><ele>1650.7</ele></trkpt><trkpt lat="32.87085" lon="-116.47144"><ele>1656.8</ele></trkpt><trkpt lat="32.87067" lon="-116.47127"><ele>1659.8</ele></trkpt><trkpt lat="32.87054" lon="-116.47029"><ele>1670.4</ele></trkpt><trkpt lat="32.87021" lon="-116.46984"><ele>1676.0</ele></trkpt><trkpt lat="32.86941" lon="-116.46907"><ele>1691.0</ele></trkpt><trkpt lat="32.86885" lon="-116.46883"><ele>1694.9</ele></trkpt><trkpt lat="32.86841" lon="-116.46891"><ele>1697.6</ele></trkpt><trkpt lat="32.86796" lon="-116.46921"><ele>1699.7</ele></trkpt><trkpt lat="32.86783" lon="-116.46946"><ele>1700.4</ele></trkpt><trkpt lat="32.86753" lon="-116.46941"><ele>1699.2</ele></trkpt><trkpt lat="32.86748" lon="-116.46919"><ele>1697.9</ele></trkpt><trkpt lat="32.86769" lon="-116.46882"><ele>1698.9</ele></trkpt><trkpt lat="32.86738" lon="-116.46798"><ele>1702.8</ele></trkpt><trkpt lat="32.86709" lon="-116.46794"><ele>1703.5</ele></trkpt><trkpt lat="32.86677" lon="-116.46761"><ele>1702.6</ele></trkpt><trkpt lat="32.86620" lon="-116.46739"><ele>1700.1</ele></trkpt><trkpt lat="32.86530" lon="-116.46738"><ele>1695.0</ele></trkpt><trkpt lat="32.86500" lon="-116.46685"><ele>1691.0</ele></trkpt><trkpt lat="32.86493" lon="-116.46626"><ele>1688.2</ele></trkpt><trkpt lat="32.86402" lon="-116.46557"><ele>1685.4</ele></trkpt><trkpt lat="32.86386" lon="-116.46498"><ele>1685.5</ele></trkpt><trkpt lat="32.86413" lon="-116.46411"><ele>1685.4</ele></trkpt><trkpt lat="32.86415" lon="-116.46369"><ele>1685.0</ele></trkpt><trkpt lat="32.86345" lon="-116.46242"><ele>1680.2</ele></trkpt><trkpt lat="32.86219" lon="-116.46160"><ele>1673.5</ele></trkpt><trkpt lat="32.86178" lon="-116.46166"><ele>1672.4</ele></trkpt><trkpt lat="32.86150" lon="-116.46190"><ele>1672.2</ele></trkpt><trkpt lat="32.86171" lon="-116.46172"><ele>1672.2</ele></trkpt><trkpt lat="32.86218" lon="-116.46163"><ele>1673.5</ele></trkpt><trkpt lat="32.86465" lon="-116.46273"><ele>1679.1</ele></trkpt><trkpt lat="32.86594" lon="-116.46309"><ele>1677.0</ele></trkpt><trkpt lat="32.86612" lon="-116.46303"><ele>1676.7</ele></trkpt><trkpt lat="32.86719" lon="-116.46155"><ele>1675.1</ele></trkpt><trkpt lat="32.86824" lon="-116.46114"><ele>1667.3</ele></trkpt><trkpt lat="32.86833" lon="-116.46061"><ele>1663.8</ele></trkpt><trkpt lat="32.86934" lon="-116.46006"><ele>1655.7</ele></trkpt><trkpt lat="32.86952" lon="-116.45970"><ele>1654.5</ele></trkpt><trkpt lat="32.86971" lon="-116.45886"><ele>1653.4</ele></trkpt><trkpt lat="32.86925" lon="-116.45734"><ele>1654.3</ele></trkpt><trkpt lat="32.86956" lon="-116.45561"><ele>1657.7</ele></trkpt><trkpt lat="32.86945" lon="-116.45506"><ele>1659.0</ele></trkpt><trkpt lat="32.86840" lon="-116.45488"><ele>1662.3</ele></trkpt><trkpt lat="32.86803" lon="-116.45405"><ele>1664.8</ele></trkpt><trkpt lat="32.86698" lon="-116.45281"><ele>1670.5</ele></trkpt><trkpt lat="32.86625" lon="-116.45108"><ele>1678.6</ele></trkpt><trkpt lat="32.86592" lon="-116.45068"><ele>1680.8</ele></trkpt><trkpt lat="32.86579" lon="-116.45014"><ele>1684.7</ele></trkpt><trkpt lat="32.86418" lon="-116.44841"><ele>1696.9</ele></trkpt><trkpt lat="32.86397" lon="-116.44800"><ele>1699.6</ele></trkpt><trkpt lat="32.86366" lon="-116.44677"><ele>1710.1</ele></trkpt><trkpt lat="32.86319" lon="-116.44642"><ele>1713.1</ele></trkpt><trkpt lat="32.86264" lon="-116.44575"><ele>1718.7</ele></trkpt><trkpt lat="32.86198" lon="-116.44531"><ele>1724.8</ele></trkpt><trkpt lat="32.86183" lon="-116.44504"><ele>1727.0</ele></trkpt><trkpt lat="32.86138" lon="-116.44481"><ele>1730.4</ele></trkpt><trkpt lat="32.86117" lon="-116.44449"><ele>1733.1</ele></trkpt><trkpt lat="32.86138" lon="-116.44404"><ele>1734.1</ele></trkpt><trkpt lat="32.86155" lon="-116.44405"><ele>1735.1</ele></trkpt><trkpt lat="32.86188" lon="-116.44380"><ele>1737.5</ele></trkpt><trkpt lat="32.86176" lon="-116.44361"><ele>1738.8</ele></trkpt><trkpt lat="32.86340" lon="-116.44339"><ele>1742.1</ele></trkpt><trkpt lat="32.86403" lon="-116.44245"><ele>1750.8</ele></trkpt><trkpt lat="32.86443" lon="-116.44244"><ele>1754.2</ele></trkpt><trkpt lat="32.86461" lon="-116.44268"><ele>1755.1</ele></trkpt><trkpt lat="32.86527" lon="-116.44298"><ele>1756.1</ele></trkpt><trkpt lat="32.86519" lon="-116.44321"><ele>1756.2</ele></trkpt><trkpt lat="32.86532" lon="-116.44329"><ele>1755.9</ele></trkpt><trkpt lat="32.86543" lon="-116.44316"><ele>1755.5</ele></trkpt><trkpt lat="32.86574" lon="-116.44343"><ele>1754.5</ele></trkpt><trkpt lat="32.86594" lon="-116.44391"><ele>1752.9</ele></trkpt><trkpt lat="32.86588" lon="-116.44451"><ele>1749.8</ele></trkpt><trkpt lat="32.86637" lon="-116.44510"><ele>1748.3</ele></trkpt><trkpt lat="32.86607" lon="-116.44502"><ele>1746.3</ele></trkpt><trkpt lat="32.86601" lon="-116.44528"><ele>1744.8</ele></trkpt><trkpt lat="32.86652" lon="-116.44556"><ele>1742.8</ele></trkpt><trkpt lat="32.86644" lon="-116.44568"><ele>1741.8</ele></trkpt><trkpt lat="32.86657" lon="-116.44585"><ele>1740.4</ele></trkpt><trkpt lat="32.86729" lon="-116.44655"><ele>1735.9</ele></trkpt><trkpt lat="32.86799" lon="-116.44665"><ele>1734.0</ele></trkpt><trkpt lat="32.86838" lon="-116.44693"><ele>1730.8</ele></trkpt><trkpt lat="32.86941" lon="-116.44692"><ele>1725.3</ele></trkpt><trkpt lat="32.86965" lon="-116.44655"><ele>1723.7</ele></trkpt><trkpt lat="32.87002" lon="-116.44683"><ele>1720.8</ele></trkpt><trkpt lat="32.87058" lon="-116.44695"><ele>1715.3</ele></trkpt><trkpt lat="32.87118" lon="-116.44684"><ele>1711.4</ele></trkpt><trkpt lat="32.87103" lon="-116.44702"><ele>1709.7</ele></trkpt><trkpt lat="32.87146" lon="-116.44722"><ele>1705.4</ele></trkpt><trkpt lat="32.87190" lon="-116.44809"><ele>1695.2</ele></trkpt><trkpt lat="32.87223" lon="-116.44827"><ele>1691.2</ele></trkpt><trkpt lat="32.87242" lon="-116.44866"><ele>1688.9</ele></trkpt><trkpt lat="32.87271" lon="-116.44893"><ele>1686.7</ele></trkpt><trkpt lat="32.87296" lon="-116.44989"><ele>1681.3</ele></trkpt><trkpt lat="32.87303" lon="-116.45099"><ele>1676.3</ele></trkpt><trkpt lat="32.87346" lon="-116.45174"><ele>1672.3</ele></trkpt><trkpt lat="32.87373" lon="-116.45274"><ele>1669.4</ele></trkpt><trkpt lat="32.87384" lon="-116.45278"><ele>1669.1</ele></trkpt><trkpt lat="32.87532" lon="-116.45033"><ele>1669.3</ele></trkpt><trkpt lat="32.87542" lon="-116.44970"><ele>1670.0</ele></trkpt><trkpt lat="32.87535" lon="-116.44898"><ele>1671.1</ele></trkpt><trkpt lat="32.87564" lon="-116.44812"><ele>1672.3</ele></trkpt><trkpt lat="32.87557" lon="-116.44783"><ele>1672.9</ele></trkpt><trkpt lat="32.87502" lon="-116.44716"><ele>1674.5</ele></trkpt><trkpt lat="32.87483" lon="-116.44599"><ele>1678.2</ele></trkpt><trkpt lat="32.87451" lon="-116.44533"><ele>1678.0</ele></trkpt><trkpt lat="32.87427" lon="-116.44443"><ele>1685.4</ele></trkpt><trkpt lat="32.87333" lon="-116.44348"><ele>1683.2</ele></trkpt><trkpt lat="32.87221" lon="-116.44322"><ele>1686.3</ele></trkpt><trkpt lat="32.87124" lon="-116.44237"><ele>1689.2</ele></trkpt><trkpt lat="32.87029" lon="-116.44192"><ele>1693.3</ele></trkpt><trkpt lat="32.87006" lon="-116.44158"><ele>1694.6</ele></trkpt><trkpt lat="32.86960" lon="-116.44138"><ele>1696.1</ele></trkpt><trkpt lat="32.86812" lon="-116.44013"><ele>1701.9</ele></trkpt><trkpt lat="32.86816" lon="-116.44002"><ele>1702.2</ele></trkpt><trkpt lat="32.86916" lon="-116.43995"><ele>1707.8</ele></trkpt><trkpt lat="32.86960" lon="-116.43941"><ele>1714.3</ele></trkpt><trkpt lat="32.86989" lon="-116.43968"><ele>1717.5</ele></trkpt><trkpt lat="32.87053" lon="-116.43988"><ele>1722.4</ele></trkpt><trkpt lat="32.87103" lon="-116.43952"><ele>1726.5</ele></trkpt><trkpt lat="32.87147" lon="-116.43961"><ele>1730.5</ele></trkpt><trkpt lat="32.87127" lon="-116.43904"><ele>1737.4</ele></trkpt><trkpt lat="32.87136" lon="-116.43836"><ele>1744.7</ele></trkpt><trkpt lat="32.87148" lon="-116.43823"><ele>1747.8</ele></trkpt><trkpt lat="32.87132" lon="-116.43759"><ele>1758.1</ele></trkpt><trkpt lat="32.87077" lon="-116.43697"><ele>1768.9</ele></trkpt><trkpt lat="32.87056" lon="-116.43651"><ele>1773.3</ele></trkpt><trkpt lat="32.87013" lon="-116.43617"><ele>1776.3</ele></trkpt><trkpt lat="32.86984" lon="-116.43604"><ele>1773.8</ele></trkpt><trkpt lat="32.86938" lon="-116.43618"><ele>1777.2</ele></trkpt><trkpt lat="32.86926" lon="-116.43634"><ele>1780.3</ele></trkpt><trkpt lat="32.86896" lon="-116.43634"><ele>1785.4</ele></trkpt><trkpt lat="32.86828" lon="-116.43576"><ele>1792.1</ele></trkpt><trkpt lat="32.86771" lon="-116.43474"><ele>1791.5</ele></trkpt><trkpt lat="32.86736" lon="-116.43335"><ele>1793.7</ele></trkpt><trkpt lat="32.86603" lon="-116.43279"><ele>1797.3</ele></trkpt><trkpt lat="32.86530" lon="-116.43301"><ele>1795.7</ele></trkpt><trkpt lat="32.86420" lon="-116.43277"><ele>1815.0</ele></trkpt><trkpt lat="32.86359" lon="-116.43250"><ele>1826.1</ele></trkpt><trkpt lat="32.86315" lon="-116.43194"><ele>1833.1</ele></trkpt><trkpt lat="32.86274" lon="-116.43204"><ele>1835.6</ele></trkpt><trkpt lat="32.86224" lon="-116.43184"><ele>1836.4</ele></trkpt><trkpt lat="32.86197" lon="-116.43130"><ele>1838.1</ele></trkpt><trkpt lat="32.86131" lon="-116.43129"><ele>1839.2</ele></trkpt><trkpt lat="32.86072" lon="-116.43094"><ele>1833.6</ele></trkpt><trkpt lat="32.86010" lon="-116.43020"><ele>1833.0</ele></trkpt><trkpt lat="32.85972" lon="-116.42902"><ele>1842.0</ele></trkpt><trkpt lat="32.85910" lon="-116.42807"><ele>1851.4</ele></trkpt><trkpt lat="32.85935" lon="-116.42748"><ele>1847.7</ele></trkpt><trkpt lat="32.85924" lon="-116.42713"><ele>1845.5</ele></trkpt><trkpt lat="32.85802" lon="-116.42641"><ele>1836.8</ele></trkpt><trkpt lat="32.85811" lon="-116.42609"><ele>1834.5</ele></trkpt><trkpt lat="32.85745" lon="-116.42610"><ele>1832.2</ele></trkpt><trkpt lat="32.85700" lon="-116.42594"><ele>1830.2</ele></trkpt><trkpt lat="32.85666" lon="-116.42561"><ele>1828.6</ele></trkpt><trkpt lat="32.85701" lon="-116.42491"><ele>1824.1</ele></trkpt><trkpt lat="32.85689" lon="-116.42427"><ele>1820.4</ele></trkpt><trkpt lat="32.85735" lon="-116.42346"><ele>1817.6</ele></trkpt><trkpt lat="32.85715" lon="-116.42307"><ele>1817.1</ele></trkpt><trkpt lat="32.85661" lon="-116.42309"><ele>1817.4</ele></trkpt><trkpt lat="32.85646" lon="-116.42297"><ele>1816.9</ele></trkpt><trkpt lat="32.85651" lon="-116.42223"><ele>1813.7</ele></trkpt><trkpt lat="32.85605" lon="-116.42154"><ele>1809.1</ele></trkpt><trkpt lat="32.85546" lon="-116.42112"><ele>1803.6</ele></trkpt><trkpt lat="32.85515" lon="-116.42059"><ele>1799.2</ele></trkpt><trkpt lat="32.85468" lon="-116.42059"><ele>1796.9</ele></trkpt><trkpt lat="32.85422" lon="-116.42093"><ele>1797.7</ele></trkpt><trkpt lat="32.85410" lon="-116.42133"><ele>1796.9</ele></trkpt><trkpt lat="32.85353" lon="-116.42107"><ele>1796.4</ele></trkpt><trkpt lat="32.85280" lon="-116.42122"><ele>1800.6</ele></trkpt><trkpt lat="32.85102" lon="-116.41987"><ele>1797.5</ele></trkpt><trkpt lat="32.85044" lon="-116.41929"><ele>1793.0</ele></trkpt><trkpt lat="32.84888" lon="-116.41957"><ele>1799.3</ele></trkpt><trkpt lat="32.84866" lon="-116.41917"><ele>1801.6</ele></trkpt><trkpt lat="32.84847" lon="-116.41906"><ele>1803.7</ele></trkpt><trkpt lat="32.84724" lon="-116.41943"><ele>1810.2</ele></trkpt><trkpt lat="32.84646" lon="-116.41916"><ele>1814.8</ele></trkpt><trkpt lat="32.84550" lon="-116.41942"><ele>1818.8</ele></trkpt><trkpt lat="32.84464" lon="-116.41917"><ele>1824.0</ele></trkpt><trkpt lat="32.84342" lon="-116.41906"><ele>1829.6</ele></trkpt><trkpt lat="32.84162" lon="-116.41841"><ele>1833.6</ele></trkpt><trkpt lat="32.84187" lon="-116.41811"><ele>1835.2</ele></trkpt><trkpt lat="32.84264" lon="-116.41806"><ele>1836.0</ele></trkpt><trkpt lat="32.84482" lon="-116.41869"><ele>1827.9</ele></trkpt><trkpt lat="32.84560" lon="-116.41844"><ele>1826.6</ele></trkpt><trkpt lat="32.84705" lon="-116.41838"><ele>1823.3</ele></trkpt><trkpt lat="32.84755" lon="-116.41852"><ele>1819.6</ele></trkpt><trkpt lat="32.84781" lon="-116.41844"><ele>1818.4</ele></trkpt><trkpt lat="32.84800" lon="-116.41817"><ele>1816.6</ele></trkpt><trkpt lat="32.84844" lon="-116.41870"><ele>1812.3</ele></trkpt><trkpt lat="32.85070" lon="-116.41860"><ele>1791.0</ele></trkpt><trkpt lat="32.85077" lon="-116.41872"><ele>1789.2</ele></trkpt><trkpt lat="32.85061" lon="-116.41894"><ele>1787.7</ele></trkpt><trkpt lat="32.85099" lon="-116.41913"><ele>1788.8</ele></trkpt><trkpt lat="32.85171" lon="-116.41886"><ele>1788.9</ele></trkpt><trkpt lat="32.85250" lon="-116.41921"><ele>1786.9</ele></trkpt><trkpt lat="32.85339" lon="-116.41928"><ele>1780.3</ele></trkpt><trkpt lat="32.85451" lon="-116.41973"><ele>1773.7</ele></trkpt><trkpt lat="32.85472" lon="-116.41930"><ele>1774.1</ele></trkpt><trkpt lat="32.85506" lon="-116.41901"><ele>1775.3</ele></trkpt><trkpt lat="32.85519" lon="-116.41869"><ele>1776.0</ele></trkpt><trkpt lat="32.85612" lon="-116.41765"><ele>1780.5</ele></trkpt><trkpt lat="32.85641" lon="-116.41714"><ele>1784.4</ele></trkpt><trkpt lat="32.85690" lon="-116.41708"><ele>1788.9</ele></trkpt><trkpt lat="32.85668" lon="-116.41729"><ele>1792.2</ele></trkpt><trkpt lat="32.85708" lon="-116.41738"><ele>1795.5</ele></trkpt><trkpt lat="32.85740" lon="-116.41782"><ele>1799.0</ele></trkpt><trkpt lat="32.85755" lon="-116.41782"><ele>1799.9</ele></trkpt><trkpt lat="32.85765" lon="-116.41733"><ele>1802.4</ele></trkpt><trkpt lat="32.85753" lon="-116.41684"><ele>1804.4</ele></trkpt><trkpt lat="32.85834" lon="-116.41566"><ele>1811.7</ele></trkpt><trkpt lat="32.85830" lon="-116.41538"><ele>1814.2</ele></trkpt><trkpt lat="32.85784" lon="-116.41477"><ele>1822.4</ele></trkpt><trkpt lat="32.85774" lon="-116.41370"><ele>1834.2</ele></trkpt><trkpt lat="32.85786" lon="-116.41349"><ele>1835.9</ele></trkpt><trkpt lat="32.85825" lon="-116.41331"><ele>1837.8</ele></trkpt><trkpt lat="32.85874" lon="-116.41262"><ele>1835.9</ele></trkpt><trkpt lat="32.85916" lon="-116.41254"><ele>1835.8</ele></trkpt><trkpt lat="32.85946" lon="-116.41269"><ele>1835.4</ele></trkpt><trkpt lat="32.86115" lon="-116.41254"><ele>1839.7</ele></trkpt><trkpt lat="32.86221" lon="-116.41284"><ele>1835.4</ele></trkpt><trkpt lat="32.86383" lon="-116.41256"><ele>1820.2</ele></trkpt><trkpt lat="32.86445" lon="-116.41282"><ele>1821.4</ele></trkpt><trkpt lat="32.86474" lon="-116.41267"><ele>1823.4</ele></trkpt><trkpt lat="32.86543" lon="-116.41286"><ele>1825.1</ele></trkpt><trkpt lat="32.86595" lon="-116.41248"><ele>1824.4</ele></trkpt><trkpt lat="32.86629" lon="-116.41246"><ele>1827.3</ele></trkpt><trkpt lat="32.86672" lon="-116.41254"><ele>1830.2</ele></trkpt><trkpt lat="32.86671" lon="-116.41289"><ele>1832.6</ele></trkpt><trkpt lat="32.86693" lon="-116.41304"><ele>1832.6</ele></trkpt><trkpt lat="32.86769" lon="-116.41251"><ele>1823.9</ele></trkpt><trkpt lat="32.86837" lon="-116.41339"><ele>1819.1</ele></trkpt><trkpt lat="32.86947" lon="-116.41341"><ele>1808.8</ele></trkpt><trkpt lat="32.87050" lon="-116.41481"><ele>1806.4</ele></trkpt><trkpt lat="32.87103" lon="-116.41460"><ele>1811.9</ele></trkpt><trkpt lat="32.87095" lon="-116.41505"><ele>1816.4</ele></trkpt><trkpt lat="32.87123" lon="-116.41528"><ele>1821.5</ele></trkpt><trkpt lat="32.87344" lon="-116.41587"><ele>1823.0</ele></trkpt><trkpt lat="32.87396" lon="-116.41657"><ele>1818.8</ele></trkpt><trkpt lat="32.87489" lon="-116.41717"><ele>1820.9</ele></trkpt><trkpt lat="32.87626" lon="-116.41782"><ele>1815.4</ele></trkpt><trkpt lat="32.87716" lon="-116.41902"><ele>1805.7</ele></trkpt><trkpt lat="32.87773" lon="-116.41945"><ele>1800.0</ele></trkpt><trkpt lat="32.87780" lon="-116.42036"><ele>1799.0</ele></trkpt><trkpt lat="32.87852" lon="-116.42122"><ele>1796.6</ele></trkpt><trkpt lat="32.87931" lon="-116.42178"><ele>1794.7</ele></trkpt><trkpt lat="32.87989" lon="-116.42186"><ele>1799.8</ele></trkpt><trkpt lat="32.88017" lon="-116.42204"><ele>1801.6</ele></trkpt><trkpt lat="32.88053" lon="-116.42193"><ele>1802.0</ele></trkpt><trkpt lat="32.88038" lon="-116.42220"><ele>1798.3</ele></trkpt><trkpt lat="32.88057" lon="-116.42226"><ele>1795.8</ele></trkpt><trkpt lat="32.88049" lon="-116.42248"><ele>1792.7</ele></trkpt><trkpt lat="32.88007" lon="-116.42271"><ele>1786.6</ele></trkpt><trkpt lat="32.88041" lon="-116.42308"><ele>1781.9</ele></trkpt><trkpt lat="32.88007" lon="-116.42274"><ele>1788.0</ele></trkpt><trkpt lat="32.88053" lon="-116.42242"><ele>1794.1</ele></trkpt><trkpt lat="32.88060" lon="-116.42227"><ele>1795.9</ele></trkpt><trkpt lat="32.88038" lon="-116.42222"><ele>1798.2</ele></trkpt><trkpt lat="32.88060" lon="-116.42189"><ele>1802.4</ele></trkpt><trkpt lat="32.88164" lon="-116.42101"><ele>1796.5</ele></trkpt><trkpt lat="32.88227" lon="-116.42131"><ele>1790.7</ele></trkpt><trkpt lat="32.88403" lon="-116.42024"><ele>1789.3</ele></trkpt><trkpt lat="32.88521" lon="-116.42015"><ele>1800.3</ele></trkpt><trkpt lat="32.88574" lon="-116.42068"><ele>1805.6</ele></trkpt><trkpt lat="32.88625" lon="-116.42143"><ele>1805.4</ele></trkpt><trkpt lat="32.88670" lon="-116.42153"><ele>1801.9</ele></trkpt><trkpt lat="32.88657" lon="-116.42203"><ele>1802.9</ele></trkpt><trkpt lat="32.88663" lon="-116.42272"><ele>1803.3</ele></trkpt><trkpt lat="32.88672" lon="-116.42298"><ele>1803.3</ele></trkpt><trkpt lat="32.88709" lon="-116.42333"><ele>1799.2</ele></trkpt><trkpt lat="32.88734" lon="-116.42392"><ele>1794.5</ele></trkpt><trkpt lat="32.88765" lon="-116.42544"><ele>1790.9</ele></trkpt><trkpt lat="32.88827" lon="-116.42592"><ele>1794.2</ele></trkpt><trkpt lat="32.88903" lon="-116.42611"><ele>1794.8</ele></trkpt><trkpt lat="32.88992" lon="-116.42589"><ele>1796.7</ele></trkpt><trkpt lat="32.89058" lon="-116.42549"><ele>1802.3</ele></trkpt><trkpt lat="32.89125" lon="-116.42553"><ele>1808.0</ele></trkpt><trkpt lat="32.89126" lon="-116.42642"><ele>1814.3</ele></trkpt><trkpt lat="32.89138" lon="-116.42649"><ele>1814.9</ele></trkpt><trkpt lat="32.89170" lon="-116.42618"><ele>1817.8</ele></trkpt><trkpt lat="32.89180" lon="-116.42567"><ele>1822.2</ele></trkpt><trkpt lat="32.89215" lon="-116.42601"><ele>1825.5</ele></trkpt><trkpt lat="32.89266" lon="-116.42598"><ele>1827.6</ele></trkpt><trkpt lat="32.89331" lon="-116.42662"><ele>1823.8</ele></trkpt><trkpt lat="32.89353" lon="-116.42717"><ele>1819.3</ele></trkpt><trkpt lat="32.89410" lon="-116.42804"><ele>1814.0</ele></trkpt><trkpt lat="32.89553" lon="-116.42842"><ele>1808.2</ele></trkpt><trkpt lat="32.89689" lon="-116.42908"><ele>1802.4</ele></trkpt><trkpt lat="32.89694" lon="-116.42931"><ele>1799.5</ele></trkpt><trkpt lat="32.89683" lon="-116.42945"><ele>1797.6</ele></trkpt><trkpt lat="32.89702" lon="-116.42971"><ele>1795.1</ele></trkpt><trkpt lat="32.89704" lon="-116.42997"><ele>1794.3</ele></trkpt><trkpt lat="32.89686" lon="-116.43041"><ele>1795.6</ele></trkpt><trkpt lat="32.89699" lon="-116.43081"><ele>1797.5</ele></trkpt><trkpt lat="32.89761" lon="-116.43133"><ele>1800.8</ele></trkpt><trkpt lat="32.89804" lon="-116.43192"><ele>1804.1</ele></trkpt><trkpt lat="32.89808" lon="-116.43279"><ele>1807.8</ele></trkpt><trkpt lat="32.89769" lon="-116.43326"><ele>1802.1</ele></trkpt><trkpt lat="32.89640" lon="-116.43336"><ele>1792.6</ele></trkpt><trkpt lat="32.89586" lon="-116.43356"><ele>1788.9</ele></trkpt><trkpt lat="32.89534" lon="-116.43381"><ele>1785.4</ele></trkpt><trkpt lat="32.89473" lon="-116.43440"><ele>1780.2</ele></trkpt><trkpt lat="32.89453" lon="-116.43437"><ele>1778.7</ele></trkpt><trkpt lat="32.89427" lon="-116.43406"><ele>1776.7</ele></trkpt><trkpt lat="32.89382" lon="-116.43400"><ele>1774.3</ele></trkpt><trkpt lat="32.89326" lon="-116.43415"><ele>1770.0</ele></trkpt><trkpt lat="32.89274" lon="-116.43454"><ele>1764.0</ele></trkpt><trkpt lat="32.89207" lon="-116.43460"><ele>1755.5</ele></trkpt><trkpt lat="32.89214" lon="-116.43485"><ele>1753.3</ele></trkpt><trkpt lat="32.89285" lon="-116.43556"><ele>1746.1</ele></trkpt><trkpt lat="32.89298" lon="-116.43688"><ele>1736.3</ele></trkpt><trkpt lat="32.89285" lon="-116.43772"><ele>1734.2</ele></trkpt><trkpt lat="32.89312" lon="-116.43831"><ele>1738.6</ele></trkpt><trkpt lat="32.89343" lon="-116.43855"><ele>1741.1</ele></trkpt><trkpt lat="32.89396" lon="-116.43869"><ele>1744.0</ele></trkpt><trkpt lat="32.89538" lon="-116.43997"><ele>1748.8</ele></trkpt><trkpt lat="32.89626" lon="-116.44024"><ele>1745.9</ele></trkpt><trkpt lat="32.89671" lon="-116.44104"><ele>1737.6</ele></trkpt><trkpt lat="32.89706" lon="-116.44118"><ele>1734.0</ele></trkpt><trkpt lat="32.89740" lon="-116.44161"><ele>1730.7</ele></trkpt><trkpt lat="32.89778" lon="-116.44181"><ele>1726.7</ele></trkpt><trkpt lat="32.89704" lon="-116.44243"><ele>1719.6</ele></trkpt><trkpt lat="32.89675" lon="-116.44310"><ele>1713.3</ele></trkpt><trkpt lat="32.89684" lon="-116.44343"><ele>1710.1</ele></trkpt><trkpt lat="32.89754" lon="-116.44432"><ele>1699.5</ele></trkpt><trkpt lat="32.89754" lon="-116.44498"><ele>1692.8</ele></trkpt><trkpt lat="32.89661" lon="-116.44563"><ele>1683.7</ele></trkpt><trkpt lat="32.89601" lon="-116.44551"><ele>1681.1</ele></trkpt><trkpt lat="32.89540" lon="-116.44589"><ele>1676.6</ele></trkpt><trkpt lat="32.89458" lon="-116.44599"><ele>1668.3</ele></trkpt><trkpt lat="32.89536" lon="-116.44639"><ele>1659.1</ele></trkpt><trkpt lat="32.89471" lon="-116.44646"><ele>1651.0</ele></trkpt><trkpt lat="32.89518" lon="-116.44735"><ele>1652.4</ele></trkpt><trkpt lat="32.89489" lon="-116.44808"><ele>1649.0</ele></trkpt><trkpt lat="32.89540" lon="-116.44806"><ele>1654.0</ele></trkpt><trkpt lat="32.89569" lon="-116.44847"><ele>1656.5</ele></trkpt><trkpt lat="32.89681" lon="-116.44879"><ele>1655.6</ele></trkpt><trkpt lat="32.89709" lon="-116.44913"><ele>1651.6</ele></trkpt><trkpt lat="32.89825" lon="-116.45001"><ele>1657.6</ele></trkpt><trkpt lat="32.89863" lon="-116.45061"><ele>1662.5</ele></trkpt><trkpt lat="32.89883" lon="-116.45068"><ele>1663.8</ele></trkpt><trkpt lat="32.89862" lon="-116.45081"><ele>1666.9</ele></trkpt><trkpt lat="32.89871" lon="-116.45138"><ele>1669.9</ele></trkpt><trkpt lat="32.89851" lon="-116.45169"><ele>1668.5</ele></trkpt><trkpt lat="32.89819" lon="-116.45174"><ele>1664.8</ele></trkpt><trkpt lat="32.89895" lon="-116.45229"><ele>1655.4</ele></trkpt><trkpt lat="32.89830" lon="-116.45238"><ele>1649.5</ele></trkpt><trkpt lat="32.89879" lon="-116.45274"><ele>1651.3</ele></trkpt><trkpt lat="32.89896" lon="-116.45324"><ele>1652.6</ele></trkpt><trkpt lat="32.89913" lon="-116.45294"><ele>1650.9</ele></trkpt><trkpt lat="32.89950" lon="-116.45295"><ele>1650.5</ele></trkpt><trkpt lat="32.89990" lon="-116.45333"><ele>1652.3</ele></trkpt><trkpt lat="32.90053" lon="-116.45360"><ele>1655.8</ele></trkpt><trkpt lat="32.90069" lon="-116.45382"><ele>1656.0</ele></trkpt><trkpt lat="32.90201" lon="-116.45416"><ele>1644.7</ele></trkpt><trkpt lat="32.90217" lon="-116.45412"><ele>1644.1</ele></trkpt><trkpt lat="32.90228" lon="-116.45376"><ele>1641.9</ele></trkpt><trkpt lat="32.90279" lon="-116.45354"><ele>1636.8</ele></trkpt><trkpt lat="32.90346" lon="-116.45411"><ele>1634.3</ele></trkpt><trkpt lat="32.90379" lon="-116.45491"><ele>1639.9</ele></trkpt><trkpt lat="32.90403" lon="-116.45501"><ele>1640.5</ele></trkpt><trkpt lat="32.90429" lon="-116.45567"><ele>1645.2</ele></trkpt><trkpt lat="32.90463" lon="-116.45602"><ele>1647.9</ele></trkpt><trkpt lat="32.90465" lon="-116.45628"><ele>1649.9</ele></trkpt><trkpt lat="32.90516" lon="-116.45653"><ele>1653.5</ele></trkpt><trkpt lat="32.90546" lon="-116.45624"><ele>1656.5</ele></trkpt><trkpt lat="32.90560" lon="-116.45658"><ele>1659.2</ele></trkpt><trkpt lat="32.90588" lon="-116.45657"><ele>1661.1</ele></trkpt><trkpt lat="32.90572" lon="-116.45727"><ele>1658.9</ele></trkpt><trkpt lat="32.90595" lon="-116.45651"><ele>1661.1</ele></trkpt><trkpt lat="32.90664" lon="-116.45631"><ele>1663.3</ele></trkpt><trkpt lat="32.90704" lon="-116.45548"><ele>1668.1</ele></trkpt><trkpt lat="32.90707" lon="-116.45503"><ele>1670.9</ele></trkpt><trkpt lat="32.90759" lon="-116.45478"><ele>1671.1</ele></trkpt><trkpt lat="32.90786" lon="-116.45417"><ele>1671.3</ele></trkpt><trkpt lat="32.90845" lon="-116.45459"><ele>1675.2</ele></trkpt><trkpt lat="32.90933" lon="-116.45494"><ele>1682.8</ele></trkpt></trkseg></trk></gpx>