<?xml version="1.0" encoding="UTF-8"?>
<gpx version="1.1" creator="alexrunsfar simplify-gpx"><metadata><name>tahoe-200-2024</name><desc>simplified from Strava export; 208.19 mi; 35833 ft gain (computed at full resolution)</desc></metadata><trk><name>tahoe-200-2024</name><trkseg><trkpt lat="38.96084" lon="-119.88646"><ele>2248.0</ele></trkpt><trkpt lat="38.96059" lon="-119.88662"><ele>2251.0</ele></trkpt><trkpt lat="38.96031" lon="-119.88619"><ele>2255.0</ele></trkpt><trkpt lat="38.95969" lon="-119.88730"><ele>2280.0</ele></trkpt><trkpt lat="38.95946" lon="-119.88633"><ele>2292.0</ele></trkpt><trkpt lat="38.95817" lon="-119.88551"><ele>2309.0</ele></trkpt><trkpt lat="38.95701" lon="-119.88634"><ele>2316.0</ele></trkpt><trkpt lat="38.95672" lon="-119.88700"><ele>2319.0</ele></trkpt><trkpt lat="38.95630" lon="-119.88682"><ele>2323.0</ele></trkpt><trkpt lat="38.95567" lon="-119.88850"><ele>2337.0</ele></trkpt><trkpt lat="38.95562" lon="-119.88589"><ele>2358.0</ele></trkpt><trkpt lat="38.95468" lon="-119.88291"><ele>2380.0</ele></trkpt><trkpt lat="38.95478" lon="-119.88547"><ele>2400.0</ele></trkpt><trkpt lat="38.95358" lon="-119.88831"><ele>2427.0</ele></trkpt><trkpt lat="38.95125" lon="-119.88890"><ele>2456.0</ele></trkpt><trkpt lat="38.95119" lon="-119.88854"><ele>2460.0</ele></trkpt><trkpt lat="38.95063" lon="-119.88869"><ele>2457.0</ele></trkpt><trkpt lat="38.94921" lon="-119.88789"><ele>2454.0</ele></trkpt><trkpt lat="38.94818" lon="-119.88591"><ele>2448.0</ele></trkpt><trkpt lat="38.94779" lon="-119.88440"><ele>2435.0</ele></trkpt><trkpt lat="38.94606" lon="-119.88334"><ele>2425.0</ele></trkpt><trkpt lat="38.94605" lon="-119.88223"><ele>2431.0</ele></trkpt><trkpt lat="38.94645" lon="-119.88138"><ele>2434.0</ele></trkpt><trkpt lat="38.94606" lon="-119.88089"><ele>2435.0</ele></trkpt><trkpt lat="38.94559" lon="-119.88059"><ele>2439.0</ele></trkpt><trkpt lat="38.94484" lon="-119.88106"><ele>2446.0</ele></trkpt><trkpt lat="38.94363" lon="-119.88278"><ele>2456.0</ele></trkpt><trkpt lat="38.94094" lon="-119.88043"><ele>2473.0</ele></trkpt><trkpt lat="38.94115" lon="-119.88205"><ele>2491.0</ele></trkpt><trkpt lat="38.94029" lon="-119.88209"><ele>2502.0</ele></trkpt><trkpt lat="38.94003" lon="-119.88384"><ele>2515.0</ele></trkpt><trkpt lat="38.93961" lon="-119.88465"><ele>2525.0</ele></trkpt><trkpt lat="38.93948" lon="-119.88822"><ele>2549.0</ele></trkpt><trkpt lat="38.93853" lon="-119.89038"><ele>2566.0</ele></trkpt><trkpt lat="38.93814" lon="-119.89062"><ele>2567.0</ele></trkpt><trkpt lat="38.93742" lon="-119.89024"><ele>2565.0</ele></trkpt><trkpt lat="38.93701" lon="-119.88914"><ele>2554.0</ele></trkpt><trkpt lat="38.93639" lon="-119.88864"><ele>2552.0</ele></trkpt><trkpt lat="38.93597" lon="-119.88699"><ele>2539.0</ele></trkpt><trkpt lat="38.93542" lon="-119.88609"><ele>2533.0</ele></trkpt><trkpt lat="38.93469" lon="-119.88573"><ele>2529.0</ele></trkpt><trkpt lat="38.93405" lon="-119.88796"><ele>2526.0</ele></trkpt><trkpt lat="38.93417" lon="-119.88981"><ele>2517.0</ele></trkpt><trkpt lat="38.93341" lon="-119.88999"><ele>2513.0</ele></trkpt><trkpt lat="38.93290" lon="-119.89091"><ele>2509.0</ele></trkpt><trkpt lat="38.93179" lon="-119.88931"><ele>2497.0</ele></trkpt><trkpt lat="38.93147" lon="-119.88724"><ele>2512.0</ele></trkpt><trkpt lat="38.92954" lon="-119.88684"><ele>2525.0</ele></trkpt><trkpt lat="38.92898" lon="-119.88768"><ele>2529.0</ele></trkpt><trkpt lat="38.92875" lon="-119.88954"><ele>2536.0</ele></trkpt><trkpt lat="38.92804" lon="-119.88946"><ele>2536.0</ele></trkpt><trkpt lat="38.92775" lon="-119.88823"><ele>2536.0</ele></trkpt><trkpt lat="38.92720" lon="-119.88779"><ele>2541.0</ele></trkpt><trkpt lat="38.92563" lon="-119.88742"><ele>2552.0</ele></trkpt><trkpt lat="38.92507" lon="-119.88843"><ele>2561.0</ele></trkpt><trkpt lat="38.92363" lon="-119.88933"><ele>2570.0</ele></trkpt><trkpt lat="38.91884" lon="-119.89058"><ele>2650.0</ele></trkpt><trkpt lat="38.91759" lon="-119.88999"><ele>2654.0</ele></trkpt><trkpt lat="38.91714" lon="-119.88873"><ele>2655.0</ele></trkpt><trkpt lat="38.91522" lon="-119.88805"><ele>2650.0</ele></trkpt><trkpt lat="38.91415" lon="-119.88713"><ele>2650.0</ele></trkpt><trkpt lat="38.91277" lon="-119.88725"><ele>2652.0</ele></trkpt><trkpt lat="38.91214" lon="-119.88781"><ele>2651.0</ele></trkpt><trkpt lat="38.91149" lon="-119.88764"><ele>2650.0</ele></trkpt><trkpt lat="38.91111" lon="-119.88717"><ele>2649.0</ele></trkpt><trkpt lat="38.91118" lon="-119.88589"><ele>2645.0</ele></trkpt><trkpt lat="38.91083" lon="-119.88512"><ele>2642.0</ele></trkpt><trkpt lat="38.91042" lon="-119.88501"><ele>2640.0</ele></trkpt><trkpt lat="38.90618" lon="-119.88616"><ele>2633.0</ele></trkpt><trkpt lat="38.90379" lon="-119.88802"><ele>2632.0</ele></trkpt><trkpt lat="38.90163" lon="-119.88802"><ele>2627.0</ele></trkpt><trkpt lat="38.89994" lon="-119.88757"><ele>2614.0</ele></trkpt><trkpt lat="38.89746" lon="-119.88905"><ele>2607.0</ele></trkpt><trkpt lat="38.89552" lon="-119.89101"><ele>2595.0</ele></trkpt><trkpt lat="38.89272" lon="-119.89247"><ele>2599.0</ele></trkpt><trkpt lat="38.89145" lon="-119.89177"><ele>2604.0</ele></trkpt><trkpt lat="38.88971" lon="-119.88828"><ele>2616.0</ele></trkpt><trkpt lat="38.88925" lon="-119.88796"><ele>2619.0</ele></trkpt><trkpt lat="38.88561" lon="-119.88972"><ele>2657.0</ele></trkpt><trkpt lat="38.88324" lon="-119.89164"><ele>2680.0</ele></trkpt><trkpt lat="38.87915" lon="-119.89366"><ele>2725.0</ele></trkpt><trkpt lat="38.87838" lon="-119.89328"><ele>2733.0</ele></trkpt><trkpt lat="38.87747" lon="-119.89025"><ele>2747.0</ele></trkpt><trkpt lat="38.87547" lon="-119.89057"><ele>2759.0</ele></trkpt><trkpt lat="38.87436" lon="-119.89227"><ele>2776.0</ele></trkpt><trkpt lat="38.87320" lon="-119.89252"><ele>2781.0</ele></trkpt><trkpt lat="38.87164" lon="-119.89356"><ele>2787.0</ele></trkpt><trkpt lat="38.87067" lon="-119.89760"><ele>2795.0</ele></trkpt><trkpt lat="38.87090" lon="-119.89901"><ele>2800.0</ele></trkpt><trkpt lat="38.87058" lon="-119.90031"><ele>2803.0</ele></trkpt><trkpt lat="38.86784" lon="-119.90196"><ele>2812.0</ele></trkpt><trkpt lat="38.86729" lon="-119.90195"><ele>2818.0</ele></trkpt><trkpt lat="38.86703" lon="-119.90286"><ele>2825.0</ele></trkpt><trkpt lat="38.86582" lon="-119.90378"><ele>2844.0</ele></trkpt><trkpt lat="38.86541" lon="-119.90685"><ele>2857.0</ele></trkpt><trkpt lat="38.86425" lon="-119.90778"><ele>2878.0</ele></trkpt><trkpt lat="38.86412" lon="-119.91052"><ele>2902.0</ele></trkpt><trkpt lat="38.86442" lon="-119.91130"><ele>2912.0</ele></trkpt><trkpt lat="38.86359" lon="-119.91097"><ele>2925.0</ele></trkpt><trkpt lat="38.86259" lon="-119.90996"><ele>2925.0</ele></trkpt><trkpt lat="38.86203" lon="-119.90991"><ele>2915.0</ele></trkpt><trkpt lat="38.85446" lon="-119.91256"><ele>2830.0</ele></trkpt><trkpt lat="38.85370" lon="-119.91303"><ele>2819.0</ele></trkpt><trkpt lat="38.85540" lon="-119.91287"><ele>2807.0</ele></trkpt><trkpt lat="38.85779" lon="-119.91330"><ele>2780.0</ele></trkpt><trkpt lat="38.85352" lon="-119.91491"><ele>2730.0</ele></trkpt><trkpt lat="38.84882" lon="-119.91831"><ele>2678.0</ele></trkpt><trkpt lat="38.84634" lon="-119.91909"><ele>2653.0</ele></trkpt><trkpt lat="38.84370" lon="-119.91829"><ele>2623.0</ele></trkpt><trkpt lat="38.84153" lon="-119.91675"><ele>2616.0</ele></trkpt><trkpt lat="38.84050" lon="-119.91536"><ele>2618.0</ele></trkpt><trkpt lat="38.83683" lon="-119.91282"><ele>2612.0</ele></trkpt><trkpt lat="38.83616" lon="-119.91289"><ele>2609.0</ele></trkpt><trkpt lat="38.83570" lon="-119.91237"><ele>2612.0</ele></trkpt><trkpt lat="38.83355" lon="-119.91156"><ele>2623.0</ele></trkpt><trkpt lat="38.83152" lon="-119.91229"><ele>2617.0</ele></trkpt><trkpt lat="38.83146" lon="-119.91185"><ele>2612.0</ele></trkpt><trkpt lat="38.83085" lon="-119.91186"><ele>2592.0</ele></trkpt><trkpt lat="38.83010" lon="-119.91119"><ele>2573.0</ele></trkpt><trkpt lat="38.83008" lon="-119.91073"><ele>2565.0</ele></trkpt><trkpt lat="38.82981" lon="-119.91091"><ele>2559.0</ele></trkpt><trkpt lat="38.82910" lon="-119.91039"><ele>2545.0</ele></trkpt><trkpt lat="38.82882" lon="-119.90982"><ele>2537.0</ele></trkpt><trkpt lat="38.82917" lon="-119.90469"><ele>2523.0</ele></trkpt><trkpt lat="38.82997" lon="-119.90331"><ele>2511.0</ele></trkpt><trkpt lat="38.82873" lon="-119.90307"><ele>2497.0</ele></trkpt><trkpt lat="38.82952" lon="-119.90237"><ele>2492.0</ele></trkpt><trkpt lat="38.82997" lon="-119.90084"><ele>2493.0</ele></trkpt><trkpt lat="38.82948" lon="-119.90165"><ele>2492.0</ele></trkpt><trkpt lat="38.82947" lon="-119.90240"><ele>2495.0</ele></trkpt><trkpt lat="38.82872" lon="-119.90299"><ele>2497.0</ele></trkpt><trkpt lat="38.82993" lon="-119.90336"><ele>2510.0</ele></trkpt><trkpt lat="38.82912" lon="-119.90457"><ele>2521.0</ele></trkpt><trkpt lat="38.82881" lon="-119.90986"><ele>2536.0</ele></trkpt><trkpt lat="38.82918" lon="-119.91053"><ele>2546.0</ele></trkpt><trkpt lat="38.82985" lon="-119.91068"><ele>2553.0</ele></trkpt><trkpt lat="38.82979" lon="-119.91093"><ele>2560.0</ele></trkpt><trkpt lat="38.83014" lon="-119.91076"><ele>2565.0</ele></trkpt><trkpt lat="38.83010" lon="-119.91126"><ele>2573.0</ele></trkpt><trkpt lat="38.83067" lon="-119.91176"><ele>2586.0</ele></trkpt><trkpt lat="38.83146" lon="-119.91193"><ele>2608.0</ele></trkpt><trkpt lat="38.83152" lon="-119.91238"><ele>2617.0</ele></trkpt><trkpt lat="38.83208" lon="-119.91219"><ele>2621.0</ele></trkpt><trkpt lat="38.83205" lon="-119.91358"><ele>2628.0</ele></trkpt><trkpt lat="38.83161" lon="-119.91502"><ele>2638.0</ele></trkpt><trkpt lat="38.83050" lon="-119.91546"><ele>2647.0</ele></trkpt><trkpt lat="38.82655" lon="-119.91986"><ele>2692.0</ele></trkpt><trkpt lat="38.82620" lon="-119.92062"><ele>2702.0</ele></trkpt><trkpt lat="38.82795" lon="-119.92013"><ele>2718.0</ele></trkpt><trkpt lat="38.82663" lon="-119.92178"><ele>2745.0</ele></trkpt><trkpt lat="38.82502" lon="-119.92288"><ele>2758.0</ele></trkpt><trkpt lat="38.82493" lon="-119.92249"><ele>2760.0</ele></trkpt><trkpt lat="38.82441" lon="-119.92234"><ele>2765.0</ele></trkpt><trkpt lat="38.82140" lon="-119.92299"><ele>2796.0</ele></trkpt><trkpt lat="38.82075" lon="-119.92622"><ele>2826.0</ele></trkpt><trkpt lat="38.82037" lon="-119.92644"><ele>2830.0</ele></trkpt><trkpt lat="38.81987" lon="-119.92600"><ele>2834.0</ele></trkpt><trkpt lat="38.81934" lon="-119.92655"><ele>2838.0</ele></trkpt><trkpt lat="38.81877" lon="-119.92577"><ele>2841.0</ele></trkpt><trkpt lat="38.81790" lon="-119.92648"><ele>2842.0</ele></trkpt><trkpt lat="38.81759" lon="-119.92768"><ele>2841.0</ele></trkpt><trkpt lat="38.81442" lon="-119.93034"><ele>2825.0</ele></trkpt><trkpt lat="38.81355" lon="-119.93072"><ele>2825.0</ele></trkpt><trkpt lat="38.81212" lon="-119.92982"><ele>2821.0</ele></trkpt><trkpt lat="38.81136" lon="-119.93027"><ele>2822.0</ele></trkpt><trkpt lat="38.81111" lon="-119.93086"><ele>2827.0</ele></trkpt><trkpt lat="38.81074" lon="-119.93389"><ele>2836.0</ele></trkpt><trkpt lat="38.81123" lon="-119.93447"><ele>2846.0</ele></trkpt><trkpt lat="38.81164" lon="-119.93647"><ele>2830.0</ele></trkpt><trkpt lat="38.81289" lon="-119.93753"><ele>2821.0</ele></trkpt><trkpt lat="38.81258" lon="-119.93920"><ele>2809.0</ele></trkpt><trkpt lat="38.81048" lon="-119.94088"><ele>2791.0</ele></trkpt><trkpt lat="38.80960" lon="-119.94251"><ele>2781.0</ele></trkpt><trkpt lat="38.80983" lon="-119.94458"><ele>2787.0</ele></trkpt><trkpt lat="38.81074" lon="-119.94485"><ele>2796.0</ele></trkpt><trkpt lat="38.81120" lon="-119.94546"><ele>2788.0</ele></trkpt><trkpt lat="38.81101" lon="-119.94697"><ele>2783.0</ele></trkpt><trkpt lat="38.81169" lon="-119.94887"><ele>2789.0</ele></trkpt><trkpt lat="38.81148" lon="-119.95108"><ele>2776.0</ele></trkpt><trkpt lat="38.81201" lon="-119.95210"><ele>2769.0</ele></trkpt><trkpt lat="38.81133" lon="-119.95262"><ele>2774.0</ele></trkpt><trkpt lat="38.81243" lon="-119.95499"><ele>2768.0</ele></trkpt><trkpt lat="38.81267" lon="-119.95694"><ele>2754.0</ele></trkpt><trkpt lat="38.81249" lon="-119.95915"><ele>2733.0</ele></trkpt><trkpt lat="38.81224" lon="-119.95983"><ele>2727.0</ele></trkpt><trkpt lat="38.81150" lon="-119.96045"><ele>2720.0</ele></trkpt><trkpt lat="38.81088" lon="-119.96207"><ele>2709.0</ele></trkpt><trkpt lat="38.81114" lon="-119.96266"><ele>2701.0</ele></trkpt><trkpt lat="38.81290" lon="-119.96242"><ele>2680.0</ele></trkpt><trkpt lat="38.81314" lon="-119.96390"><ele>2675.0</ele></trkpt><trkpt lat="38.81466" lon="-119.96334"><ele>2658.0</ele></trkpt><trkpt lat="38.81582" lon="-119.96430"><ele>2665.0</ele></trkpt><trkpt lat="38.81607" lon="-119.96520"><ele>2672.0</ele></trkpt><trkpt lat="38.81561" lon="-119.96514"><ele>2681.0</ele></trkpt><trkpt lat="38.81484" lon="-119.96645"><ele>2692.0</ele></trkpt><trkpt lat="38.81464" lon="-119.96965"><ele>2703.0</ele></trkpt><trkpt lat="38.81407" lon="-119.97053"><ele>2701.0</ele></trkpt><trkpt lat="38.81322" lon="-119.97114"><ele>2690.0</ele></trkpt><trkpt lat="38.81276" lon="-119.97104"><ele>2678.0</ele></trkpt><trkpt lat="38.81271" lon="-119.97137"><ele>2674.0</ele></trkpt><trkpt lat="38.81373" lon="-119.97239"><ele>2663.0</ele></trkpt><trkpt lat="38.81576" lon="-119.97249"><ele>2640.0</ele></trkpt><trkpt lat="38.81625" lon="-119.97324"><ele>2642.0</ele></trkpt><trkpt lat="38.81620" lon="-119.97460"><ele>2636.0</ele></trkpt><trkpt lat="38.81507" lon="-119.97491"><ele>2623.0</ele></trkpt><trkpt lat="38.81402" lon="-119.97663"><ele>2610.0</ele></trkpt><trkpt lat="38.81194" lon="-119.97621"><ele>2598.0</ele></trkpt><trkpt lat="38.80894" lon="-119.97797"><ele>2553.0</ele></trkpt><trkpt lat="38.80796" lon="-119.97680"><ele>2544.0</ele></trkpt><trkpt lat="38.80692" lon="-119.97895"><ele>2518.0</ele></trkpt><trkpt lat="38.80507" lon="-119.97930"><ele>2502.0</ele></trkpt><trkpt lat="38.80444" lon="-119.97983"><ele>2493.0</ele></trkpt><trkpt lat="38.80370" lon="-119.97975"><ele>2483.0</ele></trkpt><trkpt lat="38.80356" lon="-119.97913"><ele>2475.0</ele></trkpt><trkpt lat="38.80392" lon="-119.97882"><ele>2470.0</ele></trkpt><trkpt lat="38.80325" lon="-119.97836"><ele>2459.0</ele></trkpt><trkpt lat="38.80361" lon="-119.97757"><ele>2444.0</ele></trkpt><trkpt lat="38.80313" lon="-119.97735"><ele>2436.0</ele></trkpt><trkpt lat="38.80170" lon="-119.97821"><ele>2418.0</ele></trkpt><trkpt lat="38.80127" lon="-119.97913"><ele>2412.0</ele></trkpt><trkpt lat="38.80058" lon="-119.97955"><ele>2405.0</ele></trkpt><trkpt lat="38.80035" lon="-119.98050"><ele>2397.0</ele></trkpt><trkpt lat="38.79999" lon="-119.98001"><ele>2390.0</ele></trkpt><trkpt lat="38.79996" lon="-119.98140"><ele>2379.0</ele></trkpt><trkpt lat="38.79929" lon="-119.98021"><ele>2366.0</ele></trkpt><trkpt lat="38.79890" lon="-119.98224"><ele>2352.0</ele></trkpt><trkpt lat="38.79827" lon="-119.98327"><ele>2345.0</ele></trkpt><trkpt lat="38.79808" lon="-119.98477"><ele>2348.0</ele></trkpt><trkpt lat="38.79721" lon="-119.98698"><ele>2347.0</ele></trkpt><trkpt lat="38.79716" lon="-119.99177"><ele>2311.0</ele></trkpt><trkpt lat="38.79587" lon="-119.99226"><ele>2293.0</ele></trkpt><trkpt lat="38.79562" lon="-119.99288"><ele>2291.0</ele></trkpt><trkpt lat="38.79629" lon="-119.99405"><ele>2276.0</ele></trkpt><trkpt lat="38.79548" lon="-119.99432"><ele>2259.0</ele></trkpt><trkpt lat="38.79569" lon="-119.99481"><ele>2252.0</ele></trkpt><trkpt lat="38.79493" lon="-119.99511"><ele>2238.0</ele></trkpt><trkpt lat="38.79460" lon="-119.99805"><ele>2230.0</ele></trkpt><trkpt lat="38.79407" lon="-119.99773"><ele>2223.0</ele></trkpt><trkpt lat="38.79318" lon="-119.99809"><ele>2213.0</ele></trkpt><trkpt lat="38.79238" lon="-119.99893"><ele>2212.0</ele></trkpt><trkpt lat="38.79105" lon="-119.99916"><ele>2201.0</ele></trkpt><trkpt lat="38.79037" lon="-120.00007"><ele>2195.0</ele></trkpt><trkpt lat="38.78937" lon="-120.00020"><ele>2193.0</ele></trkpt><trkpt lat="38.78814" lon="-120.00132"><ele>2180.0</ele></trkpt><trkpt lat="38.78624" lon="-120.00208"><ele>2190.0</ele></trkpt><trkpt lat="38.78626" lon="-120.00180"><ele>2193.0</ele></trkpt><trkpt lat="38.78545" lon="-120.00199"><ele>2207.0</ele></trkpt><trkpt lat="38.78551" lon="-120.00156"><ele>2212.0</ele></trkpt><trkpt lat="38.78456" lon="-120.00178"><ele>2221.0</ele></trkpt><trkpt lat="38.78479" lon="-120.00115"><ele>2234.0</ele></trkpt><trkpt lat="38.78231" lon="-120.00000"><ele>2261.0</ele></trkpt><trkpt lat="38.77713" lon="-119.99994"><ele>2266.0</ele></trkpt><trkpt lat="38.77654" lon="-119.99945"><ele>2268.0</ele></trkpt><trkpt lat="38.77380" lon="-119.99881"><ele>2315.0</ele></trkpt><trkpt lat="38.77155" lon="-119.99915"><ele>2345.0</ele></trkpt><trkpt lat="38.77061" lon="-119.99895"><ele>2354.0</ele></trkpt><trkpt lat="38.76805" lon="-120.00003"><ele>2390.0</ele></trkpt><trkpt lat="38.76452" lon="-120.00043"><ele>2421.0</ele></trkpt><trkpt lat="38.76299" lon="-120.00280"><ele>2440.0</ele></trkpt><trkpt lat="38.76346" lon="-120.00359"><ele>2430.0</ele></trkpt><trkpt lat="38.76102" lon="-120.00320"><ele>2394.0</ele></trkpt><trkpt lat="38.76017" lon="-120.00355"><ele>2380.0</ele></trkpt><trkpt lat="38.76305" lon="-120.00620"><ele>2352.0</ele></trkpt><trkpt lat="38.76434" lon="-120.00664"><ele>2335.0</ele></trkpt><trkpt lat="38.76462" lon="-120.00712"><ele>2325.0</ele></trkpt><trkpt lat="38.76665" lon="-120.00641"><ele>2317.0</ele></trkpt><trkpt lat="38.76668" lon="-120.00670"><ele>2314.0</ele></trkpt><trkpt lat="38.76724" lon="-120.00661"><ele>2311.0</ele></trkpt><trkpt lat="38.76637" lon="-120.00699"><ele>2308.0</ele></trkpt><trkpt lat="38.76619" lon="-120.00774"><ele>2301.0</ele></trkpt><trkpt lat="38.76720" lon="-120.00807"><ele>2299.0</ele></trkpt><trkpt lat="38.76721" lon="-120.00862"><ele>2292.0</ele></trkpt><trkpt lat="38.76771" lon="-120.00807"><ele>2292.0</ele></trkpt><trkpt lat="38.76799" lon="-120.00839"><ele>2288.0</ele></trkpt><trkpt lat="38.76869" lon="-120.00818"><ele>2285.0</ele></trkpt><trkpt lat="38.77107" lon="-120.01174"><ele>2246.0</ele></trkpt><trkpt lat="38.77254" lon="-120.01228"><ele>2240.0</ele></trkpt><trkpt lat="38.77484" lon="-120.01405"><ele>2225.0</ele></trkpt><trkpt lat="38.78001" lon="-120.01356"><ele>2206.0</ele></trkpt><trkpt lat="38.77905" lon="-120.01453"><ele>2194.0</ele></trkpt><trkpt lat="38.78115" lon="-120.01441"><ele>2180.0</ele></trkpt><trkpt lat="38.78222" lon="-120.01510"><ele>2171.0</ele></trkpt><trkpt lat="38.78229" lon="-120.01473"><ele>2168.0</ele></trkpt><trkpt lat="38.78292" lon="-120.01441"><ele>2168.0</ele></trkpt><trkpt lat="38.78469" lon="-120.01461"><ele>2158.0</ele></trkpt><trkpt lat="38.78374" lon="-120.01506"><ele>2144.0</ele></trkpt><trkpt lat="38.78381" lon="-120.01573"><ele>2137.0</ele></trkpt><trkpt lat="38.78310" lon="-120.01623"><ele>2131.0</ele></trkpt><trkpt lat="38.78453" lon="-120.01644"><ele>2124.0</ele></trkpt><trkpt lat="38.78538" lon="-120.01714"><ele>2112.0</ele></trkpt><trkpt lat="38.78580" lon="-120.01655"><ele>2102.0</ele></trkpt><trkpt lat="38.78581" lon="-120.01730"><ele>2095.0</ele></trkpt><trkpt lat="38.78661" lon="-120.01604"><ele>2085.0</ele></trkpt><trkpt lat="38.78798" lon="-120.01658"><ele>2072.0</ele></trkpt><trkpt lat="38.78733" lon="-120.01680"><ele>2062.0</ele></trkpt><trkpt lat="38.78770" lon="-120.01710"><ele>2053.0</ele></trkpt><trkpt lat="38.78867" lon="-120.01733"><ele>2041.0</ele></trkpt><trkpt lat="38.79136" lon="-120.01669"><ele>2028.0</ele></trkpt><trkpt lat="38.79093" lon="-120.01691"><ele>2024.0</ele></trkpt><trkpt lat="38.79121" lon="-120.01750"><ele>2017.0</ele></trkpt><trkpt lat="38.79242" lon="-120.01794"><ele>2005.0</ele></trkpt><trkpt lat="38.79303" lon="-120.01767"><ele>1997.0</ele></trkpt><trkpt lat="38.79339" lon="-120.01686"><ele>1997.0</ele></trkpt><trkpt lat="38.79416" lon="-120.01658"><ele>1993.0</ele></trkpt><trkpt lat="38.79409" lon="-120.01721"><ele>1990.0</ele></trkpt><trkpt lat="38.79372" lon="-120.01740"><ele>1986.0</ele></trkpt><trkpt lat="38.79422" lon="-120.01771"><ele>1979.0</ele></trkpt><trkpt lat="38.79378" lon="-120.01803"><ele>1972.0</ele></trkpt><trkpt lat="38.79497" lon="-120.01800"><ele>1965.0</ele></trkpt><trkpt lat="38.79549" lon="-120.01757"><ele>1964.0</ele></trkpt><trkpt lat="38.79575" lon="-120.01785"><ele>1963.0</ele></trkpt><trkpt lat="38.79552" lon="-120.01750"><ele>1965.0</ele></trkpt><trkpt lat="38.79376" lon="-120.01801"><ele>1976.0</ele></trkpt><trkpt lat="38.79424" lon="-120.01767"><ele>1982.0</ele></trkpt><trkpt lat="38.79375" lon="-120.01752"><ele>1986.0</ele></trkpt><trkpt lat="38.79409" lon="-120.01729"><ele>1992.0</ele></trkpt><trkpt lat="38.79412" lon="-120.01663"><ele>1996.0</ele></trkpt><trkpt lat="38.79347" lon="-120.01678"><ele>2000.0</ele></trkpt><trkpt lat="38.79287" lon="-120.01775"><ele>2003.0</ele></trkpt><trkpt lat="38.79199" lon="-120.01784"><ele>2013.0</ele></trkpt><trkpt lat="38.79097" lon="-120.01702"><ele>2023.0</ele></trkpt><trkpt lat="38.79148" lon="-120.01670"><ele>2033.0</ele></trkpt><trkpt lat="38.79128" lon="-120.01659"><ele>2033.0</ele></trkpt><trkpt lat="38.78971" lon="-120.01667"><ele>2038.0</ele></trkpt><trkpt lat="38.78853" lon="-120.01720"><ele>2044.0</ele></trkpt><trkpt lat="38.78734" lon="-120.01687"><ele>2066.0</ele></trkpt><trkpt lat="38.78808" lon="-120.01649"><ele>2074.0</ele></trkpt><trkpt lat="38.78667" lon="-120.01597"><ele>2092.0</ele></trkpt><trkpt lat="38.78585" lon="-120.01732"><ele>2101.0</ele></trkpt><trkpt lat="38.78583" lon="-120.01653"><ele>2108.0</ele></trkpt><trkpt lat="38.78531" lon="-120.01704"><ele>2117.0</ele></trkpt><trkpt lat="38.78457" lon="-120.01638"><ele>2127.0</ele></trkpt><trkpt lat="38.78317" lon="-120.01628"><ele>2131.0</ele></trkpt><trkpt lat="38.78379" lon="-120.01588"><ele>2140.0</ele></trkpt><trkpt lat="38.78377" lon="-120.01503"><ele>2148.0</ele></trkpt><trkpt lat="38.78461" lon="-120.01450"><ele>2158.0</ele></trkpt><trkpt lat="38.78288" lon="-120.01435"><ele>2170.0</ele></trkpt><trkpt lat="38.78224" lon="-120.01470"><ele>2174.0</ele></trkpt><trkpt lat="38.78222" lon="-120.01506"><ele>2175.0</ele></trkpt><trkpt lat="38.78084" lon="-120.01429"><ele>2184.0</ele></trkpt><trkpt lat="38.77900" lon="-120.01443"><ele>2197.0</ele></trkpt><trkpt lat="38.77999" lon="-120.01372"><ele>2209.0</ele></trkpt><trkpt lat="38.77979" lon="-120.01350"><ele>2212.0</ele></trkpt><trkpt lat="38.77484" lon="-120.01398"><ele>2231.0</ele></trkpt><trkpt lat="38.77257" lon="-120.01227"><ele>2244.0</ele></trkpt><trkpt lat="38.77112" lon="-120.01168"><ele>2250.0</ele></trkpt><trkpt lat="38.76865" lon="-120.00809"><ele>2289.0</ele></trkpt><trkpt lat="38.76811" lon="-120.00838"><ele>2292.0</ele></trkpt><trkpt lat="38.76769" lon="-120.00800"><ele>2294.0</ele></trkpt><trkpt lat="38.76706" lon="-120.00854"><ele>2296.0</ele></trkpt><trkpt lat="38.76721" lon="-120.00800"><ele>2301.0</ele></trkpt><trkpt lat="38.76615" lon="-120.00759"><ele>2307.0</ele></trkpt><trkpt lat="38.76640" lon="-120.00705"><ele>2310.0</ele></trkpt><trkpt lat="38.76728" lon="-120.00661"><ele>2315.0</ele></trkpt><trkpt lat="38.76667" lon="-120.00664"><ele>2317.0</ele></trkpt><trkpt lat="38.76676" lon="-120.00634"><ele>2320.0</ele></trkpt><trkpt lat="38.76653" lon="-120.00634"><ele>2323.0</ele></trkpt><trkpt lat="38.76465" lon="-120.00706"><ele>2328.0</ele></trkpt><trkpt lat="38.76438" lon="-120.00658"><ele>2337.0</ele></trkpt><trkpt lat="38.76302" lon="-120.00605"><ele>2357.0</ele></trkpt><trkpt lat="38.76016" lon="-120.00347"><ele>2385.0</ele></trkpt><trkpt lat="38.76116" lon="-120.00325"><ele>2404.0</ele></trkpt><trkpt lat="38.76343" lon="-120.00366"><ele>2436.0</ele></trkpt><trkpt lat="38.76298" lon="-120.00284"><ele>2448.0</ele></trkpt><trkpt lat="38.76479" lon="-120.00038"><ele>2429.0</ele></trkpt><trkpt lat="38.76806" lon="-120.00011"><ele>2398.0</ele></trkpt><trkpt lat="38.76996" lon="-119.99916"><ele>2368.0</ele></trkpt><trkpt lat="38.77280" lon="-119.99885"><ele>2334.0</ele></trkpt><trkpt lat="38.77537" lon="-119.99912"><ele>2295.0</ele></trkpt><trkpt lat="38.77730" lon="-120.00001"><ele>2274.0</ele></trkpt><trkpt lat="38.78227" lon="-120.00006"><ele>2268.0</ele></trkpt><trkpt lat="38.78472" lon="-120.00116"><ele>2242.0</ele></trkpt><trkpt lat="38.78462" lon="-120.00182"><ele>2227.0</ele></trkpt><trkpt lat="38.78548" lon="-120.00161"><ele>2219.0</ele></trkpt><trkpt lat="38.78545" lon="-120.00203"><ele>2215.0</ele></trkpt><trkpt lat="38.78622" lon="-120.00183"><ele>2202.0</ele></trkpt><trkpt lat="38.78645" lon="-120.00210"><ele>2195.0</ele></trkpt><trkpt lat="38.78825" lon="-120.00142"><ele>2189.0</ele></trkpt><trkpt lat="38.78934" lon="-120.00035"><ele>2195.0</ele></trkpt><trkpt lat="38.79034" lon="-120.00022"><ele>2201.0</ele></trkpt><trkpt lat="38.79107" lon="-119.99925"><ele>2208.0</ele></trkpt><trkpt lat="38.79253" lon="-119.99894"><ele>2216.0</ele></trkpt><trkpt lat="38.79400" lon="-119.99771"><ele>2226.0</ele></trkpt><trkpt lat="38.79464" lon="-119.99801"><ele>2235.0</ele></trkpt><trkpt lat="38.79491" lon="-119.99511"><ele>2242.0</ele></trkpt><trkpt lat="38.79568" lon="-119.99488"><ele>2260.0</ele></trkpt><trkpt lat="38.79549" lon="-119.99431"><ele>2265.0</ele></trkpt><trkpt lat="38.79589" lon="-119.99444"><ele>2272.0</ele></trkpt><trkpt lat="38.79587" lon="-119.99411"><ele>2278.0</ele></trkpt><trkpt lat="38.79630" lon="-119.99406"><ele>2282.0</ele></trkpt><trkpt lat="38.79568" lon="-119.99302"><ele>2296.0</ele></trkpt><trkpt lat="38.79603" lon="-119.99228"><ele>2301.0</ele></trkpt><trkpt lat="38.79668" lon="-119.99223"><ele>2309.0</ele></trkpt><trkpt lat="38.79680" lon="-119.99168"><ele>2312.0</ele></trkpt><trkpt lat="38.79723" lon="-119.99181"><ele>2319.0</ele></trkpt><trkpt lat="38.79722" lon="-119.98737"><ele>2351.0</ele></trkpt><trkpt lat="38.79932" lon="-119.98025"><ele>2377.0</ele></trkpt><trkpt lat="38.80000" lon="-119.98146"><ele>2386.0</ele></trkpt><trkpt lat="38.79997" lon="-119.98006"><ele>2398.0</ele></trkpt><trkpt lat="38.80041" lon="-119.98054"><ele>2408.0</ele></trkpt><trkpt lat="38.80067" lon="-119.97966"><ele>2416.0</ele></trkpt><trkpt lat="38.80124" lon="-119.97928"><ele>2424.0</ele></trkpt><trkpt lat="38.80164" lon="-119.97845"><ele>2430.0</ele></trkpt><trkpt lat="38.80308" lon="-119.97747"><ele>2444.0</ele></trkpt><trkpt lat="38.80357" lon="-119.97763"><ele>2454.0</ele></trkpt><trkpt lat="38.80324" lon="-119.97833"><ele>2469.0</ele></trkpt><trkpt lat="38.80385" lon="-119.97888"><ele>2481.0</ele></trkpt><trkpt lat="38.80348" lon="-119.97917"><ele>2486.0</ele></trkpt><trkpt lat="38.80367" lon="-119.97973"><ele>2494.0</ele></trkpt><trkpt lat="38.80439" lon="-119.97996"><ele>2506.0</ele></trkpt><trkpt lat="38.80512" lon="-119.97938"><ele>2516.0</ele></trkpt><trkpt lat="38.80588" lon="-119.97954"><ele>2526.0</ele></trkpt><trkpt lat="38.80689" lon="-119.97912"><ele>2531.0</ele></trkpt><trkpt lat="38.80779" lon="-119.97772"><ele>2545.0</ele></trkpt><trkpt lat="38.80797" lon="-119.97687"><ele>2558.0</ele></trkpt><trkpt lat="38.80861" lon="-119.97784"><ele>2567.0</ele></trkpt><trkpt lat="38.80923" lon="-119.97803"><ele>2571.0</ele></trkpt><trkpt lat="38.81181" lon="-119.97632"><ele>2613.0</ele></trkpt><trkpt lat="38.81404" lon="-119.97669"><ele>2626.0</ele></trkpt><trkpt lat="38.81489" lon="-119.97513"><ele>2635.0</ele></trkpt><trkpt lat="38.81622" lon="-119.97465"><ele>2650.0</ele></trkpt><trkpt lat="38.81628" lon="-119.97318"><ele>2660.0</ele></trkpt><trkpt lat="38.81582" lon="-119.97242"><ele>2657.0</ele></trkpt><trkpt lat="38.81371" lon="-119.97235"><ele>2679.0</ele></trkpt><trkpt lat="38.81275" lon="-119.97128"><ele>2692.0</ele></trkpt><trkpt lat="38.81284" lon="-119.97097"><ele>2695.0</ele></trkpt><trkpt lat="38.81368" lon="-119.97092"><ele>2713.0</ele></trkpt><trkpt lat="38.81472" lon="-119.96960"><ele>2721.0</ele></trkpt><trkpt lat="38.81491" lon="-119.96639"><ele>2709.0</ele></trkpt><trkpt lat="38.81564" lon="-119.96505"><ele>2698.0</ele></trkpt><trkpt lat="38.81601" lon="-119.96527"><ele>2693.0</ele></trkpt><trkpt lat="38.81601" lon="-119.96468"><ele>2687.0</ele></trkpt><trkpt lat="38.81470" lon="-119.96326"><ele>2675.0</ele></trkpt><trkpt lat="38.81305" lon="-119.96385"><ele>2694.0</ele></trkpt><trkpt lat="38.81323" lon="-119.96291"><ele>2695.0</ele></trkpt><trkpt lat="38.81287" lon="-119.96233"><ele>2699.0</ele></trkpt><trkpt lat="38.81110" lon="-119.96261"><ele>2720.0</ele></trkpt><trkpt lat="38.81083" lon="-119.96209"><ele>2727.0</ele></trkpt><trkpt lat="38.81149" lon="-119.96049"><ele>2738.0</ele></trkpt><trkpt lat="38.81244" lon="-119.95945"><ele>2750.0</ele></trkpt><trkpt lat="38.81271" lon="-119.95711"><ele>2771.0</ele></trkpt><trkpt lat="38.81249" lon="-119.95499"><ele>2787.0</ele></trkpt><trkpt lat="38.81140" lon="-119.95292"><ele>2791.0</ele></trkpt><trkpt lat="38.81141" lon="-119.95255"><ele>2793.0</ele></trkpt><trkpt lat="38.81204" lon="-119.95203"><ele>2788.0</ele></trkpt><trkpt lat="38.81148" lon="-119.95089"><ele>2796.0</ele></trkpt><trkpt lat="38.81169" lon="-119.94883"><ele>2808.0</ele></trkpt><trkpt lat="38.81101" lon="-119.94693"><ele>2803.0</ele></trkpt><trkpt lat="38.81118" lon="-119.94550"><ele>2809.0</ele></trkpt><trkpt lat="38.81071" lon="-119.94480"><ele>2816.0</ele></trkpt><trkpt lat="38.80977" lon="-119.94451"><ele>2809.0</ele></trkpt><trkpt lat="38.80960" lon="-119.94253"><ele>2801.0</ele></trkpt><trkpt lat="38.81045" lon="-119.94099"><ele>2810.0</ele></trkpt><trkpt lat="38.81174" lon="-119.93969"><ele>2821.0</ele></trkpt><trkpt lat="38.81245" lon="-119.93942"><ele>2828.0</ele></trkpt><trkpt lat="38.81284" lon="-119.93763"><ele>2843.0</ele></trkpt><trkpt lat="38.81166" lon="-119.93650"><ele>2850.0</ele></trkpt><trkpt lat="38.81067" lon="-119.93321"><ele>2852.0</ele></trkpt><trkpt lat="38.81115" lon="-119.93077"><ele>2850.0</ele></trkpt><trkpt lat="38.81179" lon="-119.92998"><ele>2844.0</ele></trkpt><trkpt lat="38.81239" lon="-119.92998"><ele>2843.0</ele></trkpt><trkpt lat="38.81347" lon="-119.93083"><ele>2847.0</ele></trkpt><trkpt lat="38.81408" lon="-119.93065"><ele>2847.0</ele></trkpt><trkpt lat="38.81763" lon="-119.92764"><ele>2863.0</ele></trkpt><trkpt lat="38.81790" lon="-119.92652"><ele>2865.0</ele></trkpt><trkpt lat="38.81876" lon="-119.92583"><ele>2866.0</ele></trkpt><trkpt lat="38.81916" lon="-119.92582"><ele>2861.0</ele></trkpt><trkpt lat="38.81936" lon="-119.92662"><ele>2860.0</ele></trkpt><trkpt lat="38.81991" lon="-119.92605"><ele>2857.0</ele></trkpt><trkpt lat="38.82039" lon="-119.92648"><ele>2853.0</ele></trkpt><trkpt lat="38.82073" lon="-119.92627"><ele>2849.0</ele></trkpt><trkpt lat="38.82131" lon="-119.92309"><ele>2820.0</ele></trkpt><trkpt lat="38.82443" lon="-119.92243"><ele>2786.0</ele></trkpt><trkpt lat="38.82498" lon="-119.92291"><ele>2778.0</ele></trkpt><trkpt lat="38.82664" lon="-119.92178"><ele>2767.0</ele></trkpt><trkpt lat="38.82794" lon="-119.92012"><ele>2742.0</ele></trkpt><trkpt lat="38.82618" lon="-119.92050"><ele>2721.0</ele></trkpt><trkpt lat="38.82669" lon="-119.91972"><ele>2712.0</ele></trkpt><trkpt lat="38.82876" lon="-119.91781"><ele>2687.0</ele></trkpt><trkpt lat="38.83058" lon="-119.91546"><ele>2668.0</ele></trkpt><trkpt lat="38.83158" lon="-119.91508"><ele>2660.0</ele></trkpt><trkpt lat="38.83208" lon="-119.91345"><ele>2648.0</ele></trkpt><trkpt lat="38.83207" lon="-119.91215"><ele>2642.0</ele></trkpt><trkpt lat="38.83152" lon="-119.91234"><ele>2638.0</ele></trkpt><trkpt lat="38.83144" lon="-119.91184"><ele>2631.0</ele></trkpt><trkpt lat="38.83086" lon="-119.91191"><ele>2610.0</ele></trkpt><trkpt lat="38.83016" lon="-119.91123"><ele>2593.0</ele></trkpt><trkpt lat="38.83014" lon="-119.91075"><ele>2584.0</ele></trkpt><trkpt lat="38.82979" lon="-119.91091"><ele>2578.0</ele></trkpt><trkpt lat="38.82987" lon="-119.91068"><ele>2575.0</ele></trkpt><trkpt lat="38.82912" lon="-119.91041"><ele>2563.0</ele></trkpt><trkpt lat="38.82883" lon="-119.90985"><ele>2554.0</ele></trkpt><trkpt lat="38.82914" lon="-119.90464"><ele>2538.0</ele></trkpt><trkpt lat="38.82996" lon="-119.90329"><ele>2527.0</ele></trkpt><trkpt lat="38.82870" lon="-119.90306"><ele>2514.0</ele></trkpt><trkpt lat="38.82954" lon="-119.90236"><ele>2510.0</ele></trkpt><trkpt lat="38.83002" lon="-119.90085"><ele>2508.0</ele></trkpt><trkpt lat="38.82947" lon="-119.90166"><ele>2510.0</ele></trkpt><trkpt lat="38.82943" lon="-119.90248"><ele>2514.0</ele></trkpt><trkpt lat="38.82872" lon="-119.90302"><ele>2517.0</ele></trkpt><trkpt lat="38.82994" lon="-119.90332"><ele>2531.0</ele></trkpt><trkpt lat="38.82911" lon="-119.90488"><ele>2544.0</ele></trkpt><trkpt lat="38.82903" lon="-119.90734"><ele>2548.0</ele></trkpt><trkpt lat="38.82875" lon="-119.90811"><ele>2552.0</ele></trkpt><trkpt lat="38.82889" lon="-119.91023"><ele>2562.0</ele></trkpt><trkpt lat="38.82975" lon="-119.91088"><ele>2582.0</ele></trkpt><trkpt lat="38.83012" lon="-119.91075"><ele>2587.0</ele></trkpt><trkpt lat="38.83014" lon="-119.91131"><ele>2597.0</ele></trkpt><trkpt lat="38.83085" lon="-119.91200"><ele>2615.0</ele></trkpt><trkpt lat="38.83102" lon="-119.91170"><ele>2623.0</ele></trkpt><trkpt lat="38.83136" lon="-119.91185"><ele>2634.0</ele></trkpt><trkpt lat="38.83148" lon="-119.91236"><ele>2643.0</ele></trkpt><trkpt lat="38.83348" lon="-119.91164"><ele>2649.0</ele></trkpt><trkpt lat="38.83566" lon="-119.91242"><ele>2638.0</ele></trkpt><trkpt lat="38.83610" lon="-119.91295"><ele>2633.0</ele></trkpt><trkpt lat="38.83677" lon="-119.91284"><ele>2637.0</ele></trkpt><trkpt lat="38.84045" lon="-119.91537"><ele>2646.0</ele></trkpt><trkpt lat="38.84158" lon="-119.91685"><ele>2642.0</ele></trkpt><trkpt lat="38.84360" lon="-119.91825"><ele>2651.0</ele></trkpt><trkpt lat="38.84638" lon="-119.91912"><ele>2678.0</ele></trkpt><trkpt lat="38.84892" lon="-119.91832"><ele>2707.0</ele></trkpt><trkpt lat="38.85313" lon="-119.91517"><ele>2753.0</ele></trkpt><trkpt lat="38.85598" lon="-119.91376"><ele>2791.0</ele></trkpt><trkpt lat="38.85777" lon="-119.91334"><ele>2811.0</ele></trkpt><trkpt lat="38.85587" lon="-119.91283"><ele>2833.0</ele></trkpt><trkpt lat="38.85368" lon="-119.91303"><ele>2850.0</ele></trkpt><trkpt lat="38.85407" lon="-119.91277"><ele>2859.0</ele></trkpt><trkpt lat="38.86197" lon="-119.90991"><ele>2953.0</ele></trkpt><trkpt lat="38.86337" lon="-119.91040"><ele>2972.0</ele></trkpt><trkpt lat="38.86376" lon="-119.91115"><ele>2967.0</ele></trkpt><trkpt lat="38.86443" lon="-119.91128"><ele>2954.0</ele></trkpt><trkpt lat="38.86412" lon="-119.91036"><ele>2947.0</ele></trkpt><trkpt lat="38.86425" lon="-119.90780"><ele>2918.0</ele></trkpt><trkpt lat="38.86544" lon="-119.90684"><ele>2899.0</ele></trkpt><trkpt lat="38.86590" lon="-119.90372"><ele>2886.0</ele></trkpt><trkpt lat="38.86706" lon="-119.90289"><ele>2865.0</ele></trkpt><trkpt lat="38.86732" lon="-119.90192"><ele>2855.0</ele></trkpt><trkpt lat="38.86772" lon="-119.90210"><ele>2849.0</ele></trkpt><trkpt lat="38.87059" lon="-119.90041"><ele>2842.0</ele></trkpt><trkpt lat="38.87092" lon="-119.89900"><ele>2836.0</ele></trkpt><trkpt lat="38.87073" lon="-119.89756"><ele>2835.0</ele></trkpt><trkpt lat="38.87105" lon="-119.89553"><ele>2829.0</ele></trkpt><trkpt lat="38.87167" lon="-119.89358"><ele>2824.0</ele></trkpt><trkpt lat="38.87291" lon="-119.89268"><ele>2821.0</ele></trkpt><trkpt lat="38.87436" lon="-119.89235"><ele>2813.0</ele></trkpt><trkpt lat="38.87552" lon="-119.89056"><ele>2798.0</ele></trkpt><trkpt lat="38.87744" lon="-119.89029"><ele>2783.0</ele></trkpt><trkpt lat="38.87839" lon="-119.89334"><ele>2769.0</ele></trkpt><trkpt lat="38.87925" lon="-119.89363"><ele>2761.0</ele></trkpt><trkpt lat="38.88143" lon="-119.89235"><ele>2734.0</ele></trkpt><trkpt lat="38.88265" lon="-119.89205"><ele>2720.0</ele></trkpt><trkpt lat="38.88569" lon="-119.88975"><ele>2691.0</ele></trkpt><trkpt lat="38.88935" lon="-119.88805"><ele>2653.0</ele></trkpt><trkpt lat="38.89030" lon="-119.88932"><ele>2651.0</ele></trkpt><trkpt lat="38.89139" lon="-119.89174"><ele>2642.0</ele></trkpt><trkpt lat="38.89278" lon="-119.89249"><ele>2634.0</ele></trkpt><trkpt lat="38.89553" lon="-119.89108"><ele>2628.0</ele></trkpt><trkpt lat="38.89796" lon="-119.88881"><ele>2644.0</ele></trkpt><trkpt lat="38.89988" lon="-119.88764"><ele>2649.0</ele></trkpt><trkpt lat="38.90167" lon="-119.88805"><ele>2662.0</ele></trkpt><trkpt lat="38.90385" lon="-119.88803"><ele>2668.0</ele></trkpt><trkpt lat="38.90613" lon="-119.88626"><ele>2670.0</ele></trkpt><trkpt lat="38.90862" lon="-119.88546"><ele>2670.0</ele></trkpt><trkpt lat="38.90976" lon="-119.88547"><ele>2671.0</ele></trkpt><trkpt lat="38.91050" lon="-119.88501"><ele>2677.0</ele></trkpt><trkpt lat="38.91088" lon="-119.88513"><ele>2681.0</ele></trkpt><trkpt lat="38.91124" lon="-119.88604"><ele>2683.0</ele></trkpt><trkpt lat="38.91112" lon="-119.88710"><ele>2690.0</ele></trkpt><trkpt lat="38.91158" lon="-119.88768"><ele>2686.0</ele></trkpt><trkpt lat="38.91225" lon="-119.88781"><ele>2686.0</ele></trkpt><trkpt lat="38.91284" lon="-119.88725"><ele>2688.0</ele></trkpt><trkpt lat="38.91419" lon="-119.88714"><ele>2687.0</ele></trkpt><trkpt lat="38.91523" lon="-119.88810"><ele>2684.0</ele></trkpt><trkpt lat="38.91716" lon="-119.88874"><ele>2693.0</ele></trkpt><trkpt lat="38.91756" lon="-119.88998"><ele>2694.0</ele></trkpt><trkpt lat="38.91888" lon="-119.89061"><ele>2690.0</ele></trkpt><trkpt lat="38.92366" lon="-119.88931"><ele>2609.0</ele></trkpt><trkpt lat="38.92510" lon="-119.88852"><ele>2598.0</ele></trkpt><trkpt lat="38.92576" lon="-119.88742"><ele>2589.0</ele></trkpt><trkpt lat="38.92725" lon="-119.88783"><ele>2579.0</ele></trkpt><trkpt lat="38.92793" lon="-119.88854"><ele>2574.0</ele></trkpt><trkpt lat="38.92801" lon="-119.88941"><ele>2574.0</ele></trkpt><trkpt lat="38.92885" lon="-119.88961"><ele>2574.0</ele></trkpt><trkpt lat="38.92901" lon="-119.88768"><ele>2568.0</ele></trkpt><trkpt lat="38.92962" lon="-119.88686"><ele>2563.0</ele></trkpt><trkpt lat="38.93138" lon="-119.88723"><ele>2549.0</ele></trkpt><trkpt lat="38.93182" lon="-119.88938"><ele>2534.0</ele></trkpt><trkpt lat="38.93301" lon="-119.89096"><ele>2547.0</ele></trkpt><trkpt lat="38.93353" lon="-119.88996"><ele>2552.0</ele></trkpt><trkpt lat="38.93391" lon="-119.89009"><ele>2554.0</ele></trkpt><trkpt lat="38.93427" lon="-119.88975"><ele>2555.0</ele></trkpt><trkpt lat="38.93418" lon="-119.88799"><ele>2563.0</ele></trkpt><trkpt lat="38.93465" lon="-119.88575"><ele>2568.0</ele></trkpt><trkpt lat="38.93531" lon="-119.88597"><ele>2571.0</ele></trkpt><trkpt lat="38.93587" lon="-119.88677"><ele>2576.0</ele></trkpt><trkpt lat="38.93607" lon="-119.88805"><ele>2585.0</ele></trkpt><trkpt lat="38.93707" lon="-119.88932"><ele>2594.0</ele></trkpt><trkpt lat="38.93743" lon="-119.89035"><ele>2605.0</ele></trkpt><trkpt lat="38.93833" lon="-119.89071"><ele>2608.0</ele></trkpt><trkpt lat="38.93963" lon="-119.88806"><ele>2590.0</ele></trkpt><trkpt lat="38.93968" lon="-119.88491"><ele>2568.0</ele></trkpt><trkpt lat="38.94015" lon="-119.88373"><ele>2554.0</ele></trkpt><trkpt lat="38.94035" lon="-119.88209"><ele>2543.0</ele></trkpt><trkpt lat="38.94123" lon="-119.88207"><ele>2530.0</ele></trkpt><trkpt lat="38.94102" lon="-119.88041"><ele>2513.0</ele></trkpt><trkpt lat="38.94354" lon="-119.88283"><ele>2496.0</ele></trkpt><trkpt lat="38.94416" lon="-119.88245"><ele>2488.0</ele></trkpt><trkpt lat="38.94470" lon="-119.88126"><ele>2486.0</ele></trkpt><trkpt lat="38.94555" lon="-119.88067"><ele>2479.0</ele></trkpt><trkpt lat="38.94618" lon="-119.88097"><ele>2474.0</ele></trkpt><trkpt lat="38.94646" lon="-119.88137"><ele>2474.0</ele></trkpt><trkpt lat="38.94601" lon="-119.88210"><ele>2470.0</ele></trkpt><trkpt lat="38.94603" lon="-119.88331"><ele>2463.0</ele></trkpt><trkpt lat="38.94777" lon="-119.88438"><ele>2475.0</ele></trkpt><trkpt lat="38.94906" lon="-119.88768"><ele>2496.0</ele></trkpt><trkpt lat="38.95054" lon="-119.88871"><ele>2497.0</ele></trkpt><trkpt lat="38.95374" lon="-119.88835"><ele>2469.0</ele></trkpt><trkpt lat="38.95499" lon="-119.88532"><ele>2442.0</ele></trkpt><trkpt lat="38.95481" lon="-119.88292"><ele>2424.0</ele></trkpt><trkpt lat="38.95562" lon="-119.88600"><ele>2401.0</ele></trkpt><trkpt lat="38.95569" lon="-119.88863"><ele>2377.0</ele></trkpt><trkpt lat="38.95630" lon="-119.88699"><ele>2361.0</ele></trkpt><trkpt lat="38.95666" lon="-119.88720"><ele>2357.0</ele></trkpt><trkpt lat="38.95692" lon="-119.88644"><ele>2356.0</ele></trkpt><trkpt lat="38.95763" lon="-119.88591"><ele>2349.0</ele></trkpt><trkpt lat="38.95882" lon="-119.88579"><ele>2344.0</ele></trkpt><trkpt lat="38.95958" lon="-119.88645"><ele>2328.0</ele></trkpt><trkpt lat="38.95970" lon="-119.88738"><ele>2318.0</ele></trkpt><trkpt lat="38.96088" lon="-119.88577"><ele>2284.0</ele></trkpt><trkpt lat="38.95974" lon="-119.88734"><ele>2315.0</ele></trkpt><trkpt lat="38.95963" lon="-119.88644"><ele>2325.0</ele></trkpt><trkpt lat="38.95829" lon="-119.88557"><ele>2343.0</ele></trkpt><trkpt lat="38.95698" lon="-119.88627"><ele>2350.0</ele></trkpt><trkpt lat="38.95658" lon="-119.88714"><ele>2355.0</ele></trkpt><trkpt lat="38.95627" lon="-119.88693"><ele>2357.0</ele></trkpt><trkpt lat="38.95577" lon="-119.88905"><ele>2374.0</ele></trkpt><trkpt lat="38.95649" lon="-119.88943"><ele>2381.0</ele></trkpt><trkpt lat="38.95619" lon="-119.89097"><ele>2391.0</ele></trkpt><trkpt lat="38.95687" lon="-119.89271"><ele>2391.0</ele></trkpt><trkpt lat="38.95698" lon="-119.89388"><ele>2386.0</ele></trkpt><trkpt lat="38.95595" lon="-119.89504"><ele>2382.0</ele></trkpt><trkpt lat="38.95590" lon="-119.89548"><ele>2380.0</ele></trkpt><trkpt lat="38.95876" lon="-119.89541"><ele>2374.0</ele></trkpt><trkpt lat="38.95944" lon="-119.89464"><ele>2363.0</ele></trkpt><trkpt lat="38.95963" lon="-119.89556"><ele>2353.0</ele></trkpt><trkpt lat="38.95990" lon="-119.89535"><ele>2348.0</ele></trkpt><trkpt lat="38.95999" lon="-119.89575"><ele>2342.0</ele></trkpt><trkpt lat="38.96098" lon="-119.89483"><ele>2326.0</ele></trkpt><trkpt lat="38.96125" lon="-119.89542"><ele>2319.0</ele></trkpt><trkpt lat="38.96060" lon="-119.89549"><ele>2320.0</ele></trkpt><trkpt lat="38.96041" lon="-119.89587"><ele>2320.0</ele></trkpt><trkpt lat="38.96059" lon="-119.89760"><ele>2307.0</ele></trkpt><trkpt lat="38.96194" lon="-119.89940"><ele>2277.0</ele></trkpt><trkpt lat="38.96264" lon="-119.90105"><ele>2258.0</ele></trkpt><trkpt lat="38.96298" lon="-119.90090"><ele>2253.0</ele></trkpt><trkpt lat="38.96276" lon="-119.89893"><ele>2240.0</ele></trkpt><trkpt lat="38.96309" lon="-119.89844"><ele>2234.0</ele></trkpt><trkpt lat="38.96356" lon="-119.90011"><ele>2214.0</ele></trkpt><trkpt lat="38.96457" lon="-119.90034"><ele>2211.0</ele></trkpt><trkpt lat="38.96467" lon="-119.90173"><ele>2197.0</ele></trkpt><trkpt lat="38.96532" lon="-119.90173"><ele>2184.0</ele></trkpt><trkpt lat="38.96558" lon="-119.90132"><ele>2180.0</ele></trkpt><trkpt lat="38.96617" lon="-119.90241"><ele>2180.0</ele></trkpt><trkpt lat="38.96663" lon="-119.90226"><ele>2180.0</ele></trkpt><trkpt lat="38.96702" lon="-119.90146"><ele>2173.0</ele></trkpt><trkpt lat="38.96759" lon="-119.90096"><ele>2176.0</ele></trkpt><trkpt lat="38.96775" lon="-119.90139"><ele>2182.0</ele></trkpt><trkpt lat="38.96840" lon="-119.90043"><ele>2190.0</ele></trkpt><trkpt lat="38.96787" lon="-119.89892"><ele>2184.0</ele></trkpt><trkpt lat="38.96810" lon="-119.89698"><ele>2172.0</ele></trkpt><trkpt lat="38.96749" lon="-119.89581"><ele>2160.0</ele></trkpt><trkpt lat="38.96882" lon="-119.89587"><ele>2160.0</ele></trkpt><trkpt lat="38.96933" lon="-119.89656"><ele>2160.0</ele></trkpt><trkpt lat="38.97006" lon="-119.89542"><ele>2155.0</ele></trkpt><trkpt lat="38.97010" lon="-119.89763"><ele>2137.0</ele></trkpt><trkpt lat="38.97075" lon="-119.89892"><ele>2131.0</ele></trkpt><trkpt lat="38.97057" lon="-119.89970"><ele>2135.0</ele></trkpt><trkpt lat="38.97090" lon="-119.90038"><ele>2141.0</ele></trkpt><trkpt lat="38.97208" lon="-119.90050"><ele>2157.0</ele></trkpt><trkpt lat="38.97308" lon="-119.89893"><ele>2163.0</ele></trkpt><trkpt lat="38.97382" lon="-119.89890"><ele>2163.0</ele></trkpt><trkpt lat="38.97456" lon="-119.89803"><ele>2182.0</ele></trkpt><trkpt lat="38.97656" lon="-119.89802"><ele>2178.0</ele></trkpt><trkpt lat="38.97717" lon="-119.89757"><ele>2171.0</ele></trkpt><trkpt lat="38.97734" lon="-119.89786"><ele>2166.0</ele></trkpt><trkpt lat="38.97689" lon="-119.89830"><ele>2164.0</ele></trkpt><trkpt lat="38.97694" lon="-119.89875"><ele>2166.0</ele></trkpt><trkpt lat="38.97747" lon="-119.89874"><ele>2176.0</ele></trkpt><trkpt lat="38.97758" lon="-119.89916"><ele>2181.0</ele></trkpt><trkpt lat="38.97864" lon="-119.89850"><ele>2199.0</ele></trkpt><trkpt lat="38.97883" lon="-119.89928"><ele>2199.0</ele></trkpt><trkpt lat="38.97916" lon="-119.89949"><ele>2207.0</ele></trkpt><trkpt lat="38.97992" lon="-119.89990"><ele>2214.0</ele></trkpt><trkpt lat="38.98069" lon="-119.89975"><ele>2225.0</ele></trkpt><trkpt lat="38.98129" lon="-119.90048"><ele>2230.0</ele></trkpt><trkpt lat="38.98121" lon="-119.90114"><ele>2234.0</ele></trkpt><trkpt lat="38.98169" lon="-119.90199"><ele>2241.0</ele></trkpt><trkpt lat="38.98194" lon="-119.90150"><ele>2247.0</ele></trkpt><trkpt lat="38.98267" lon="-119.90167"><ele>2256.0</ele></trkpt><trkpt lat="38.98361" lon="-119.90108"><ele>2274.0</ele></trkpt><trkpt lat="38.98415" lon="-119.90123"><ele>2281.0</ele></trkpt><trkpt lat="38.98423" lon="-119.90075"><ele>2286.0</ele></trkpt><trkpt lat="38.98532" lon="-119.90136"><ele>2296.0</ele></trkpt><trkpt lat="38.98557" lon="-119.90085"><ele>2293.0</ele></trkpt><trkpt lat="38.98513" lon="-119.90039"><ele>2290.0</ele></trkpt><trkpt lat="38.98644" lon="-119.89954"><ele>2278.0</ele></trkpt><trkpt lat="38.98684" lon="-119.89996"><ele>2279.0</ele></trkpt><trkpt lat="38.98707" lon="-119.90114"><ele>2281.0</ele></trkpt><trkpt lat="38.98819" lon="-119.90162"><ele>2273.0</ele></trkpt><trkpt lat="38.98944" lon="-119.90126"><ele>2272.0</ele></trkpt><trkpt lat="38.99055" lon="-119.90387"><ele>2298.0</ele></trkpt><trkpt lat="38.99274" lon="-119.90522"><ele>2320.0</ele></trkpt><trkpt lat="38.99352" lon="-119.90689"><ele>2330.0</ele></trkpt><trkpt lat="38.99606" lon="-119.90807"><ele>2352.0</ele></trkpt><trkpt lat="38.99689" lon="-119.90753"><ele>2359.0</ele></trkpt><trkpt lat="38.99651" lon="-119.90688"><ele>2365.0</ele></trkpt><trkpt lat="38.99718" lon="-119.90677"><ele>2375.0</ele></trkpt><trkpt lat="38.99814" lon="-119.90548"><ele>2394.0</ele></trkpt><trkpt lat="38.99745" lon="-119.90530"><ele>2399.0</ele></trkpt><trkpt lat="38.99763" lon="-119.90475"><ele>2406.0</ele></trkpt><trkpt lat="38.99742" lon="-119.90451"><ele>2408.0</ele></trkpt><trkpt lat="38.99689" lon="-119.90452"><ele>2413.0</ele></trkpt><trkpt lat="38.99695" lon="-119.90369"><ele>2407.0</ele></trkpt><trkpt lat="39.00071" lon="-119.90185"><ele>2377.0</ele></trkpt><trkpt lat="39.00161" lon="-119.90066"><ele>2368.0</ele></trkpt><trkpt lat="39.00156" lon="-119.89985"><ele>2364.0</ele></trkpt><trkpt lat="39.00200" lon="-119.89967"><ele>2362.0</ele></trkpt><trkpt lat="39.00287" lon="-119.89812"><ele>2364.0</ele></trkpt><trkpt lat="39.00391" lon="-119.89802"><ele>2379.0</ele></trkpt><trkpt lat="39.00393" lon="-119.89907"><ele>2389.0</ele></trkpt><trkpt lat="39.00422" lon="-119.89929"><ele>2392.0</ele></trkpt><trkpt lat="39.00579" lon="-119.89884"><ele>2395.0</ele></trkpt><trkpt lat="39.00645" lon="-119.90009"><ele>2396.0</ele></trkpt><trkpt lat="39.00713" lon="-119.89972"><ele>2391.0</ele></trkpt><trkpt lat="39.00773" lon="-119.90075"><ele>2390.0</ele></trkpt><trkpt lat="39.00873" lon="-119.90077"><ele>2394.0</ele></trkpt><trkpt lat="39.01014" lon="-119.89985"><ele>2403.0</ele></trkpt><trkpt lat="39.01127" lon="-119.89800"><ele>2414.0</ele></trkpt><trkpt lat="39.01174" lon="-119.89624"><ele>2428.0</ele></trkpt><trkpt lat="39.01266" lon="-119.89625"><ele>2430.0</ele></trkpt><trkpt lat="39.01387" lon="-119.89504"><ele>2432.0</ele></trkpt><trkpt lat="39.01430" lon="-119.89707"><ele>2449.0</ele></trkpt><trkpt lat="39.01579" lon="-119.89724"><ele>2444.0</ele></trkpt><trkpt lat="39.01609" lon="-119.89689"><ele>2441.0</ele></trkpt><trkpt lat="39.01693" lon="-119.89710"><ele>2434.0</ele></trkpt><trkpt lat="39.01763" lon="-119.89669"><ele>2432.0</ele></trkpt><trkpt lat="39.01864" lon="-119.89855"><ele>2430.0</ele></trkpt><trkpt lat="39.02002" lon="-119.89797"><ele>2444.0</ele></trkpt><trkpt lat="39.02055" lon="-119.89884"><ele>2451.0</ele></trkpt><trkpt lat="39.02039" lon="-119.89928"><ele>2449.0</ele></trkpt><trkpt lat="39.02150" lon="-119.89898"><ele>2446.0</ele></trkpt><trkpt lat="39.02225" lon="-119.89972"><ele>2445.0</ele></trkpt><trkpt lat="39.02266" lon="-119.89920"><ele>2440.0</ele></trkpt><trkpt lat="39.02314" lon="-119.89926"><ele>2433.0</ele></trkpt><trkpt lat="39.02368" lon="-119.90056"><ele>2432.0</ele></trkpt><trkpt lat="39.02400" lon="-119.90056"><ele>2432.0</ele></trkpt><trkpt lat="39.02501" lon="-119.89926"><ele>2448.0</ele></trkpt><trkpt lat="39.02566" lon="-119.89946"><ele>2457.0</ele></trkpt><trkpt lat="39.02627" lon="-119.89845"><ele>2460.0</ele></trkpt><trkpt lat="39.02701" lon="-119.89925"><ele>2466.0</ele></trkpt><trkpt lat="39.02672" lon="-119.90041"><ele>2467.0</ele></trkpt><trkpt lat="39.02702" lon="-119.90184"><ele>2469.0</ele></trkpt><trkpt lat="39.02775" lon="-119.90218"><ele>2469.0</ele></trkpt><trkpt lat="39.02819" lon="-119.90179"><ele>2474.0</ele></trkpt><trkpt lat="39.02971" lon="-119.90167"><ele>2482.0</ele></trkpt><trkpt lat="39.03117" lon="-119.90233"><ele>2493.0</ele></trkpt><trkpt lat="39.03144" lon="-119.90284"><ele>2496.0</ele></trkpt><trkpt lat="39.03254" lon="-119.90302"><ele>2496.0</ele></trkpt><trkpt lat="39.03361" lon="-119.90414"><ele>2497.0</ele></trkpt><trkpt lat="39.03402" lon="-119.90338"><ele>2506.0</ele></trkpt><trkpt lat="39.03452" lon="-119.90350"><ele>2509.0</ele></trkpt><trkpt lat="39.03509" lon="-119.90260"><ele>2519.0</ele></trkpt><trkpt lat="39.03648" lon="-119.90165"><ele>2532.0</ele></trkpt><trkpt lat="39.03668" lon="-119.90131"><ele>2535.0</ele></trkpt><trkpt lat="39.03647" lon="-119.90060"><ele>2537.0</ele></trkpt><trkpt lat="39.03706" lon="-119.90001"><ele>2542.0</ele></trkpt><trkpt lat="39.03898" lon="-119.89992"><ele>2546.0</ele></trkpt><trkpt lat="39.04226" lon="-119.89778"><ele>2555.0</ele></trkpt><trkpt lat="39.04217" lon="-119.89676"><ele>2559.0</ele></trkpt><trkpt lat="39.03994" lon="-119.89448"><ele>2557.0</ele></trkpt><trkpt lat="39.03967" lon="-119.89348"><ele>2553.0</ele></trkpt><trkpt lat="39.04073" lon="-119.89283"><ele>2563.0</ele></trkpt><trkpt lat="39.04036" lon="-119.89169"><ele>2574.0</ele></trkpt><trkpt lat="39.04321" lon="-119.89192"><ele>2593.0</ele></trkpt><trkpt lat="39.04709" lon="-119.89086"><ele>2608.0</ele></trkpt><trkpt lat="39.04850" lon="-119.89111"><ele>2616.0</ele></trkpt><trkpt lat="39.04870" lon="-119.88986"><ele>2629.0</ele></trkpt><trkpt lat="39.04975" lon="-119.88920"><ele>2640.0</ele></trkpt><trkpt lat="39.05129" lon="-119.88928"><ele>2652.0</ele></trkpt><trkpt lat="39.05115" lon="-119.89077"><ele>2665.0</ele></trkpt><trkpt lat="39.05311" lon="-119.89119"><ele>2680.0</ele></trkpt><trkpt lat="39.05446" lon="-119.89217"><ele>2687.0</ele></trkpt><trkpt lat="39.05641" lon="-119.89446"><ele>2677.0</ele></trkpt><trkpt lat="39.05678" lon="-119.89570"><ele>2679.0</ele></trkpt><trkpt lat="39.05842" lon="-119.89628"><ele>2678.0</ele></trkpt><trkpt lat="39.05925" lon="-119.89730"><ele>2679.0</ele></trkpt><trkpt lat="39.06118" lon="-119.89806"><ele>2683.0</ele></trkpt><trkpt lat="39.06140" lon="-119.89874"><ele>2685.0</ele></trkpt><trkpt lat="39.06271" lon="-119.89991"><ele>2668.0</ele></trkpt><trkpt lat="39.06323" lon="-119.89547"><ele>2631.0</ele></trkpt><trkpt lat="39.06668" lon="-119.89276"><ele>2582.0</ele></trkpt><trkpt lat="39.06659" lon="-119.89199"><ele>2576.0</ele></trkpt><trkpt lat="39.06783" lon="-119.89194"><ele>2558.0</ele></trkpt><trkpt lat="39.06854" lon="-119.89268"><ele>2547.0</ele></trkpt><trkpt lat="39.06829" lon="-119.89578"><ele>2519.0</ele></trkpt><trkpt lat="39.07143" lon="-119.89209"><ele>2473.0</ele></trkpt><trkpt lat="39.07283" lon="-119.89282"><ele>2465.0</ele></trkpt><trkpt lat="39.07322" lon="-119.89266"><ele>2460.0</ele></trkpt><trkpt lat="39.07377" lon="-119.89168"><ele>2449.0</ele></trkpt><trkpt lat="39.07406" lon="-119.88924"><ele>2444.0</ele></trkpt><trkpt lat="39.07480" lon="-119.88957"><ele>2450.0</ele></trkpt><trkpt lat="39.07543" lon="-119.88895"><ele>2453.0</ele></trkpt><trkpt lat="39.07566" lon="-119.88695"><ele>2460.0</ele></trkpt><trkpt lat="39.07825" lon="-119.88577"><ele>2435.0</ele></trkpt><trkpt lat="39.07865" lon="-119.88606"><ele>2431.0</ele></trkpt><trkpt lat="39.07946" lon="-119.88580"><ele>2420.0</ele></trkpt><trkpt lat="39.08026" lon="-119.88509"><ele>2411.0</ele></trkpt><trkpt lat="39.08361" lon="-119.88564"><ele>2380.0</ele></trkpt><trkpt lat="39.08481" lon="-119.88643"><ele>2368.0</ele></trkpt><trkpt lat="39.08534" lon="-119.88725"><ele>2366.0</ele></trkpt><trkpt lat="39.08640" lon="-119.88710"><ele>2363.0</ele></trkpt><trkpt lat="39.08661" lon="-119.88806"><ele>2365.0</ele></trkpt><trkpt lat="39.08756" lon="-119.88886"><ele>2370.0</ele></trkpt><trkpt lat="39.08835" lon="-119.89027"><ele>2373.0</ele></trkpt><trkpt lat="39.08837" lon="-119.89162"><ele>2367.0</ele></trkpt><trkpt lat="39.08879" lon="-119.89261"><ele>2363.0</ele></trkpt><trkpt lat="39.08811" lon="-119.89338"><ele>2370.0</ele></trkpt><trkpt lat="39.08826" lon="-119.89393"><ele>2375.0</ele></trkpt><trkpt lat="39.08961" lon="-119.89410"><ele>2369.0</ele></trkpt><trkpt lat="39.08989" lon="-119.89347"><ele>2364.0</ele></trkpt><trkpt lat="39.09062" lon="-119.89298"><ele>2356.0</ele></trkpt><trkpt lat="39.09085" lon="-119.89413"><ele>2346.0</ele></trkpt><trkpt lat="39.09147" lon="-119.89518"><ele>2346.0</ele></trkpt><trkpt lat="39.09273" lon="-119.89538"><ele>2340.0</ele></trkpt><trkpt lat="39.09378" lon="-119.89715"><ele>2343.0</ele></trkpt><trkpt lat="39.09555" lon="-119.89776"><ele>2345.0</ele></trkpt><trkpt lat="39.09702" lon="-119.89654"><ele>2323.0</ele></trkpt><trkpt lat="39.09786" lon="-119.89688"><ele>2313.0</ele></trkpt><trkpt lat="39.09815" lon="-119.89751"><ele>2308.0</ele></trkpt><trkpt lat="39.09846" lon="-119.89693"><ele>2299.0</ele></trkpt><trkpt lat="39.09963" lon="-119.89847"><ele>2285.0</ele></trkpt><trkpt lat="39.10000" lon="-119.89857"><ele>2284.0</ele></trkpt><trkpt lat="39.10057" lon="-119.89785"><ele>2276.0</ele></trkpt><trkpt lat="39.10104" lon="-119.89889"><ele>2264.0</ele></trkpt><trkpt lat="39.10086" lon="-119.89928"><ele>2262.0</ele></trkpt><trkpt lat="39.10118" lon="-119.89934"><ele>2256.0</ele></trkpt><trkpt lat="39.10211" lon="-119.89733"><ele>2236.0</ele></trkpt><trkpt lat="39.10220" lon="-119.89588"><ele>2223.0</ele></trkpt><trkpt lat="39.10190" lon="-119.89536"><ele>2216.0</ele></trkpt><trkpt lat="39.10233" lon="-119.89523"><ele>2209.0</ele></trkpt><trkpt lat="39.10267" lon="-119.89577"><ele>2200.0</ele></trkpt><trkpt lat="39.10287" lon="-119.89534"><ele>2194.0</ele></trkpt><trkpt lat="39.10307" lon="-119.89594"><ele>2189.0</ele></trkpt><trkpt lat="39.10338" lon="-119.89533"><ele>2180.0</ele></trkpt><trkpt lat="39.10396" lon="-119.89577"><ele>2172.0</ele></trkpt><trkpt lat="39.10439" lon="-119.89690"><ele>2177.0</ele></trkpt><trkpt lat="39.10526" lon="-119.89761"><ele>2186.0</ele></trkpt><trkpt lat="39.10670" lon="-119.90045"><ele>2196.0</ele></trkpt><trkpt lat="39.10796" lon="-119.90120"><ele>2197.0</ele></trkpt><trkpt lat="39.10898" lon="-119.90110"><ele>2201.0</ele></trkpt><trkpt lat="39.11033" lon="-119.90040"><ele>2225.0</ele></trkpt><trkpt lat="39.11081" lon="-119.89883"><ele>2239.0</ele></trkpt><trkpt lat="39.11106" lon="-119.89873"><ele>2242.0</ele></trkpt><trkpt lat="39.11134" lon="-119.90007"><ele>2252.0</ele></trkpt><trkpt lat="39.11192" lon="-119.90059"><ele>2259.0</ele></trkpt><trkpt lat="39.11301" lon="-119.90059"><ele>2268.0</ele></trkpt><trkpt lat="39.11315" lon="-119.90145"><ele>2272.0</ele></trkpt><trkpt lat="39.11361" lon="-119.90192"><ele>2275.0</ele></trkpt><trkpt lat="39.11405" lon="-119.90201"><ele>2279.0</ele></trkpt><trkpt lat="39.11503" lon="-119.90094"><ele>2281.0</ele></trkpt><trkpt lat="39.11540" lon="-119.90175"><ele>2279.0</ele></trkpt><trkpt lat="39.11589" lon="-119.90152"><ele>2285.0</ele></trkpt><trkpt lat="39.11589" lon="-119.90228"><ele>2293.0</ele></trkpt><trkpt lat="39.11681" lon="-119.90126"><ele>2308.0</ele></trkpt><trkpt lat="39.11682" lon="-119.90058"><ele>2312.0</ele></trkpt><trkpt lat="39.11737" lon="-119.89973"><ele>2324.0</ele></trkpt><trkpt lat="39.11908" lon="-119.89829"><ele>2343.0</ele></trkpt><trkpt lat="39.11926" lon="-119.89942"><ele>2357.0</ele></trkpt><trkpt lat="39.11951" lon="-119.89954"><ele>2358.0</ele></trkpt><trkpt lat="39.12094" lon="-119.89857"><ele>2377.0</ele></trkpt><trkpt lat="39.12095" lon="-119.89985"><ele>2393.0</ele></trkpt><trkpt lat="39.12145" lon="-119.90006"><ele>2397.0</ele></trkpt><trkpt lat="39.12326" lon="-119.89744"><ele>2433.0</ele></trkpt><trkpt lat="39.12314" lon="-119.89851"><ele>2433.0</ele></trkpt><trkpt lat="39.12354" lon="-119.90018"><ele>2431.0</ele></trkpt><trkpt lat="39.12399" lon="-119.90046"><ele>2428.0</ele></trkpt><trkpt lat="39.12469" lon="-119.90014"><ele>2431.0</ele></trkpt><trkpt lat="39.12340" lon="-119.90190"><ele>2451.0</ele></trkpt><trkpt lat="39.12514" lon="-119.90157"><ele>2470.0</ele></trkpt><trkpt lat="39.12555" lon="-119.90193"><ele>2474.0</ele></trkpt><trkpt lat="39.12644" lon="-119.90180"><ele>2473.0</ele></trkpt><trkpt lat="39.12821" lon="-119.90057"><ele>2491.0</ele></trkpt><trkpt lat="39.12809" lon="-119.89921"><ele>2491.0</ele></trkpt><trkpt lat="39.12847" lon="-119.89848"><ele>2487.0</ele></trkpt><trkpt lat="39.12935" lon="-119.89844"><ele>2491.0</ele></trkpt><trkpt lat="39.13037" lon="-119.89759"><ele>2497.0</ele></trkpt><trkpt lat="39.13099" lon="-119.89649"><ele>2486.0</ele></trkpt><trkpt lat="39.13180" lon="-119.89596"><ele>2486.0</ele></trkpt><trkpt lat="39.13181" lon="-119.89542"><ele>2486.0</ele></trkpt><trkpt lat="39.13346" lon="-119.89641"><ele>2496.0</ele></trkpt><trkpt lat="39.13383" lon="-119.89581"><ele>2503.0</ele></trkpt><trkpt lat="39.13426" lon="-119.89593"><ele>2510.0</ele></trkpt><trkpt lat="39.13535" lon="-119.89524"><ele>2520.0</ele></trkpt><trkpt lat="39.13576" lon="-119.89353"><ele>2536.0</ele></trkpt><trkpt lat="39.13707" lon="-119.89207"><ele>2549.0</ele></trkpt><trkpt lat="39.13795" lon="-119.89166"><ele>2551.0</ele></trkpt><trkpt lat="39.13914" lon="-119.89001"><ele>2544.0</ele></trkpt><trkpt lat="39.13870" lon="-119.88845"><ele>2557.0</ele></trkpt><trkpt lat="39.13885" lon="-119.88748"><ele>2565.0</ele></trkpt><trkpt lat="39.13887" lon="-119.88813"><ele>2567.0</ele></trkpt><trkpt lat="39.13958" lon="-119.88867"><ele>2576.0</ele></trkpt><trkpt lat="39.14031" lon="-119.88814"><ele>2587.0</ele></trkpt><trkpt lat="39.14061" lon="-119.88697"><ele>2603.0</ele></trkpt><trkpt lat="39.14095" lon="-119.88681"><ele>2608.0</ele></trkpt><trkpt lat="39.14192" lon="-119.88714"><ele>2616.0</ele></trkpt><trkpt lat="39.14427" lon="-119.88711"><ele>2640.0</ele></trkpt><trkpt lat="39.14885" lon="-119.88622"><ele>2680.0</ele></trkpt><trkpt lat="39.14941" lon="-119.88568"><ele>2690.0</ele></trkpt><trkpt lat="39.15030" lon="-119.88576"><ele>2697.0</ele></trkpt><trkpt lat="39.15092" lon="-119.88629"><ele>2699.0</ele></trkpt><trkpt lat="39.15250" lon="-119.88567"><ele>2715.0</ele></trkpt><trkpt lat="39.15803" lon="-119.88706"><ele>2739.0</ele></trkpt><trkpt lat="39.15821" lon="-119.88752"><ele>2748.0</ele></trkpt><trkpt lat="39.15877" lon="-119.88749"><ele>2748.0</ele></trkpt><trkpt lat="39.15953" lon="-119.88806"><ele>2737.0</ele></trkpt><trkpt lat="39.16271" lon="-119.88721"><ele>2716.0</ele></trkpt><trkpt lat="39.16318" lon="-119.88656"><ele>2708.0</ele></trkpt><trkpt lat="39.16351" lon="-119.88419"><ele>2701.0</ele></trkpt><trkpt lat="39.16405" lon="-119.88369"><ele>2696.0</ele></trkpt><trkpt lat="39.16828" lon="-119.88470"><ele>2685.0</ele></trkpt><trkpt lat="39.16853" lon="-119.88517"><ele>2680.0</ele></trkpt><trkpt lat="39.16886" lon="-119.88468"><ele>2674.0</ele></trkpt><trkpt lat="39.16975" lon="-119.88488"><ele>2653.0</ele></trkpt><trkpt lat="39.16971" lon="-119.88438"><ele>2646.0</ele></trkpt><trkpt lat="39.17010" lon="-119.88477"><ele>2640.0</ele></trkpt><trkpt lat="39.17012" lon="-119.88556"><ele>2629.0</ele></trkpt><trkpt lat="39.17094" lon="-119.88462"><ele>2613.0</ele></trkpt><trkpt lat="39.17141" lon="-119.88471"><ele>2607.0</ele></trkpt><trkpt lat="39.17147" lon="-119.88422"><ele>2601.0</ele></trkpt><trkpt lat="39.17182" lon="-119.88420"><ele>2597.0</ele></trkpt><trkpt lat="39.17328" lon="-119.88574"><ele>2589.0</ele></trkpt><trkpt lat="39.17392" lon="-119.88483"><ele>2576.0</ele></trkpt><trkpt lat="39.17372" lon="-119.88399"><ele>2568.0</ele></trkpt><trkpt lat="39.17468" lon="-119.88532"><ele>2555.0</ele></trkpt><trkpt lat="39.17539" lon="-119.88429"><ele>2548.0</ele></trkpt><trkpt lat="39.17714" lon="-119.88416"><ele>2543.0</ele></trkpt><trkpt lat="39.17840" lon="-119.88304"><ele>2535.0</ele></trkpt><trkpt lat="39.17881" lon="-119.88152"><ele>2534.0</ele></trkpt><trkpt lat="39.17973" lon="-119.88098"><ele>2540.0</ele></trkpt><trkpt lat="39.18028" lon="-119.88227"><ele>2545.0</ele></trkpt><trkpt lat="39.17972" lon="-119.88329"><ele>2550.0</ele></trkpt><trkpt lat="39.17973" lon="-119.88397"><ele>2551.0</ele></trkpt><trkpt lat="39.18080" lon="-119.88421"><ele>2557.0</ele></trkpt><trkpt lat="39.18154" lon="-119.88576"><ele>2554.0</ele></trkpt><trkpt lat="39.18310" lon="-119.88485"><ele>2550.0</ele></trkpt><trkpt lat="39.18344" lon="-119.88540"><ele>2548.0</ele></trkpt><trkpt lat="39.18391" lon="-119.88428"><ele>2540.0</ele></trkpt><trkpt lat="39.18449" lon="-119.88425"><ele>2535.0</ele></trkpt><trkpt lat="39.18515" lon="-119.88628"><ele>2526.0</ele></trkpt><trkpt lat="39.18748" lon="-119.88640"><ele>2523.0</ele></trkpt><trkpt lat="39.18775" lon="-119.88827"><ele>2541.0</ele></trkpt><trkpt lat="39.18977" lon="-119.88966"><ele>2532.0</ele></trkpt><trkpt lat="39.19127" lon="-119.89007"><ele>2530.0</ele></trkpt><trkpt lat="39.19216" lon="-119.89193"><ele>2537.0</ele></trkpt><trkpt lat="39.19381" lon="-119.89402"><ele>2558.0</ele></trkpt><trkpt lat="39.19573" lon="-119.89423"><ele>2575.0</ele></trkpt><trkpt lat="39.19592" lon="-119.89462"><ele>2578.0</ele></trkpt><trkpt lat="39.19467" lon="-119.89597"><ele>2596.0</ele></trkpt><trkpt lat="39.19396" lon="-119.89642"><ele>2607.0</ele></trkpt><trkpt lat="39.19317" lon="-119.89637"><ele>2613.0</ele></trkpt><trkpt lat="39.19280" lon="-119.89741"><ele>2625.0</ele></trkpt><trkpt lat="39.19280" lon="-119.89848"><ele>2629.0</ele></trkpt><trkpt lat="39.19354" lon="-119.90014"><ele>2630.0</ele></trkpt><trkpt lat="39.19560" lon="-119.90049"><ele>2649.0</ele></trkpt><trkpt lat="39.19806" lon="-119.90269"><ele>2642.0</ele></trkpt><trkpt lat="39.19858" lon="-119.90509"><ele>2644.0</ele></trkpt><trkpt lat="39.20051" lon="-119.90762"><ele>2648.0</ele></trkpt><trkpt lat="39.20148" lon="-119.90832"><ele>2647.0</ele></trkpt><trkpt lat="39.20254" lon="-119.90848"><ele>2643.0</ele></trkpt><trkpt lat="39.20452" lon="-119.90799"><ele>2618.0</ele></trkpt><trkpt lat="39.20426" lon="-119.90667"><ele>2608.0</ele></trkpt><trkpt lat="39.20368" lon="-119.90586"><ele>2613.0</ele></trkpt><trkpt lat="39.20402" lon="-119.90584"><ele>2618.0</ele></trkpt><trkpt lat="39.20422" lon="-119.90512"><ele>2627.0</ele></trkpt><trkpt lat="39.20572" lon="-119.90445"><ele>2643.0</ele></trkpt><trkpt lat="39.20561" lon="-119.90141"><ele>2635.0</ele></trkpt><trkpt lat="39.20672" lon="-119.90388"><ele>2618.0</ele></trkpt><trkpt lat="39.20672" lon="-119.90109"><ele>2588.0</ele></trkpt><trkpt lat="39.20820" lon="-119.90348"><ele>2560.0</ele></trkpt><trkpt lat="39.20823" lon="-119.90430"><ele>2553.0</ele></trkpt><trkpt lat="39.20849" lon="-119.90411"><ele>2550.0</ele></trkpt><trkpt lat="39.20879" lon="-119.90449"><ele>2543.0</ele></trkpt><trkpt lat="39.20909" lon="-119.90295"><ele>2535.0</ele></trkpt><trkpt lat="39.20867" lon="-119.90219"><ele>2527.0</ele></trkpt><trkpt lat="39.20853" lon="-119.90044"><ele>2513.0</ele></trkpt><trkpt lat="39.20900" lon="-119.90127"><ele>2506.0</ele></trkpt><trkpt lat="39.21035" lon="-119.90174"><ele>2496.0</ele></trkpt><trkpt lat="39.21034" lon="-119.90110"><ele>2492.0</ele></trkpt><trkpt lat="39.20956" lon="-119.90101"><ele>2488.0</ele></trkpt><trkpt lat="39.21092" lon="-119.90032"><ele>2472.0</ele></trkpt><trkpt lat="39.21125" lon="-119.90043"><ele>2470.0</ele></trkpt><trkpt lat="39.21138" lon="-119.90107"><ele>2464.0</ele></trkpt><trkpt lat="39.21212" lon="-119.90132"><ele>2455.0</ele></trkpt><trkpt lat="39.21191" lon="-119.90084"><ele>2452.0</ele></trkpt><trkpt lat="39.21204" lon="-119.89959"><ele>2444.0</ele></trkpt><trkpt lat="39.21330" lon="-119.89868"><ele>2430.0</ele></trkpt><trkpt lat="39.21491" lon="-119.90177"><ele>2419.0</ele></trkpt><trkpt lat="39.21747" lon="-119.90273"><ele>2431.0</ele></trkpt><trkpt lat="39.21796" lon="-119.90462"><ele>2435.0</ele></trkpt><trkpt lat="39.21928" lon="-119.90447"><ele>2434.0</ele></trkpt><trkpt lat="39.21970" lon="-119.90498"><ele>2428.0</ele></trkpt><trkpt lat="39.21979" lon="-119.90677"><ele>2403.0</ele></trkpt><trkpt lat="39.21845" lon="-119.90914"><ele>2373.0</ele></trkpt><trkpt lat="39.21852" lon="-119.90964"><ele>2368.0</ele></trkpt><trkpt lat="39.22113" lon="-119.90789"><ele>2331.0</ele></trkpt><trkpt lat="39.22482" lon="-119.90653"><ele>2306.0</ele></trkpt><trkpt lat="39.22519" lon="-119.90863"><ele>2279.0</ele></trkpt><trkpt lat="39.22590" lon="-119.91003"><ele>2263.0</ele></trkpt><trkpt lat="39.22421" lon="-119.91217"><ele>2234.0</ele></trkpt><trkpt lat="39.22423" lon="-119.91267"><ele>2232.0</ele></trkpt><trkpt lat="39.22496" lon="-119.91388"><ele>2221.0</ele></trkpt><trkpt lat="39.22528" lon="-119.91558"><ele>2201.0</ele></trkpt><trkpt lat="39.22843" lon="-119.91807"><ele>2161.0</ele></trkpt><trkpt lat="39.22745" lon="-119.91986"><ele>2140.0</ele></trkpt><trkpt lat="39.22797" lon="-119.92332"><ele>2112.0</ele></trkpt><trkpt lat="39.22718" lon="-119.92387"><ele>2110.0</ele></trkpt><trkpt lat="39.22660" lon="-119.92491"><ele>2102.0</ele></trkpt><trkpt lat="39.22774" lon="-119.92586"><ele>2088.0</ele></trkpt><trkpt lat="39.22765" lon="-119.92670"><ele>2079.0</ele></trkpt><trkpt lat="39.22694" lon="-119.92707"><ele>2063.0</ele></trkpt><trkpt lat="39.22612" lon="-119.92685"><ele>2047.0</ele></trkpt><trkpt lat="39.22474" lon="-119.92517"><ele>2023.0</ele></trkpt><trkpt lat="39.22497" lon="-119.92705"><ele>2003.0</ele></trkpt><trkpt lat="39.22457" lon="-119.92922"><ele>1980.0</ele></trkpt><trkpt lat="39.22470" lon="-119.92999"><ele>1971.0</ele></trkpt><trkpt lat="39.22430" lon="-119.92973"><ele>1962.0</ele></trkpt><trkpt lat="39.22578" lon="-119.93115"><ele>1957.0</ele></trkpt><trkpt lat="39.23005" lon="-119.93085"><ele>1957.0</ele></trkpt><trkpt lat="39.23139" lon="-119.93149"><ele>1958.0</ele></trkpt><trkpt lat="39.23488" lon="-119.92976"><ele>1928.0</ele></trkpt><trkpt lat="39.23497" lon="-119.93003"><ele>1926.0</ele></trkpt><trkpt lat="39.23231" lon="-119.93193"><ele>1925.0</ele></trkpt><trkpt lat="39.23232" lon="-119.93253"><ele>1924.0</ele></trkpt><trkpt lat="39.23526" lon="-119.93397"><ele>1913.0</ele></trkpt><trkpt lat="39.23735" lon="-119.93645"><ele>1918.0</ele></trkpt><trkpt lat="39.24017" lon="-119.94595"><ele>1907.0</ele></trkpt><trkpt lat="39.24106" lon="-119.94615"><ele>1909.0</ele></trkpt><trkpt lat="39.24180" lon="-119.94553"><ele>1911.0</ele></trkpt><trkpt lat="39.24315" lon="-119.94511"><ele>1916.0</ele></trkpt><trkpt lat="39.24369" lon="-119.94532"><ele>1917.0</ele></trkpt><trkpt lat="39.24317" lon="-119.94393"><ele>1917.0</ele></trkpt><trkpt lat="39.24358" lon="-119.94356"><ele>1917.0</ele></trkpt><trkpt lat="39.24340" lon="-119.94338"><ele>1917.0</ele></trkpt><trkpt lat="39.24305" lon="-119.94385"><ele>1917.0</ele></trkpt><trkpt lat="39.24368" lon="-119.94520"><ele>1917.0</ele></trkpt><trkpt lat="39.24309" lon="-119.94488"><ele>1914.0</ele></trkpt><trkpt lat="39.24095" lon="-119.94603"><ele>1907.0</ele></trkpt><trkpt lat="39.24006" lon="-119.94565"><ele>1906.0</ele></trkpt><trkpt lat="39.24011" lon="-119.94665"><ele>1904.0</ele></trkpt><trkpt lat="39.24525" lon="-119.96522"><ele>1908.0</ele></trkpt><trkpt lat="39.24916" lon="-119.97441"><ele>1913.0</ele></trkpt><trkpt lat="39.24974" lon="-119.97869"><ele>1915.0</ele></trkpt><trkpt lat="39.24955" lon="-119.98214"><ele>1912.0</ele></trkpt><trkpt lat="39.25042" lon="-119.98287"><ele>1921.0</ele></trkpt><trkpt lat="39.25125" lon="-119.98168"><ele>1928.0</ele></trkpt><trkpt lat="39.25137" lon="-119.98239"><ele>1933.0</ele></trkpt><trkpt lat="39.25079" lon="-119.98381"><ele>1939.0</ele></trkpt><trkpt lat="39.25063" lon="-119.98674"><ele>1942.0</ele></trkpt><trkpt lat="39.25157" lon="-119.98643"><ele>1956.0</ele></trkpt><trkpt lat="39.25161" lon="-119.98409"><ele>1963.0</ele></trkpt><trkpt lat="39.25194" lon="-119.98591"><ele>1977.0</ele></trkpt><trkpt lat="39.25242" lon="-119.98655"><ele>1977.0</ele></trkpt><trkpt lat="39.25320" lon="-119.98675"><ele>1983.0</ele></trkpt><trkpt lat="39.25407" lon="-119.98646"><ele>1991.0</ele></trkpt><trkpt lat="39.25528" lon="-119.98713"><ele>1997.0</ele></trkpt><trkpt lat="39.25854" lon="-119.99415"><ele>2177.0</ele></trkpt><trkpt lat="39.25840" lon="-120.00414"><ele>2358.0</ele></trkpt><trkpt lat="39.25863" lon="-120.00438"><ele>2359.0</ele></trkpt><trkpt lat="39.25997" lon="-120.00355"><ele>2404.0</ele></trkpt><trkpt lat="39.26178" lon="-120.00403"><ele>2375.0</ele></trkpt><trkpt lat="39.26182" lon="-120.00487"><ele>2362.0</ele></trkpt><trkpt lat="39.26276" lon="-120.00659"><ele>2339.0</ele></trkpt><trkpt lat="39.26630" lon="-120.00946"><ele>2323.0</ele></trkpt><trkpt lat="39.26743" lon="-120.01272"><ele>2308.0</ele></trkpt><trkpt lat="39.26756" lon="-120.01447"><ele>2299.0</ele></trkpt><trkpt lat="39.26787" lon="-120.01510"><ele>2299.0</ele></trkpt><trkpt lat="39.26990" lon="-120.01544"><ele>2312.0</ele></trkpt><trkpt lat="39.27197" lon="-120.01487"><ele>2326.0</ele></trkpt><trkpt lat="39.27253" lon="-120.01531"><ele>2321.0</ele></trkpt><trkpt lat="39.27309" lon="-120.01627"><ele>2312.0</ele></trkpt><trkpt lat="39.27335" lon="-120.01782"><ele>2306.0</ele></trkpt><trkpt lat="39.27523" lon="-120.01939"><ele>2315.0</ele></trkpt><trkpt lat="39.27611" lon="-120.02145"><ele>2300.0</ele></trkpt><trkpt lat="39.27546" lon="-120.02416"><ele>2315.0</ele></trkpt><trkpt lat="39.27594" lon="-120.02636"><ele>2343.0</ele></trkpt><trkpt lat="39.27718" lon="-120.02470"><ele>2358.0</ele></trkpt><trkpt lat="39.28004" lon="-120.02288"><ele>2389.0</ele></trkpt><trkpt lat="39.27889" lon="-120.02462"><ele>2407.0</ele></trkpt><trkpt lat="39.27883" lon="-120.02573"><ele>2421.0</ele></trkpt><trkpt lat="39.27931" lon="-120.02694"><ele>2439.0</ele></trkpt><trkpt lat="39.27984" lon="-120.02677"><ele>2446.0</ele></trkpt><trkpt lat="39.28067" lon="-120.02570"><ele>2454.0</ele></trkpt><trkpt lat="39.28292" lon="-120.02509"><ele>2473.0</ele></trkpt><trkpt lat="39.28413" lon="-120.02655"><ele>2471.0</ele></trkpt><trkpt lat="39.28541" lon="-120.02702"><ele>2493.0</ele></trkpt><trkpt lat="39.28563" lon="-120.02859"><ele>2507.0</ele></trkpt><trkpt lat="39.28662" lon="-120.02923"><ele>2524.0</ele></trkpt><trkpt lat="39.28723" lon="-120.02895"><ele>2530.0</ele></trkpt><trkpt lat="39.28755" lon="-120.02920"><ele>2538.0</ele></trkpt><trkpt lat="39.28629" lon="-120.03025"><ele>2546.0</ele></trkpt><trkpt lat="39.28461" lon="-120.03041"><ele>2551.0</ele></trkpt><trkpt lat="39.28344" lon="-120.03159"><ele>2557.0</ele></trkpt><trkpt lat="39.28151" lon="-120.03035"><ele>2546.0</ele></trkpt><trkpt lat="39.28023" lon="-120.03078"><ele>2534.0</ele></trkpt><trkpt lat="39.28136" lon="-120.03566"><ele>2490.0</ele></trkpt><trkpt lat="39.28309" lon="-120.03975"><ele>2453.0</ele></trkpt><trkpt lat="39.28299" lon="-120.04161"><ele>2441.0</ele></trkpt><trkpt lat="39.28235" lon="-120.04239"><ele>2433.0</ele></trkpt><trkpt lat="39.28140" lon="-120.04272"><ele>2429.0</ele></trkpt><trkpt lat="39.28044" lon="-120.04241"><ele>2424.0</ele></trkpt><trkpt lat="39.27889" lon="-120.04089"><ele>2403.0</ele></trkpt><trkpt lat="39.27815" lon="-120.04107"><ele>2394.0</ele></trkpt><trkpt lat="39.27731" lon="-120.04285"><ele>2375.0</ele></trkpt><trkpt lat="39.27700" lon="-120.04695"><ele>2335.0</ele></trkpt><trkpt lat="39.27660" lon="-120.04827"><ele>2327.0</ele></trkpt><trkpt lat="39.27521" lon="-120.04718"><ele>2343.0</ele></trkpt><trkpt lat="39.27394" lon="-120.04772"><ele>2345.0</ele></trkpt><trkpt lat="39.27251" lon="-120.04614"><ele>2340.0</ele></trkpt><trkpt lat="39.27145" lon="-120.04641"><ele>2333.0</ele></trkpt><trkpt lat="39.26994" lon="-120.04859"><ele>2313.0</ele></trkpt><trkpt lat="39.26820" lon="-120.05341"><ele>2297.0</ele></trkpt><trkpt lat="39.26740" lon="-120.05304"><ele>2303.0</ele></trkpt><trkpt lat="39.26735" lon="-120.05500"><ele>2314.0</ele></trkpt><trkpt lat="39.26682" lon="-120.05645"><ele>2318.0</ele></trkpt><trkpt lat="39.26405" lon="-120.05776"><ele>2325.0</ele></trkpt><trkpt lat="39.26296" lon="-120.05923"><ele>2308.0</ele></trkpt><trkpt lat="39.26206" lon="-120.06225"><ele>2280.0</ele></trkpt><trkpt lat="39.26165" lon="-120.06536"><ele>2254.0</ele></trkpt><trkpt lat="39.26098" lon="-120.06654"><ele>2242.0</ele></trkpt><trkpt lat="39.26016" lon="-120.06753"><ele>2230.0</ele></trkpt><trkpt lat="39.26033" lon="-120.06597"><ele>2215.0</ele></trkpt><trkpt lat="39.25918" lon="-120.06769"><ele>2198.0</ele></trkpt><trkpt lat="39.25932" lon="-120.06449"><ele>2168.0</ele></trkpt><trkpt lat="39.25897" lon="-120.06355"><ele>2159.0</ele></trkpt><trkpt lat="39.25865" lon="-120.06445"><ele>2151.0</ele></trkpt><trkpt lat="39.25835" lon="-120.06448"><ele>2149.0</ele></trkpt><trkpt lat="39.25781" lon="-120.06606"><ele>2143.0</ele></trkpt><trkpt lat="39.25769" lon="-120.06794"><ele>2152.0</ele></trkpt><trkpt lat="39.25788" lon="-120.06893"><ele>2158.0</ele></trkpt><trkpt lat="39.25894" lon="-120.07001"><ele>2173.0</ele></trkpt><trkpt lat="39.25919" lon="-120.07119"><ele>2173.0</ele></trkpt><trkpt lat="39.25902" lon="-120.07277"><ele>2180.0</ele></trkpt><trkpt lat="39.25833" lon="-120.07453"><ele>2196.0</ele></trkpt><trkpt lat="39.25931" lon="-120.07406"><ele>2208.0</ele></trkpt><trkpt lat="39.25849" lon="-120.07646"><ele>2233.0</ele></trkpt><trkpt lat="39.25906" lon="-120.07867"><ele>2242.0</ele></trkpt><trkpt lat="39.25923" lon="-120.08192"><ele>2243.0</ele></trkpt><trkpt lat="39.25907" lon="-120.08285"><ele>2250.0</ele></trkpt><trkpt lat="39.25857" lon="-120.08228"><ele>2236.0</ele></trkpt><trkpt lat="39.25831" lon="-120.08120"><ele>2225.0</ele></trkpt><trkpt lat="39.25771" lon="-120.08114"><ele>2217.0</ele></trkpt><trkpt lat="39.25828" lon="-120.08121"><ele>2230.0</ele></trkpt><trkpt lat="39.25845" lon="-120.08226"><ele>2240.0</ele></trkpt><trkpt lat="39.25906" lon="-120.08297"><ele>2255.0</ele></trkpt><trkpt lat="39.25900" lon="-120.08357"><ele>2261.0</ele></trkpt><trkpt lat="39.25710" lon="-120.08434"><ele>2285.0</ele></trkpt><trkpt lat="39.25273" lon="-120.08467"><ele>2319.0</ele></trkpt><trkpt lat="39.25065" lon="-120.08685"><ele>2309.0</ele></trkpt><trkpt lat="39.24985" lon="-120.08599"><ele>2293.0</ele></trkpt><trkpt lat="39.24705" lon="-120.08684"><ele>2256.0</ele></trkpt><trkpt lat="39.24742" lon="-120.08785"><ele>2253.0</ele></trkpt><trkpt lat="39.24724" lon="-120.09026"><ele>2238.0</ele></trkpt><trkpt lat="39.24610" lon="-120.09423"><ele>2208.0</ele></trkpt><trkpt lat="39.24564" lon="-120.09477"><ele>2201.0</ele></trkpt><trkpt lat="39.24498" lon="-120.09483"><ele>2193.0</ele></trkpt><trkpt lat="39.24477" lon="-120.09790"><ele>2166.0</ele></trkpt><trkpt lat="39.24426" lon="-120.09974"><ele>2153.0</ele></trkpt><trkpt lat="39.24146" lon="-120.10107"><ele>2129.0</ele></trkpt><trkpt lat="39.23997" lon="-120.10039"><ele>2133.0</ele></trkpt><trkpt lat="39.23779" lon="-120.10240"><ele>2152.0</ele></trkpt><trkpt lat="39.23718" lon="-120.10708"><ele>2166.0</ele></trkpt><trkpt lat="39.23606" lon="-120.10908"><ele>2175.0</ele></trkpt><trkpt lat="39.23571" lon="-120.11056"><ele>2183.0</ele></trkpt><trkpt lat="39.23461" lon="-120.11112"><ele>2196.0</ele></trkpt><trkpt lat="39.23410" lon="-120.11207"><ele>2206.0</ele></trkpt><trkpt lat="39.23312" lon="-120.11278"><ele>2220.0</ele></trkpt><trkpt lat="39.23410" lon="-120.11358"><ele>2233.0</ele></trkpt><trkpt lat="39.23555" lon="-120.11380"><ele>2250.0</ele></trkpt><trkpt lat="39.23246" lon="-120.11570"><ele>2282.0</ele></trkpt><trkpt lat="39.23101" lon="-120.11508"><ele>2292.0</ele></trkpt><trkpt lat="39.23109" lon="-120.12050"><ele>2290.0</ele></trkpt><trkpt lat="39.23015" lon="-120.12525"><ele>2291.0</ele></trkpt><trkpt lat="39.22910" lon="-120.12766"><ele>2293.0</ele></trkpt><trkpt lat="39.22880" lon="-120.12989"><ele>2303.0</ele></trkpt><trkpt lat="39.22824" lon="-120.13147"><ele>2318.0</ele></trkpt><trkpt lat="39.22817" lon="-120.13376"><ele>2339.0</ele></trkpt><trkpt lat="39.22747" lon="-120.13491"><ele>2350.0</ele></trkpt><trkpt lat="39.22827" lon="-120.13515"><ele>2361.0</ele></trkpt><trkpt lat="39.22781" lon="-120.13678"><ele>2373.0</ele></trkpt><trkpt lat="39.22803" lon="-120.13908"><ele>2385.0</ele></trkpt><trkpt lat="39.22755" lon="-120.13926"><ele>2383.0</ele></trkpt><trkpt lat="39.22645" lon="-120.13847"><ele>2394.0</ele></trkpt><trkpt lat="39.22581" lon="-120.13703"><ele>2394.0</ele></trkpt><trkpt lat="39.22501" lon="-120.13625"><ele>2389.0</ele></trkpt><trkpt lat="39.22430" lon="-120.13641"><ele>2390.0</ele></trkpt><trkpt lat="39.22374" lon="-120.13609"><ele>2392.0</ele></trkpt><trkpt lat="39.22391" lon="-120.13209"><ele>2375.0</ele></trkpt><trkpt lat="39.22451" lon="-120.12986"><ele>2384.0</ele></trkpt><trkpt lat="39.22376" lon="-120.12751"><ele>2400.0</ele></trkpt><trkpt lat="39.22257" lon="-120.12716"><ele>2412.0</ele></trkpt><trkpt lat="39.22139" lon="-120.12856"><ele>2415.0</ele></trkpt><trkpt lat="39.22133" lon="-120.12913"><ele>2418.0</ele></trkpt><trkpt lat="39.22031" lon="-120.12977"><ele>2427.0</ele></trkpt><trkpt lat="39.21937" lon="-120.13115"><ele>2419.0</ele></trkpt><trkpt lat="39.21957" lon="-120.12926"><ele>2411.0</ele></trkpt><trkpt lat="39.21896" lon="-120.12963"><ele>2404.0</ele></trkpt><trkpt lat="39.21851" lon="-120.13056"><ele>2397.0</ele></trkpt><trkpt lat="39.21854" lon="-120.13017"><ele>2395.0</ele></trkpt><trkpt lat="39.21776" lon="-120.12921"><ele>2384.0</ele></trkpt><trkpt lat="39.21741" lon="-120.12718"><ele>2357.0</ele></trkpt><trkpt lat="39.21641" lon="-120.12669"><ele>2340.0</ele></trkpt><trkpt lat="39.21643" lon="-120.12575"><ele>2327.0</ele></trkpt><trkpt lat="39.21610" lon="-120.12604"><ele>2326.0</ele></trkpt><trkpt lat="39.21594" lon="-120.13015"><ele>2307.0</ele></trkpt><trkpt lat="39.21421" lon="-120.13086"><ele>2289.0</ele></trkpt><trkpt lat="39.21311" lon="-120.13398"><ele>2265.0</ele></trkpt><trkpt lat="39.21320" lon="-120.14149"><ele>2302.0</ele></trkpt><trkpt lat="39.21423" lon="-120.14403"><ele>2299.0</ele></trkpt><trkpt lat="39.21537" lon="-120.14826"><ele>2309.0</ele></trkpt><trkpt lat="39.21510" lon="-120.15104"><ele>2313.0</ele></trkpt><trkpt lat="39.21456" lon="-120.15280"><ele>2322.0</ele></trkpt><trkpt lat="39.21501" lon="-120.15595"><ele>2331.0</ele></trkpt><trkpt lat="39.21471" lon="-120.15789"><ele>2333.0</ele></trkpt><trkpt lat="39.21432" lon="-120.15868"><ele>2337.0</ele></trkpt><trkpt lat="39.21476" lon="-120.15903"><ele>2336.0</ele></trkpt><trkpt lat="39.21334" lon="-120.15954"><ele>2324.0</ele></trkpt><trkpt lat="39.21516" lon="-120.16036"><ele>2311.0</ele></trkpt><trkpt lat="39.21541" lon="-120.16119"><ele>2308.0</ele></trkpt><trkpt lat="39.21527" lon="-120.16312"><ele>2295.0</ele></trkpt><trkpt lat="39.21452" lon="-120.16457"><ele>2291.0</ele></trkpt><trkpt lat="39.21459" lon="-120.16555"><ele>2285.0</ele></trkpt><trkpt lat="39.21408" lon="-120.16700"><ele>2277.0</ele></trkpt><trkpt lat="39.21417" lon="-120.16769"><ele>2275.0</ele></trkpt><trkpt lat="39.21503" lon="-120.16806"><ele>2267.0</ele></trkpt><trkpt lat="39.21513" lon="-120.16852"><ele>2265.0</ele></trkpt><trkpt lat="39.21411" lon="-120.17024"><ele>2263.0</ele></trkpt><trkpt lat="39.21423" lon="-120.17131"><ele>2272.0</ele></trkpt><trkpt lat="39.21507" lon="-120.17323"><ele>2291.0</ele></trkpt><trkpt lat="39.21532" lon="-120.17515"><ele>2306.0</ele></trkpt><trkpt lat="39.21684" lon="-120.17579"><ele>2314.0</ele></trkpt><trkpt lat="39.21835" lon="-120.17723"><ele>2326.0</ele></trkpt><trkpt lat="39.21825" lon="-120.17749"><ele>2328.0</ele></trkpt><trkpt lat="39.21688" lon="-120.17675"><ele>2344.0</ele></trkpt><trkpt lat="39.21695" lon="-120.17750"><ele>2347.0</ele></trkpt><trkpt lat="39.21655" lon="-120.17760"><ele>2344.0</ele></trkpt><trkpt lat="39.21580" lon="-120.17656"><ele>2345.0</ele></trkpt><trkpt lat="39.21531" lon="-120.17736"><ele>2351.0</ele></trkpt><trkpt lat="39.21448" lon="-120.17741"><ele>2357.0</ele></trkpt><trkpt lat="39.21367" lon="-120.17561"><ele>2360.0</ele></trkpt><trkpt lat="39.21392" lon="-120.17456"><ele>2365.0</ele></trkpt><trkpt lat="39.21360" lon="-120.17451"><ele>2363.0</ele></trkpt><trkpt lat="39.21265" lon="-120.17535"><ele>2350.0</ele></trkpt><trkpt lat="39.21286" lon="-120.17690"><ele>2344.0</ele></trkpt><trkpt lat="39.21252" lon="-120.17671"><ele>2340.0</ele></trkpt><trkpt lat="39.21245" lon="-120.17703"><ele>2334.0</ele></trkpt><trkpt lat="39.21271" lon="-120.17862"><ele>2318.0</ele></trkpt><trkpt lat="39.21197" lon="-120.18012"><ele>2302.0</ele></trkpt><trkpt lat="39.21153" lon="-120.17996"><ele>2294.0</ele></trkpt><trkpt lat="39.21127" lon="-120.18027"><ele>2292.0</ele></trkpt><trkpt lat="39.21115" lon="-120.17983"><ele>2289.0</ele></trkpt><trkpt lat="39.21086" lon="-120.17993"><ele>2287.0</ele></trkpt><trkpt lat="39.21066" lon="-120.18094"><ele>2282.0</ele></trkpt><trkpt lat="39.20965" lon="-120.18004"><ele>2274.0</ele></trkpt><trkpt lat="39.20940" lon="-120.18029"><ele>2269.0</ele></trkpt><trkpt lat="39.20933" lon="-120.18154"><ele>2256.0</ele></trkpt><trkpt lat="39.20783" lon="-120.17998"><ele>2232.0</ele></trkpt><trkpt lat="39.20679" lon="-120.17941"><ele>2231.0</ele></trkpt><trkpt lat="39.20178" lon="-120.17877"><ele>2275.0</ele></trkpt><trkpt lat="39.20044" lon="-120.17973"><ele>2277.0</ele></trkpt><trkpt lat="39.20019" lon="-120.18071"><ele>2283.0</ele></trkpt><trkpt lat="39.19733" lon="-120.18010"><ele>2303.0</ele></trkpt><trkpt lat="39.19575" lon="-120.18104"><ele>2292.0</ele></trkpt><trkpt lat="39.19504" lon="-120.18096"><ele>2289.0</ele></trkpt><trkpt lat="39.19426" lon="-120.18192"><ele>2302.0</ele></trkpt><trkpt lat="39.19404" lon="-120.18362"><ele>2316.0</ele></trkpt><trkpt lat="39.19321" lon="-120.18457"><ele>2330.0</ele></trkpt><trkpt lat="39.18969" lon="-120.18439"><ele>2343.0</ele></trkpt><trkpt lat="39.18811" lon="-120.18585"><ele>2348.0</ele></trkpt><trkpt lat="39.18668" lon="-120.18388"><ele>2353.0</ele></trkpt><trkpt lat="39.18741" lon="-120.18283"><ele>2342.0</ele></trkpt><trkpt lat="39.18836" lon="-120.18288"><ele>2332.0</ele></trkpt><trkpt lat="39.18810" lon="-120.18066"><ele>2318.0</ele></trkpt><trkpt lat="39.18738" lon="-120.18161"><ele>2312.0</ele></trkpt><trkpt lat="39.18561" lon="-120.18127"><ele>2297.0</ele></trkpt><trkpt lat="39.18480" lon="-120.18159"><ele>2292.0</ele></trkpt><trkpt lat="39.18586" lon="-120.18041"><ele>2281.0</ele></trkpt><trkpt lat="39.18566" lon="-120.17975"><ele>2276.0</ele></trkpt><trkpt lat="39.18276" lon="-120.18146"><ele>2250.0</ele></trkpt><trkpt lat="39.18199" lon="-120.18309"><ele>2239.0</ele></trkpt><trkpt lat="39.18184" lon="-120.18543"><ele>2226.0</ele></trkpt><trkpt lat="39.18091" lon="-120.18520"><ele>2218.0</ele></trkpt><trkpt lat="39.18065" lon="-120.18554"><ele>2216.0</ele></trkpt><trkpt lat="39.18096" lon="-120.18647"><ele>2209.0</ele></trkpt><trkpt lat="39.17951" lon="-120.18630"><ele>2197.0</ele></trkpt><trkpt lat="39.17810" lon="-120.18560"><ele>2182.0</ele></trkpt><trkpt lat="39.17736" lon="-120.18573"><ele>2177.0</ele></trkpt><trkpt lat="39.17672" lon="-120.18526"><ele>2174.0</ele></trkpt><trkpt lat="39.17656" lon="-120.18466"><ele>2175.0</ele></trkpt><trkpt lat="39.17493" lon="-120.18431"><ele>2162.0</ele></trkpt><trkpt lat="39.17433" lon="-120.18378"><ele>2158.0</ele></trkpt><trkpt lat="39.17331" lon="-120.18386"><ele>2153.0</ele></trkpt><trkpt lat="39.17341" lon="-120.18305"><ele>2147.0</ele></trkpt><trkpt lat="39.17439" lon="-120.18201"><ele>2145.0</ele></trkpt><trkpt lat="39.17481" lon="-120.17990"><ele>2148.0</ele></trkpt><trkpt lat="39.17420" lon="-120.17919"><ele>2150.0</ele></trkpt><trkpt lat="39.17221" lon="-120.17848"><ele>2155.0</ele></trkpt><trkpt lat="39.17059" lon="-120.17624"><ele>2137.0</ele></trkpt><trkpt lat="39.16884" lon="-120.17461"><ele>2126.0</ele></trkpt><trkpt lat="39.16813" lon="-120.17236"><ele>2124.0</ele></trkpt><trkpt lat="39.16835" lon="-120.16987"><ele>2127.0</ele></trkpt><trkpt lat="39.16885" lon="-120.16852"><ele>2126.0</ele></trkpt><trkpt lat="39.16848" lon="-120.16798"><ele>2127.0</ele></trkpt><trkpt lat="39.16901" lon="-120.16768"><ele>2124.0</ele></trkpt><trkpt lat="39.16939" lon="-120.16636"><ele>2123.0</ele></trkpt><trkpt lat="39.16924" lon="-120.16560"><ele>2120.0</ele></trkpt><trkpt lat="39.16831" lon="-120.16514"><ele>2117.0</ele></trkpt><trkpt lat="39.16790" lon="-120.16148"><ele>2112.0</ele></trkpt><trkpt lat="39.16754" lon="-120.16120"><ele>2113.0</ele></trkpt><trkpt lat="39.16771" lon="-120.15952"><ele>2105.0</ele></trkpt><trkpt lat="39.16841" lon="-120.15815"><ele>2092.0</ele></trkpt><trkpt lat="39.16885" lon="-120.15789"><ele>2087.0</ele></trkpt><trkpt lat="39.16739" lon="-120.15771"><ele>2073.0</ele></trkpt><trkpt lat="39.16727" lon="-120.15646"><ele>2066.0</ele></trkpt><trkpt lat="39.16788" lon="-120.15549"><ele>2064.0</ele></trkpt><trkpt lat="39.16884" lon="-120.15566"><ele>2058.0</ele></trkpt><trkpt lat="39.16923" lon="-120.15494"><ele>2059.0</ele></trkpt><trkpt lat="39.16897" lon="-120.15389"><ele>2049.0</ele></trkpt><trkpt lat="39.16970" lon="-120.15234"><ele>2035.0</ele></trkpt><trkpt lat="39.17239" lon="-120.15015"><ele>1996.0</ele></trkpt><trkpt lat="39.17034" lon="-120.14927"><ele>1965.0</ele></trkpt><trkpt lat="39.16936" lon="-120.14950"><ele>1957.0</ele></trkpt><trkpt lat="39.16919" lon="-120.14886"><ele>1939.0</ele></trkpt><trkpt lat="39.16798" lon="-120.14894"><ele>1935.0</ele></trkpt><trkpt lat="39.16592" lon="-120.14709"><ele>1915.0</ele></trkpt><trkpt lat="39.16528" lon="-120.14765"><ele>1915.0</ele></trkpt><trkpt lat="39.16498" lon="-120.14721"><ele>1915.0</ele></trkpt><trkpt lat="39.16446" lon="-120.14741"><ele>1915.0</ele></trkpt><trkpt lat="39.16499" lon="-120.14726"><ele>1917.0</ele></trkpt><trkpt lat="39.16532" lon="-120.14771"><ele>1917.0</ele></trkpt><trkpt lat="39.16594" lon="-120.14708"><ele>1917.0</ele></trkpt><trkpt lat="39.16779" lon="-120.14897"><ele>1939.0</ele></trkpt><trkpt lat="39.16915" lon="-120.14883"><ele>1942.0</ele></trkpt><trkpt lat="39.16931" lon="-120.14949"><ele>1959.0</ele></trkpt><trkpt lat="39.17021" lon="-120.14929"><ele>1968.0</ele></trkpt><trkpt lat="39.17235" lon="-120.15012"><ele>1998.0</ele></trkpt><trkpt lat="39.16967" lon="-120.15225"><ele>2036.0</ele></trkpt><trkpt lat="39.16890" lon="-120.15389"><ele>2051.0</ele></trkpt><trkpt lat="39.16918" lon="-120.15473"><ele>2059.0</ele></trkpt><trkpt lat="39.16894" lon="-120.15547"><ele>2060.0</ele></trkpt><trkpt lat="39.16865" lon="-120.15570"><ele>2060.0</ele></trkpt><trkpt lat="39.16790" lon="-120.15541"><ele>2064.0</ele></trkpt><trkpt lat="39.16727" lon="-120.15644"><ele>2068.0</ele></trkpt><trkpt lat="39.16734" lon="-120.15777"><ele>2072.0</ele></trkpt><trkpt lat="39.16887" lon="-120.15783"><ele>2088.0</ele></trkpt><trkpt lat="39.16796" lon="-120.15874"><ele>2100.0</ele></trkpt><trkpt lat="39.16755" lon="-120.16115"><ele>2115.0</ele></trkpt><trkpt lat="39.16796" lon="-120.16180"><ele>2113.0</ele></trkpt><trkpt lat="39.16830" lon="-120.16514"><ele>2119.0</ele></trkpt><trkpt lat="39.16922" lon="-120.16558"><ele>2123.0</ele></trkpt><trkpt lat="39.16938" lon="-120.16637"><ele>2126.0</ele></trkpt><trkpt lat="39.16900" lon="-120.16759"><ele>2126.0</ele></trkpt><trkpt lat="39.16847" lon="-120.16788"><ele>2131.0</ele></trkpt><trkpt lat="39.16881" lon="-120.16852"><ele>2128.0</ele></trkpt><trkpt lat="39.16805" lon="-120.17163"><ele>2128.0</ele></trkpt><trkpt lat="39.16817" lon="-120.17247"><ele>2128.0</ele></trkpt><trkpt lat="39.16884" lon="-120.17467"><ele>2129.0</ele></trkpt><trkpt lat="39.17048" lon="-120.17617"><ele>2141.0</ele></trkpt><trkpt lat="39.17222" lon="-120.17854"><ele>2157.0</ele></trkpt><trkpt lat="39.17369" lon="-120.17933"><ele>2158.0</ele></trkpt><trkpt lat="39.17423" lon="-120.17923"><ele>2155.0</ele></trkpt><trkpt lat="39.17476" lon="-120.17987"><ele>2152.0</ele></trkpt><trkpt lat="39.17439" lon="-120.18191"><ele>2148.0</ele></trkpt><trkpt lat="39.17340" lon="-120.18297"><ele>2151.0</ele></trkpt><trkpt lat="39.17330" lon="-120.18384"><ele>2160.0</ele></trkpt><trkpt lat="39.17437" lon="-120.18382"><ele>2162.0</ele></trkpt><trkpt lat="39.17505" lon="-120.18438"><ele>2166.0</ele></trkpt><trkpt lat="39.17649" lon="-120.18467"><ele>2180.0</ele></trkpt><trkpt lat="39.17726" lon="-120.18570"><ele>2181.0</ele></trkpt><trkpt lat="39.18095" lon="-120.18647"><ele>2213.0</ele></trkpt><trkpt lat="39.18068" lon="-120.18553"><ele>2220.0</ele></trkpt><trkpt lat="39.18094" lon="-120.18523"><ele>2223.0</ele></trkpt><trkpt lat="39.18197" lon="-120.18534"><ele>2232.0</ele></trkpt><trkpt lat="39.18208" lon="-120.18304"><ele>2244.0</ele></trkpt><trkpt lat="39.18286" lon="-120.18139"><ele>2255.0</ele></trkpt><trkpt lat="39.18505" lon="-120.18045"><ele>2277.0</ele></trkpt><trkpt lat="39.18574" lon="-120.17980"><ele>2283.0</ele></trkpt><trkpt lat="39.18565" lon="-120.18067"><ele>2290.0</ele></trkpt><trkpt lat="39.18483" lon="-120.18162"><ele>2299.0</ele></trkpt><trkpt lat="39.18550" lon="-120.18139"><ele>2303.0</ele></trkpt><trkpt lat="39.18738" lon="-120.18173"><ele>2317.0</ele></trkpt><trkpt lat="39.18806" lon="-120.18068"><ele>2325.0</ele></trkpt><trkpt lat="39.18836" lon="-120.18282"><ele>2340.0</ele></trkpt><trkpt lat="39.18739" lon="-120.18279"><ele>2348.0</ele></trkpt><trkpt lat="39.18662" lon="-120.18387"><ele>2361.0</ele></trkpt><trkpt lat="39.18813" lon="-120.18591"><ele>2357.0</ele></trkpt><trkpt lat="39.18982" lon="-120.18444"><ele>2351.0</ele></trkpt><trkpt lat="39.19324" lon="-120.18461"><ele>2339.0</ele></trkpt><trkpt lat="39.19408" lon="-120.18366"><ele>2326.0</ele></trkpt><trkpt lat="39.19410" lon="-120.18263"><ele>2319.0</ele></trkpt><trkpt lat="39.19509" lon="-120.18099"><ele>2297.0</ele></trkpt><trkpt lat="39.19576" lon="-120.18112"><ele>2299.0</ele></trkpt><trkpt lat="39.19747" lon="-120.18028"><ele>2312.0</ele></trkpt><trkpt lat="39.19910" lon="-120.18035"><ele>2296.0</ele></trkpt><trkpt lat="39.20018" lon="-120.18086"><ele>2294.0</ele></trkpt><trkpt lat="39.20046" lon="-120.17981"><ele>2285.0</ele></trkpt><trkpt lat="39.20166" lon="-120.17889"><ele>2284.0</ele></trkpt><trkpt lat="39.20671" lon="-120.17955"><ele>2242.0</ele></trkpt><trkpt lat="39.20765" lon="-120.17992"><ele>2242.0</ele></trkpt><trkpt lat="39.20927" lon="-120.18163"><ele>2263.0</ele></trkpt><trkpt lat="39.20961" lon="-120.18009"><ele>2281.0</ele></trkpt><trkpt lat="39.21056" lon="-120.18093"><ele>2291.0</ele></trkpt><trkpt lat="39.21086" lon="-120.17997"><ele>2297.0</ele></trkpt><trkpt lat="39.21116" lon="-120.17992"><ele>2298.0</ele></trkpt><trkpt lat="39.21128" lon="-120.18034"><ele>2301.0</ele></trkpt><trkpt lat="39.21151" lon="-120.18005"><ele>2303.0</ele></trkpt><trkpt lat="39.21200" lon="-120.18024"><ele>2312.0</ele></trkpt><trkpt lat="39.21283" lon="-120.17868"><ele>2328.0</ele></trkpt><trkpt lat="39.21247" lon="-120.17713"><ele>2340.0</ele></trkpt><trkpt lat="39.21254" lon="-120.17677"><ele>2344.0</ele></trkpt><trkpt lat="39.21288" lon="-120.17694"><ele>2349.0</ele></trkpt><trkpt lat="39.21271" lon="-120.17524"><ele>2357.0</ele></trkpt><trkpt lat="39.21374" lon="-120.17451"><ele>2369.0</ele></trkpt><trkpt lat="39.21378" lon="-120.17635"><ele>2365.0</ele></trkpt><trkpt lat="39.21443" lon="-120.17746"><ele>2363.0</ele></trkpt><trkpt lat="39.21535" lon="-120.17741"><ele>2357.0</ele></trkpt><trkpt lat="39.21577" lon="-120.17665"><ele>2351.0</ele></trkpt><trkpt lat="39.21661" lon="-120.17766"><ele>2348.0</ele></trkpt><trkpt lat="39.21695" lon="-120.17749"><ele>2351.0</ele></trkpt><trkpt lat="39.21691" lon="-120.17680"><ele>2349.0</ele></trkpt><trkpt lat="39.21819" lon="-120.17754"><ele>2334.0</ele></trkpt><trkpt lat="39.21833" lon="-120.17727"><ele>2333.0</ele></trkpt><trkpt lat="39.21686" lon="-120.17570"><ele>2322.0</ele></trkpt><trkpt lat="39.21528" lon="-120.17509"><ele>2313.0</ele></trkpt><trkpt lat="39.21520" lon="-120.17365"><ele>2301.0</ele></trkpt><trkpt lat="39.21410" lon="-120.17054"><ele>2274.0</ele></trkpt><trkpt lat="39.21463" lon="-120.16992"><ele>2272.0</ele></trkpt><trkpt lat="39.21512" lon="-120.16812"><ele>2276.0</ele></trkpt><trkpt lat="39.21433" lon="-120.16779"><ele>2280.0</ele></trkpt><trkpt lat="39.21410" lon="-120.16730"><ele>2284.0</ele></trkpt><trkpt lat="39.21460" lon="-120.16567"><ele>2295.0</ele></trkpt><trkpt lat="39.21457" lon="-120.16459"><ele>2300.0</ele></trkpt><trkpt lat="39.21525" lon="-120.16334"><ele>2306.0</ele></trkpt><trkpt lat="39.21546" lon="-120.16112"><ele>2316.0</ele></trkpt><trkpt lat="39.21517" lon="-120.16029"><ele>2319.0</ele></trkpt><trkpt lat="39.21331" lon="-120.15950"><ele>2333.0</ele></trkpt><trkpt lat="39.21475" lon="-120.15902"><ele>2345.0</ele></trkpt><trkpt lat="39.21429" lon="-120.15872"><ele>2347.0</ele></trkpt><trkpt lat="39.21503" lon="-120.15643"><ele>2343.0</ele></trkpt><trkpt lat="39.21460" lon="-120.15270"><ele>2332.0</ele></trkpt><trkpt lat="39.21513" lon="-120.15095"><ele>2323.0</ele></trkpt><trkpt lat="39.21543" lon="-120.14829"><ele>2318.0</ele></trkpt><trkpt lat="39.21429" lon="-120.14405"><ele>2309.0</ele></trkpt><trkpt lat="39.21328" lon="-120.14146"><ele>2312.0</ele></trkpt><trkpt lat="39.21315" lon="-120.13447"><ele>2281.0</ele></trkpt><trkpt lat="39.21340" lon="-120.13287"><ele>2280.0</ele></trkpt><trkpt lat="39.21425" lon="-120.13091"><ele>2300.0</ele></trkpt><trkpt lat="39.21602" lon="-120.13021"><ele>2317.0</ele></trkpt><trkpt lat="39.21620" lon="-120.12588"><ele>2336.0</ele></trkpt><trkpt lat="39.21641" lon="-120.12678"><ele>2351.0</ele></trkpt><trkpt lat="39.21735" lon="-120.12718"><ele>2366.0</ele></trkpt><trkpt lat="39.21771" lon="-120.12921"><ele>2393.0</ele></trkpt><trkpt lat="39.21848" lon="-120.13018"><ele>2404.0</ele></trkpt><trkpt lat="39.21848" lon="-120.13060"><ele>2407.0</ele></trkpt><trkpt lat="39.21953" lon="-120.12929"><ele>2421.0</ele></trkpt><trkpt lat="39.21939" lon="-120.13120"><ele>2430.0</ele></trkpt><trkpt lat="39.22033" lon="-120.12985"><ele>2437.0</ele></trkpt><trkpt lat="39.22132" lon="-120.12927"><ele>2430.0</ele></trkpt><trkpt lat="39.22142" lon="-120.12864"><ele>2427.0</ele></trkpt><trkpt lat="39.22248" lon="-120.12731"><ele>2424.0</ele></trkpt><trkpt lat="39.22313" lon="-120.12719"><ele>2418.0</ele></trkpt><trkpt lat="39.22369" lon="-120.12757"><ele>2412.0</ele></trkpt><trkpt lat="39.22445" lon="-120.12989"><ele>2397.0</ele></trkpt><trkpt lat="39.22369" lon="-120.13289"><ele>2390.0</ele></trkpt><trkpt lat="39.22368" lon="-120.13614"><ele>2403.0</ele></trkpt><trkpt lat="39.22438" lon="-120.13653"><ele>2402.0</ele></trkpt><trkpt lat="39.22490" lon="-120.13627"><ele>2401.0</ele></trkpt><trkpt lat="39.22690" lon="-120.13897"><ele>2402.0</ele></trkpt><trkpt lat="39.22750" lon="-120.13931"><ele>2398.0</ele></trkpt><trkpt lat="39.22808" lon="-120.13909"><ele>2399.0</ele></trkpt><trkpt lat="39.22784" lon="-120.13723"><ele>2388.0</ele></trkpt><trkpt lat="39.22830" lon="-120.13509"><ele>2375.0</ele></trkpt><trkpt lat="39.22754" lon="-120.13486"><ele>2363.0</ele></trkpt><trkpt lat="39.22827" lon="-120.13369"><ele>2351.0</ele></trkpt><trkpt lat="39.22825" lon="-120.13150"><ele>2332.0</ele></trkpt><trkpt lat="39.22884" lon="-120.13010"><ele>2320.0</ele></trkpt><trkpt lat="39.22913" lon="-120.12774"><ele>2307.0</ele></trkpt><trkpt lat="39.23047" lon="-120.12433"><ele>2302.0</ele></trkpt><trkpt lat="39.23110" lon="-120.12099"><ele>2304.0</ele></trkpt><trkpt lat="39.23108" lon="-120.11509"><ele>2304.0</ele></trkpt><trkpt lat="39.23250" lon="-120.11578"><ele>2295.0</ele></trkpt><trkpt lat="39.23556" lon="-120.11387"><ele>2263.0</ele></trkpt><trkpt lat="39.23311" lon="-120.11280"><ele>2233.0</ele></trkpt><trkpt lat="39.23364" lon="-120.11263"><ele>2228.0</ele></trkpt><trkpt lat="39.23495" lon="-120.11090"><ele>2205.0</ele></trkpt><trkpt lat="39.23565" lon="-120.11066"><ele>2197.0</ele></trkpt><trkpt lat="39.23608" lon="-120.10901"><ele>2189.0</ele></trkpt><trkpt lat="39.23721" lon="-120.10716"><ele>2180.0</ele></trkpt><trkpt lat="39.23762" lon="-120.10279"><ele>2168.0</ele></trkpt><trkpt lat="39.23993" lon="-120.10049"><ele>2147.0</ele></trkpt><trkpt lat="39.24146" lon="-120.10119"><ele>2143.0</ele></trkpt><trkpt lat="39.24285" lon="-120.10068"><ele>2152.0</ele></trkpt><trkpt lat="39.24321" lon="-120.10013"><ele>2158.0</ele></trkpt><trkpt lat="39.24421" lon="-120.09992"><ele>2164.0</ele></trkpt><trkpt lat="39.24472" lon="-120.09864"><ele>2174.0</ele></trkpt><trkpt lat="39.24501" lon="-120.09480"><ele>2205.0</ele></trkpt><trkpt lat="39.24559" lon="-120.09492"><ele>2212.0</ele></trkpt><trkpt lat="39.24613" lon="-120.09429"><ele>2220.0</ele></trkpt><trkpt lat="39.24736" lon="-120.08991"><ele>2253.0</ele></trkpt><trkpt lat="39.24744" lon="-120.08784"><ele>2266.0</ele></trkpt><trkpt lat="39.24708" lon="-120.08687"><ele>2269.0</ele></trkpt><trkpt lat="39.24988" lon="-120.08607"><ele>2308.0</ele></trkpt><trkpt lat="39.25066" lon="-120.08695"><ele>2323.0</ele></trkpt><trkpt lat="39.25275" lon="-120.08473"><ele>2333.0</ele></trkpt><trkpt lat="39.25704" lon="-120.08445"><ele>2301.0</ele></trkpt><trkpt lat="39.25899" lon="-120.08363"><ele>2277.0</ele></trkpt><trkpt lat="39.25915" lon="-120.08296"><ele>2272.0</ele></trkpt><trkpt lat="39.25845" lon="-120.08214"><ele>2255.0</ele></trkpt><trkpt lat="39.25834" lon="-120.08127"><ele>2248.0</ele></trkpt><trkpt lat="39.25774" lon="-120.08112"><ele>2236.0</ele></trkpt><trkpt lat="39.25819" lon="-120.08126"><ele>2248.0</ele></trkpt><trkpt lat="39.25837" lon="-120.08223"><ele>2257.0</ele></trkpt><trkpt lat="39.25900" lon="-120.08295"><ele>2273.0</ele></trkpt><trkpt lat="39.25925" lon="-120.08192"><ele>2266.0</ele></trkpt><trkpt lat="39.25914" lon="-120.07912"><ele>2266.0</ele></trkpt><trkpt lat="39.25852" lon="-120.07666"><ele>2259.0</ele></trkpt><trkpt lat="39.25935" lon="-120.07404"><ele>2233.0</ele></trkpt><trkpt lat="39.25830" lon="-120.07446"><ele>2220.0</ele></trkpt><trkpt lat="39.25908" lon="-120.07273"><ele>2204.0</ele></trkpt><trkpt lat="39.25922" lon="-120.07082"><ele>2197.0</ele></trkpt><trkpt lat="39.25766" lon="-120.06776"><ele>2175.0</ele></trkpt><trkpt lat="39.25780" lon="-120.06605"><ele>2165.0</ele></trkpt><trkpt lat="39.25845" lon="-120.06450"><ele>2173.0</ele></trkpt><trkpt lat="39.25902" lon="-120.06366"><ele>2182.0</ele></trkpt><trkpt lat="39.25911" lon="-120.06772"><ele>2221.0</ele></trkpt><trkpt lat="39.26031" lon="-120.06597"><ele>2239.0</ele></trkpt><trkpt lat="39.26010" lon="-120.06749"><ele>2254.0</ele></trkpt><trkpt lat="39.26068" lon="-120.06710"><ele>2263.0</ele></trkpt><trkpt lat="39.26165" lon="-120.06540"><ele>2281.0</ele></trkpt><trkpt lat="39.26207" lon="-120.06215"><ele>2308.0</ele></trkpt><trkpt lat="39.26301" lon="-120.05926"><ele>2334.0</ele></trkpt><trkpt lat="39.26416" lon="-120.05777"><ele>2352.0</ele></trkpt><trkpt lat="39.26678" lon="-120.05665"><ele>2347.0</ele></trkpt><trkpt lat="39.26745" lon="-120.05464"><ele>2342.0</ele></trkpt><trkpt lat="39.26741" lon="-120.05306"><ele>2331.0</ele></trkpt><trkpt lat="39.26813" lon="-120.05354"><ele>2326.0</ele></trkpt><trkpt lat="39.26836" lon="-120.05333"><ele>2325.0</ele></trkpt><trkpt lat="39.27025" lon="-120.04803"><ele>2346.0</ele></trkpt><trkpt lat="39.27134" lon="-120.04660"><ele>2362.0</ele></trkpt><trkpt lat="39.27250" lon="-120.04630"><ele>2370.0</ele></trkpt><trkpt lat="39.27394" lon="-120.04781"><ele>2376.0</ele></trkpt><trkpt lat="39.27517" lon="-120.04733"><ele>2375.0</ele></trkpt><trkpt lat="39.27636" lon="-120.04839"><ele>2360.0</ele></trkpt><trkpt lat="39.27701" lon="-120.04742"><ele>2362.0</ele></trkpt><trkpt lat="39.27712" lon="-120.04430"><ele>2392.0</ele></trkpt><trkpt lat="39.27775" lon="-120.04160"><ele>2423.0</ele></trkpt><trkpt lat="39.27881" lon="-120.04097"><ele>2434.0</ele></trkpt><trkpt lat="39.27966" lon="-120.04153"><ele>2447.0</ele></trkpt><trkpt lat="39.27997" lon="-120.04221"><ele>2453.0</ele></trkpt><trkpt lat="39.28135" lon="-120.04296"><ele>2464.0</ele></trkpt><trkpt lat="39.28316" lon="-120.04168"><ele>2476.0</ele></trkpt><trkpt lat="39.28304" lon="-120.03946"><ele>2494.0</ele></trkpt><trkpt lat="39.28144" lon="-120.03593"><ele>2527.0</ele></trkpt><trkpt lat="39.28086" lon="-120.03258"><ele>2555.0</ele></trkpt><trkpt lat="39.28025" lon="-120.03078"><ele>2575.0</ele></trkpt><trkpt lat="39.28150" lon="-120.03039"><ele>2588.0</ele></trkpt><trkpt lat="39.28339" lon="-120.03167"><ele>2600.0</ele></trkpt><trkpt lat="39.28466" lon="-120.03047"><ele>2596.0</ele></trkpt><trkpt lat="39.28625" lon="-120.03046"><ele>2591.0</ele></trkpt><trkpt lat="39.28756" lon="-120.02926"><ele>2584.0</ele></trkpt><trkpt lat="39.28737" lon="-120.02889"><ele>2577.0</ele></trkpt><trkpt lat="39.28669" lon="-120.02906"><ele>2567.0</ele></trkpt><trkpt lat="39.28554" lon="-120.02846"><ele>2551.0</ele></trkpt><trkpt lat="39.28582" lon="-120.02777"><ele>2547.0</ele></trkpt><trkpt lat="39.28547" lon="-120.02697"><ele>2538.0</ele></trkpt><trkpt lat="39.28407" lon="-120.02627"><ele>2514.0</ele></trkpt><trkpt lat="39.28288" lon="-120.02499"><ele>2518.0</ele></trkpt><trkpt lat="39.28067" lon="-120.02551"><ele>2502.0</ele></trkpt><trkpt lat="39.27971" lon="-120.02682"><ele>2492.0</ele></trkpt><trkpt lat="39.27937" lon="-120.02685"><ele>2485.0</ele></trkpt><trkpt lat="39.27890" lon="-120.02567"><ele>2467.0</ele></trkpt><trkpt lat="39.27896" lon="-120.02449"><ele>2453.0</ele></trkpt><trkpt lat="39.28017" lon="-120.02282"><ele>2437.0</ele></trkpt><trkpt lat="39.27753" lon="-120.02431"><ele>2410.0</ele></trkpt><trkpt lat="39.27634" lon="-120.02542"><ele>2395.0</ele></trkpt><trkpt lat="39.27597" lon="-120.02629"><ele>2392.0</ele></trkpt><trkpt lat="39.27558" lon="-120.02369"><ele>2359.0</ele></trkpt><trkpt lat="39.27614" lon="-120.02133"><ele>2348.0</ele></trkpt><trkpt lat="39.27541" lon="-120.01944"><ele>2363.0</ele></trkpt><trkpt lat="39.27359" lon="-120.01810"><ele>2349.0</ele></trkpt><trkpt lat="39.27284" lon="-120.01562"><ele>2363.0</ele></trkpt><trkpt lat="39.27166" lon="-120.01475"><ele>2371.0</ele></trkpt><trkpt lat="39.26999" lon="-120.01535"><ele>2361.0</ele></trkpt><trkpt lat="39.26776" lon="-120.01497"><ele>2347.0</ele></trkpt><trkpt lat="39.26764" lon="-120.01438"><ele>2348.0</ele></trkpt><trkpt lat="39.26803" lon="-120.01346"><ele>2359.0</ele></trkpt><trkpt lat="39.26776" lon="-120.01364"><ele>2354.0</ele></trkpt><trkpt lat="39.26808" lon="-120.01340"><ele>2360.0</ele></trkpt><trkpt lat="39.26776" lon="-120.01387"><ele>2353.0</ele></trkpt><trkpt lat="39.26753" lon="-120.01348"><ele>2353.0</ele></trkpt><trkpt lat="39.26723" lon="-120.01167"><ele>2365.0</ele></trkpt><trkpt lat="39.26617" lon="-120.00909"><ele>2376.0</ele></trkpt><trkpt lat="39.26301" lon="-120.00677"><ele>2387.0</ele></trkpt><trkpt lat="39.26192" lon="-120.00497"><ele>2414.0</ele></trkpt><trkpt lat="39.26186" lon="-120.00401"><ele>2427.0</ele></trkpt><trkpt lat="39.25997" lon="-120.00353"><ele>2459.0</ele></trkpt><trkpt lat="39.25878" lon="-120.00424"><ele>2421.0</ele></trkpt><trkpt lat="39.25843" lon="-120.00368"><ele>2400.0</ele></trkpt><trkpt lat="39.25863" lon="-119.99418"><ele>2232.0</ele></trkpt><trkpt lat="39.25538" lon="-119.98708"><ele>2052.0</ele></trkpt><trkpt lat="39.25395" lon="-119.98637"><ele>2044.0</ele></trkpt><trkpt lat="39.25252" lon="-119.98651"><ele>2030.0</ele></trkpt><trkpt lat="39.25197" lon="-119.98573"><ele>2030.0</ele></trkpt><trkpt lat="39.25162" lon="-119.98407"><ele>2015.0</ele></trkpt><trkpt lat="39.25131" lon="-119.98518"><ele>2020.0</ele></trkpt><trkpt lat="39.25147" lon="-119.98644"><ele>2010.0</ele></trkpt><trkpt lat="39.25070" lon="-119.98678"><ele>1995.0</ele></trkpt><trkpt lat="39.25087" lon="-119.98388"><ele>1992.0</ele></trkpt><trkpt lat="39.25144" lon="-119.98179"><ele>1984.0</ele></trkpt><trkpt lat="39.25107" lon="-119.98178"><ele>1980.0</ele></trkpt><trkpt lat="39.25044" lon="-119.98266"><ele>1974.0</ele></trkpt><trkpt lat="39.24963" lon="-119.98225"><ele>1966.0</ele></trkpt><trkpt lat="39.24994" lon="-119.97862"><ele>1967.0</ele></trkpt><trkpt lat="39.24957" lon="-119.97571"><ele>1966.0</ele></trkpt><trkpt lat="39.24842" lon="-119.97204"><ele>1957.0</ele></trkpt><trkpt lat="39.24523" lon="-119.96487"><ele>1960.0</ele></trkpt><trkpt lat="39.24015" lon="-119.94627"><ele>1956.0</ele></trkpt><trkpt lat="39.24006" lon="-119.94564"><ele>1956.0</ele></trkpt><trkpt lat="39.24070" lon="-119.94494"><ele>1958.0</ele></trkpt><trkpt lat="39.24176" lon="-119.94547"><ele>1960.0</ele></trkpt><trkpt lat="39.24278" lon="-119.94548"><ele>1963.0</ele></trkpt><trkpt lat="39.24261" lon="-119.94583"><ele>1962.0</ele></trkpt><trkpt lat="39.24289" lon="-119.94604"><ele>1962.0</ele></trkpt><trkpt lat="39.24273" lon="-119.94565"><ele>1962.0</ele></trkpt><trkpt lat="39.24325" lon="-119.94530"><ele>1964.0</ele></trkpt><trkpt lat="39.24270" lon="-119.94499"><ele>1962.0</ele></trkpt><trkpt lat="39.24368" lon="-119.94523"><ele>1967.0</ele></trkpt><trkpt lat="39.24315" lon="-119.94397"><ele>1966.0</ele></trkpt><trkpt lat="39.24363" lon="-119.94335"><ele>1966.0</ele></trkpt><trkpt lat="39.24298" lon="-119.94369"><ele>1963.0</ele></trkpt><trkpt lat="39.24365" lon="-119.94522"><ele>1964.0</ele></trkpt><trkpt lat="39.24318" lon="-119.94490"><ele>1962.0</ele></trkpt><trkpt lat="39.24093" lon="-119.94601"><ele>1953.0</ele></trkpt><trkpt lat="39.23987" lon="-119.94563"><ele>1951.0</ele></trkpt><trkpt lat="39.23715" lon="-119.93583"><ele>1962.0</ele></trkpt><trkpt lat="39.23512" lon="-119.93366"><ele>1956.0</ele></trkpt><trkpt lat="39.23240" lon="-119.93247"><ele>1965.0</ele></trkpt><trkpt lat="39.23245" lon="-119.93189"><ele>1967.0</ele></trkpt><trkpt lat="39.23501" lon="-119.93007"><ele>1967.0</ele></trkpt><trkpt lat="39.23499" lon="-119.92968"><ele>1967.0</ele></trkpt><trkpt lat="39.23145" lon="-119.93142"><ele>1998.0</ele></trkpt><trkpt lat="39.23006" lon="-119.93085"><ele>1998.0</ele></trkpt><trkpt lat="39.22563" lon="-119.93107"><ele>1999.0</ele></trkpt><trkpt lat="39.22501" lon="-119.93057"><ele>2006.0</ele></trkpt><trkpt lat="39.22461" lon="-119.92968"><ele>2017.0</ele></trkpt><trkpt lat="39.22503" lon="-119.92716"><ele>2046.0</ele></trkpt><trkpt lat="39.22474" lon="-119.92520"><ele>2067.0</ele></trkpt><trkpt lat="39.22613" lon="-119.92699"><ele>2092.0</ele></trkpt><trkpt lat="39.22690" lon="-119.92721"><ele>2107.0</ele></trkpt><trkpt lat="39.22767" lon="-119.92683"><ele>2123.0</ele></trkpt><trkpt lat="39.22777" lon="-119.92585"><ele>2133.0</ele></trkpt><trkpt lat="39.22661" lon="-119.92488"><ele>2147.0</ele></trkpt><trkpt lat="39.22719" lon="-119.92393"><ele>2155.0</ele></trkpt><trkpt lat="39.22796" lon="-119.92341"><ele>2157.0</ele></trkpt><trkpt lat="39.22746" lon="-119.91971"><ele>2185.0</ele></trkpt><trkpt lat="39.22845" lon="-119.91793"><ele>2207.0</ele></trkpt><trkpt lat="39.22776" lon="-119.91712"><ele>2216.0</ele></trkpt><trkpt lat="39.22556" lon="-119.91579"><ele>2243.0</ele></trkpt><trkpt lat="39.22494" lon="-119.91355"><ele>2268.0</ele></trkpt><trkpt lat="39.22426" lon="-119.91265"><ele>2278.0</ele></trkpt><trkpt lat="39.22592" lon="-119.91005"><ele>2309.0</ele></trkpt><trkpt lat="39.22531" lon="-119.90881"><ele>2326.0</ele></trkpt><trkpt lat="39.22484" lon="-119.90646"><ele>2353.0</ele></trkpt><trkpt lat="39.22112" lon="-119.90779"><ele>2378.0</ele></trkpt><trkpt lat="39.21854" lon="-119.90964"><ele>2417.0</ele></trkpt><trkpt lat="39.21851" lon="-119.90915"><ele>2420.0</ele></trkpt><trkpt lat="39.21984" lon="-119.90676"><ele>2451.0</ele></trkpt><trkpt lat="39.21979" lon="-119.90505"><ele>2473.0</ele></trkpt><trkpt lat="39.21925" lon="-119.90441"><ele>2483.0</ele></trkpt><trkpt lat="39.21799" lon="-119.90451"><ele>2483.0</ele></trkpt><trkpt lat="39.21742" lon="-119.90264"><ele>2477.0</ele></trkpt><trkpt lat="39.21502" lon="-119.90183"><ele>2468.0</ele></trkpt><trkpt lat="39.21326" lon="-119.89864"><ele>2478.0</ele></trkpt><trkpt lat="39.21199" lon="-119.89955"><ele>2491.0</ele></trkpt><trkpt lat="39.21186" lon="-119.90074"><ele>2500.0</ele></trkpt><trkpt lat="39.21209" lon="-119.90133"><ele>2503.0</ele></trkpt><trkpt lat="39.21140" lon="-119.90103"><ele>2512.0</ele></trkpt><trkpt lat="39.21127" lon="-119.90037"><ele>2518.0</ele></trkpt><trkpt lat="39.21080" lon="-119.90029"><ele>2521.0</ele></trkpt><trkpt lat="39.20956" lon="-119.90097"><ele>2536.0</ele></trkpt><trkpt lat="39.21032" lon="-119.90111"><ele>2541.0</ele></trkpt><trkpt lat="39.21033" lon="-119.90169"><ele>2545.0</ele></trkpt><trkpt lat="39.20920" lon="-119.90131"><ele>2552.0</ele></trkpt><trkpt lat="39.20853" lon="-119.90038"><ele>2563.0</ele></trkpt><trkpt lat="39.20860" lon="-119.90206"><ele>2574.0</ele></trkpt><trkpt lat="39.20904" lon="-119.90337"><ele>2584.0</ele></trkpt><trkpt lat="39.20878" lon="-119.90443"><ele>2593.0</ele></trkpt><trkpt lat="39.20847" lon="-119.90406"><ele>2599.0</ele></trkpt><trkpt lat="39.20827" lon="-119.90426"><ele>2603.0</ele></trkpt><trkpt lat="39.20822" lon="-119.90342"><ele>2610.0</ele></trkpt><trkpt lat="39.20675" lon="-119.90105"><ele>2637.0</ele></trkpt><trkpt lat="39.20669" lon="-119.90385"><ele>2667.0</ele></trkpt><trkpt lat="39.20562" lon="-119.90138"><ele>2684.0</ele></trkpt><trkpt lat="39.20570" lon="-119.90444"><ele>2695.0</ele></trkpt><trkpt lat="39.20426" lon="-119.90504"><ele>2678.0</ele></trkpt><trkpt lat="39.20400" lon="-119.90581"><ele>2669.0</ele></trkpt><trkpt lat="39.20367" lon="-119.90579"><ele>2664.0</ele></trkpt><trkpt lat="39.20452" lon="-119.90788"><ele>2664.0</ele></trkpt><trkpt lat="39.20256" lon="-119.90838"><ele>2690.0</ele></trkpt><trkpt lat="39.20129" lon="-119.90811"><ele>2695.0</ele></trkpt><trkpt lat="39.19862" lon="-119.90506"><ele>2690.0</ele></trkpt><trkpt lat="39.19807" lon="-119.90264"><ele>2686.0</ele></trkpt><trkpt lat="39.19562" lon="-119.90048"><ele>2694.0</ele></trkpt><trkpt lat="39.19354" lon="-119.90011"><ele>2679.0</ele></trkpt><trkpt lat="39.19282" lon="-119.89854"><ele>2672.0</ele></trkpt><trkpt lat="39.19282" lon="-119.89745"><ele>2668.0</ele></trkpt><trkpt lat="39.19319" lon="-119.89639"><ele>2658.0</ele></trkpt><trkpt lat="39.19400" lon="-119.89649"><ele>2649.0</ele></trkpt><trkpt lat="39.19476" lon="-119.89602"><ele>2639.0</ele></trkpt><trkpt lat="39.19590" lon="-119.89470"><ele>2620.0</ele></trkpt><trkpt lat="39.19583" lon="-119.89431"><ele>2616.0</ele></trkpt><trkpt lat="39.19511" lon="-119.89391"><ele>2611.0</ele></trkpt><trkpt lat="39.19389" lon="-119.89401"><ele>2600.0</ele></trkpt><trkpt lat="39.19224" lon="-119.89202"><ele>2579.0</ele></trkpt><trkpt lat="39.19125" lon="-119.88991"><ele>2571.0</ele></trkpt><trkpt lat="39.18974" lon="-119.88963"><ele>2575.0</ele></trkpt><trkpt lat="39.18775" lon="-119.88818"><ele>2581.0</ele></trkpt><trkpt lat="39.18755" lon="-119.88628"><ele>2564.0</ele></trkpt><trkpt lat="39.18518" lon="-119.88623"><ele>2567.0</ele></trkpt><trkpt lat="39.18448" lon="-119.88414"><ele>2575.0</ele></trkpt><trkpt lat="39.18383" lon="-119.88431"><ele>2581.0</ele></trkpt><trkpt lat="39.18334" lon="-119.88539"><ele>2589.0</ele></trkpt><trkpt lat="39.18304" lon="-119.88481"><ele>2592.0</ele></trkpt><trkpt lat="39.18152" lon="-119.88565"><ele>2597.0</ele></trkpt><trkpt lat="39.18056" lon="-119.88394"><ele>2599.0</ele></trkpt><trkpt lat="39.17977" lon="-119.88396"><ele>2595.0</ele></trkpt><trkpt lat="39.17974" lon="-119.88338"><ele>2594.0</ele></trkpt><trkpt lat="39.18032" lon="-119.88231"><ele>2586.0</ele></trkpt><trkpt lat="39.17969" lon="-119.88094"><ele>2579.0</ele></trkpt><trkpt lat="39.17862" lon="-119.88161"><ele>2573.0</ele></trkpt><trkpt lat="39.17834" lon="-119.88305"><ele>2575.0</ele></trkpt><trkpt lat="39.17711" lon="-119.88405"><ele>2581.0</ele></trkpt><trkpt lat="39.17515" lon="-119.88434"><ele>2586.0</ele></trkpt><trkpt lat="39.17473" lon="-119.88527"><ele>2593.0</ele></trkpt><trkpt lat="39.17413" lon="-119.88411"><ele>2600.0</ele></trkpt><trkpt lat="39.17369" lon="-119.88398"><ele>2603.0</ele></trkpt><trkpt lat="39.17384" lon="-119.88506"><ele>2615.0</ele></trkpt><trkpt lat="39.17327" lon="-119.88563"><ele>2627.0</ele></trkpt><trkpt lat="39.17274" lon="-119.88541"><ele>2628.0</ele></trkpt><trkpt lat="39.17190" lon="-119.88414"><ele>2635.0</ele></trkpt><trkpt lat="39.17147" lon="-119.88419"><ele>2640.0</ele></trkpt><trkpt lat="39.17142" lon="-119.88470"><ele>2645.0</ele></trkpt><trkpt lat="39.17094" lon="-119.88456"><ele>2652.0</ele></trkpt><trkpt lat="39.17011" lon="-119.88554"><ele>2668.0</ele></trkpt><trkpt lat="39.17016" lon="-119.88473"><ele>2678.0</ele></trkpt><trkpt lat="39.16977" lon="-119.88433"><ele>2682.0</ele></trkpt><trkpt lat="39.16973" lon="-119.88487"><ele>2692.0</ele></trkpt><trkpt lat="39.16889" lon="-119.88465"><ele>2710.0</ele></trkpt><trkpt lat="39.16852" lon="-119.88519"><ele>2717.0</ele></trkpt><trkpt lat="39.16828" lon="-119.88468"><ele>2724.0</ele></trkpt><trkpt lat="39.16407" lon="-119.88365"><ele>2734.0</ele></trkpt><trkpt lat="39.16348" lon="-119.88418"><ele>2738.0</ele></trkpt><trkpt lat="39.16290" lon="-119.88705"><ele>2747.0</ele></trkpt><trkpt lat="39.15956" lon="-119.88804"><ele>2778.0</ele></trkpt><trkpt lat="39.15824" lon="-119.88752"><ele>2783.0</ele></trkpt><trkpt lat="39.15808" lon="-119.88708"><ele>2778.0</ele></trkpt><trkpt lat="39.15244" lon="-119.88565"><ele>2757.0</ele></trkpt><trkpt lat="39.15091" lon="-119.88626"><ele>2738.0</ele></trkpt><trkpt lat="39.15034" lon="-119.88577"><ele>2737.0</ele></trkpt><trkpt lat="39.14934" lon="-119.88567"><ele>2728.0</ele></trkpt><trkpt lat="39.14882" lon="-119.88620"><ele>2720.0</ele></trkpt><trkpt lat="39.14424" lon="-119.88710"><ele>2678.0</ele></trkpt><trkpt lat="39.14097" lon="-119.88675"><ele>2643.0</ele></trkpt><trkpt lat="39.13963" lon="-119.88862"><ele>2610.0</ele></trkpt><trkpt lat="39.13891" lon="-119.88816"><ele>2600.0</ele></trkpt><trkpt lat="39.13885" lon="-119.88744"><ele>2598.0</ele></trkpt><trkpt lat="39.13868" lon="-119.88864"><ele>2586.0</ele></trkpt><trkpt lat="39.13912" lon="-119.88999"><ele>2575.0</ele></trkpt><trkpt lat="39.13784" lon="-119.89169"><ele>2581.0</ele></trkpt><trkpt lat="39.13679" lon="-119.89224"><ele>2577.0</ele></trkpt><trkpt lat="39.13568" lon="-119.89347"><ele>2565.0</ele></trkpt><trkpt lat="39.13541" lon="-119.89507"><ele>2553.0</ele></trkpt><trkpt lat="39.13425" lon="-119.89582"><ele>2536.0</ele></trkpt><trkpt lat="39.13377" lon="-119.89577"><ele>2529.0</ele></trkpt><trkpt lat="39.13362" lon="-119.89632"><ele>2525.0</ele></trkpt><trkpt lat="39.13179" lon="-119.89539"><ele>2510.0</ele></trkpt><trkpt lat="39.13175" lon="-119.89594"><ele>2511.0</ele></trkpt><trkpt lat="39.13079" lon="-119.89666"><ele>2513.0</ele></trkpt><trkpt lat="39.13041" lon="-119.89750"><ele>2521.0</ele></trkpt><trkpt lat="39.12992" lon="-119.89757"><ele>2525.0</ele></trkpt><trkpt lat="39.12936" lon="-119.89837"><ele>2517.0</ele></trkpt><trkpt lat="39.12846" lon="-119.89838"><ele>2510.0</ele></trkpt><trkpt lat="39.12804" lon="-119.89917"><ele>2513.0</ele></trkpt><trkpt lat="39.12824" lon="-119.90038"><ele>2516.0</ele></trkpt><trkpt lat="39.12806" lon="-119.90069"><ele>2512.0</ele></trkpt><trkpt lat="39.12666" lon="-119.90164"><ele>2496.0</ele></trkpt><trkpt lat="39.12601" lon="-119.90152"><ele>2496.0</ele></trkpt><trkpt lat="39.12557" lon="-119.90185"><ele>2498.0</ele></trkpt><trkpt lat="39.12505" lon="-119.90147"><ele>2494.0</ele></trkpt><trkpt lat="39.12342" lon="-119.90187"><ele>2474.0</ele></trkpt><trkpt lat="39.12438" lon="-119.90104"><ele>2461.0</ele></trkpt><trkpt lat="39.12473" lon="-119.90009"><ele>2453.0</ele></trkpt><trkpt lat="39.12357" lon="-119.90014"><ele>2453.0</ele></trkpt><trkpt lat="39.12322" lon="-119.89738"><ele>2458.0</ele></trkpt><trkpt lat="39.12150" lon="-119.89989"><ele>2421.0</ele></trkpt><trkpt lat="39.12101" lon="-119.89976"><ele>2416.0</ele></trkpt><trkpt lat="39.12096" lon="-119.89843"><ele>2400.0</ele></trkpt><trkpt lat="39.11948" lon="-119.89945"><ele>2380.0</ele></trkpt><trkpt lat="39.11902" lon="-119.89824"><ele>2364.0</ele></trkpt><trkpt lat="39.11758" lon="-119.89926"><ele>2347.0</ele></trkpt><trkpt lat="39.11675" lon="-119.90054"><ele>2333.0</ele></trkpt><trkpt lat="39.11677" lon="-119.90113"><ele>2328.0</ele></trkpt><trkpt lat="39.11586" lon="-119.90221"><ele>2313.0</ele></trkpt><trkpt lat="39.11595" lon="-119.90147"><ele>2306.0</ele></trkpt><trkpt lat="39.11540" lon="-119.90170"><ele>2297.0</ele></trkpt><trkpt lat="39.11508" lon="-119.90084"><ele>2299.0</ele></trkpt><trkpt lat="39.11462" lon="-119.90094"><ele>2299.0</ele></trkpt><trkpt lat="39.11387" lon="-119.90189"><ele>2298.0</ele></trkpt><trkpt lat="39.11322" lon="-119.90149"><ele>2292.0</ele></trkpt><trkpt lat="39.11308" lon="-119.90049"><ele>2287.0</ele></trkpt><trkpt lat="39.11174" lon="-119.90039"><ele>2276.0</ele></trkpt><trkpt lat="39.11139" lon="-119.90002"><ele>2270.0</ele></trkpt><trkpt lat="39.11107" lon="-119.89855"><ele>2259.0</ele></trkpt><trkpt lat="39.11068" lon="-119.89879"><ele>2256.0</ele></trkpt><trkpt lat="39.11033" lon="-119.90021"><ele>2244.0</ele></trkpt><trkpt lat="39.10901" lon="-119.90083"><ele>2220.0</ele></trkpt><trkpt lat="39.10799" lon="-119.90105"><ele>2216.0</ele></trkpt><trkpt lat="39.10686" lon="-119.90047"><ele>2216.0</ele></trkpt><trkpt lat="39.10526" lon="-119.89748"><ele>2206.0</ele></trkpt><trkpt lat="39.10433" lon="-119.89687"><ele>2195.0</ele></trkpt><trkpt lat="39.10336" lon="-119.89523"><ele>2197.0</ele></trkpt><trkpt lat="39.10312" lon="-119.89591"><ele>2203.0</ele></trkpt><trkpt lat="39.10291" lon="-119.89527"><ele>2210.0</ele></trkpt><trkpt lat="39.10266" lon="-119.89573"><ele>2215.0</ele></trkpt><trkpt lat="39.10241" lon="-119.89521"><ele>2222.0</ele></trkpt><trkpt lat="39.10180" lon="-119.89533"><ele>2230.0</ele></trkpt><trkpt lat="39.10210" lon="-119.89587"><ele>2236.0</ele></trkpt><trkpt lat="39.10205" lon="-119.89731"><ele>2251.0</ele></trkpt><trkpt lat="39.10112" lon="-119.89925"><ele>2274.0</ele></trkpt><trkpt lat="39.10090" lon="-119.89924"><ele>2279.0</ele></trkpt><trkpt lat="39.10104" lon="-119.89885"><ele>2283.0</ele></trkpt><trkpt lat="39.10058" lon="-119.89777"><ele>2295.0</ele></trkpt><trkpt lat="39.09970" lon="-119.89842"><ele>2304.0</ele></trkpt><trkpt lat="39.09875" lon="-119.89705"><ele>2314.0</ele></trkpt><trkpt lat="39.09836" lon="-119.89686"><ele>2317.0</ele></trkpt><trkpt lat="39.09817" lon="-119.89743"><ele>2324.0</ele></trkpt><trkpt lat="39.09721" lon="-119.89647"><ele>2341.0</ele></trkpt><trkpt lat="39.09551" lon="-119.89765"><ele>2365.0</ele></trkpt><trkpt lat="39.09397" lon="-119.89714"><ele>2364.0</ele></trkpt><trkpt lat="39.09348" lon="-119.89686"><ele>2366.0</ele></trkpt><trkpt lat="39.09274" lon="-119.89534"><ele>2360.0</ele></trkpt><trkpt lat="39.09184" lon="-119.89492"><ele>2361.0</ele></trkpt><trkpt lat="39.09143" lon="-119.89509"><ele>2367.0</ele></trkpt><trkpt lat="39.09058" lon="-119.89292"><ele>2375.0</ele></trkpt><trkpt lat="39.08980" lon="-119.89341"><ele>2384.0</ele></trkpt><trkpt lat="39.08960" lon="-119.89405"><ele>2387.0</ele></trkpt><trkpt lat="39.08823" lon="-119.89388"><ele>2395.0</ele></trkpt><trkpt lat="39.08814" lon="-119.89338"><ele>2390.0</ele></trkpt><trkpt lat="39.08881" lon="-119.89277"><ele>2382.0</ele></trkpt><trkpt lat="39.08837" lon="-119.89154"><ele>2389.0</ele></trkpt><trkpt lat="39.08836" lon="-119.89012"><ele>2394.0</ele></trkpt><trkpt lat="39.08778" lon="-119.88904"><ele>2394.0</ele></trkpt><trkpt lat="39.08664" lon="-119.88805"><ele>2387.0</ele></trkpt><trkpt lat="39.08636" lon="-119.88699"><ele>2384.0</ele></trkpt><trkpt lat="39.08531" lon="-119.88712"><ele>2387.0</ele></trkpt><trkpt lat="39.08498" lon="-119.88651"><ele>2389.0</ele></trkpt><trkpt lat="39.08355" lon="-119.88551"><ele>2402.0</ele></trkpt><trkpt lat="39.08024" lon="-119.88500"><ele>2434.0</ele></trkpt><trkpt lat="39.07935" lon="-119.88577"><ele>2444.0</ele></trkpt><trkpt lat="39.07861" lon="-119.88596"><ele>2452.0</ele></trkpt><trkpt lat="39.07818" lon="-119.88564"><ele>2457.0</ele></trkpt><trkpt lat="39.07571" lon="-119.88682"><ele>2481.0</ele></trkpt><trkpt lat="39.07541" lon="-119.88728"><ele>2478.0</ele></trkpt><trkpt lat="39.07517" lon="-119.88920"><ele>2474.0</ele></trkpt><trkpt lat="39.07476" lon="-119.88947"><ele>2473.0</ele></trkpt><trkpt lat="39.07400" lon="-119.88925"><ele>2465.0</ele></trkpt><trkpt lat="39.07370" lon="-119.89172"><ele>2470.0</ele></trkpt><trkpt lat="39.07315" lon="-119.89265"><ele>2481.0</ele></trkpt><trkpt lat="39.07141" lon="-119.89207"><ele>2495.0</ele></trkpt><trkpt lat="39.06826" lon="-119.89572"><ele>2544.0</ele></trkpt><trkpt lat="39.06868" lon="-119.89273"><ele>2570.0</ele></trkpt><trkpt lat="39.06824" lon="-119.89199"><ele>2578.0</ele></trkpt><trkpt lat="39.06661" lon="-119.89180"><ele>2597.0</ele></trkpt><trkpt lat="39.06671" lon="-119.89268"><ele>2606.0</ele></trkpt><trkpt lat="39.06326" lon="-119.89516"><ele>2654.0</ele></trkpt><trkpt lat="39.06280" lon="-119.89729"><ele>2672.0</ele></trkpt><trkpt lat="39.06295" lon="-119.89878"><ele>2683.0</ele></trkpt><trkpt lat="39.06267" lon="-119.89987"><ele>2694.0</ele></trkpt><trkpt lat="39.06141" lon="-119.89875"><ele>2711.0</ele></trkpt><trkpt lat="39.06113" lon="-119.89798"><ele>2711.0</ele></trkpt><trkpt lat="39.05922" lon="-119.89726"><ele>2705.0</ele></trkpt><trkpt lat="39.05845" lon="-119.89624"><ele>2704.0</ele></trkpt><trkpt lat="39.05675" lon="-119.89566"><ele>2704.0</ele></trkpt><trkpt lat="39.05647" lon="-119.89443"><ele>2701.0</ele></trkpt><trkpt lat="39.05445" lon="-119.89213"><ele>2714.0</ele></trkpt><trkpt lat="39.05276" lon="-119.89100"><ele>2702.0</ele></trkpt><trkpt lat="39.05116" lon="-119.89075"><ele>2692.0</ele></trkpt><trkpt lat="39.05137" lon="-119.88923"><ele>2677.0</ele></trkpt><trkpt lat="39.04990" lon="-119.88910"><ele>2665.0</ele></trkpt><trkpt lat="39.04873" lon="-119.88972"><ele>2653.0</ele></trkpt><trkpt lat="39.04856" lon="-119.89103"><ele>2643.0</ele></trkpt><trkpt lat="39.04719" lon="-119.89077"><ele>2633.0</ele></trkpt><trkpt lat="39.04407" lon="-119.89171"><ele>2621.0</ele></trkpt><trkpt lat="39.04032" lon="-119.89165"><ele>2597.0</ele></trkpt><trkpt lat="39.04073" lon="-119.89274"><ele>2587.0</ele></trkpt><trkpt lat="39.03969" lon="-119.89334"><ele>2576.0</ele></trkpt><trkpt lat="39.03980" lon="-119.89414"><ele>2575.0</ele></trkpt><trkpt lat="39.04219" lon="-119.89691"><ele>2581.0</ele></trkpt><trkpt lat="39.04215" lon="-119.89774"><ele>2578.0</ele></trkpt><trkpt lat="39.03909" lon="-119.89977"><ele>2567.0</ele></trkpt><trkpt lat="39.03697" lon="-119.89992"><ele>2564.0</ele></trkpt><trkpt lat="39.03641" lon="-119.90044"><ele>2560.0</ele></trkpt><trkpt lat="39.03659" lon="-119.90135"><ele>2557.0</ele></trkpt><trkpt lat="39.03585" lon="-119.90214"><ele>2550.0</ele></trkpt><trkpt lat="39.03498" lon="-119.90245"><ele>2543.0</ele></trkpt><trkpt lat="39.03443" lon="-119.90344"><ele>2531.0</ele></trkpt><trkpt lat="39.03393" lon="-119.90332"><ele>2529.0</ele></trkpt><trkpt lat="39.03362" lon="-119.90409"><ele>2520.0</ele></trkpt><trkpt lat="39.03290" lon="-119.90364"><ele>2516.0</ele></trkpt><trkpt lat="39.03256" lon="-119.90296"><ele>2518.0</ele></trkpt><trkpt lat="39.03144" lon="-119.90280"><ele>2518.0</ele></trkpt><trkpt lat="39.03113" lon="-119.90227"><ele>2516.0</ele></trkpt><trkpt lat="39.02991" lon="-119.90177"><ele>2506.0</ele></trkpt><trkpt lat="39.02835" lon="-119.90171"><ele>2498.0</ele></trkpt><trkpt lat="39.02777" lon="-119.90215"><ele>2494.0</ele></trkpt><trkpt lat="39.02707" lon="-119.90188"><ele>2494.0</ele></trkpt><trkpt lat="39.02681" lon="-119.90049"><ele>2491.0</ele></trkpt><trkpt lat="39.02708" lon="-119.89935"><ele>2490.0</ele></trkpt><trkpt lat="39.02640" lon="-119.89850"><ele>2483.0</ele></trkpt><trkpt lat="39.02564" lon="-119.89941"><ele>2479.0</ele></trkpt><trkpt lat="39.02480" lon="-119.89942"><ele>2468.0</ele></trkpt><trkpt lat="39.02391" lon="-119.90057"><ele>2456.0</ele></trkpt><trkpt lat="39.02357" lon="-119.90035"><ele>2453.0</ele></trkpt><trkpt lat="39.02318" lon="-119.89918"><ele>2457.0</ele></trkpt><trkpt lat="39.02267" lon="-119.89914"><ele>2462.0</ele></trkpt><trkpt lat="39.02231" lon="-119.89960"><ele>2469.0</ele></trkpt><trkpt lat="39.02144" lon="-119.89889"><ele>2471.0</ele></trkpt><trkpt lat="39.02050" lon="-119.89930"><ele>2475.0</ele></trkpt><trkpt lat="39.02057" lon="-119.89877"><ele>2477.0</ele></trkpt><trkpt lat="39.02002" lon="-119.89793"><ele>2467.0</ele></trkpt><trkpt lat="39.01873" lon="-119.89849"><ele>2457.0</ele></trkpt><trkpt lat="39.01773" lon="-119.89664"><ele>2456.0</ele></trkpt><trkpt lat="39.01696" lon="-119.89698"><ele>2458.0</ele></trkpt><trkpt lat="39.01606" lon="-119.89686"><ele>2465.0</ele></trkpt><trkpt lat="39.01578" lon="-119.89720"><ele>2466.0</ele></trkpt><trkpt lat="39.01436" lon="-119.89702"><ele>2473.0</ele></trkpt><trkpt lat="39.01390" lon="-119.89494"><ele>2456.0</ele></trkpt><trkpt lat="39.01255" lon="-119.89617"><ele>2452.0</ele></trkpt><trkpt lat="39.01169" lon="-119.89623"><ele>2450.0</ele></trkpt><trkpt lat="39.01123" lon="-119.89804"><ele>2437.0</ele></trkpt><trkpt lat="39.01061" lon="-119.89905"><ele>2432.0</ele></trkpt><trkpt lat="39.01002" lon="-119.89992"><ele>2425.0</ele></trkpt><trkpt lat="39.00892" lon="-119.90067"><ele>2416.0</ele></trkpt><trkpt lat="39.00779" lon="-119.90073"><ele>2414.0</ele></trkpt><trkpt lat="39.00720" lon="-119.89967"><ele>2413.0</ele></trkpt><trkpt lat="39.00646" lon="-119.90000"><ele>2418.0</ele></trkpt><trkpt lat="39.00589" lon="-119.89877"><ele>2416.0</ele></trkpt><trkpt lat="39.00421" lon="-119.89923"><ele>2415.0</ele></trkpt><trkpt lat="39.00394" lon="-119.89902"><ele>2412.0</ele></trkpt><trkpt lat="39.00393" lon="-119.89797"><ele>2401.0</ele></trkpt><trkpt lat="39.00280" lon="-119.89803"><ele>2385.0</ele></trkpt><trkpt lat="39.00205" lon="-119.89953"><ele>2383.0</ele></trkpt><trkpt lat="39.00153" lon="-119.89973"><ele>2384.0</ele></trkpt><trkpt lat="39.00155" lon="-119.90050"><ele>2389.0</ele></trkpt><trkpt lat="39.00068" lon="-119.90182"><ele>2398.0</ele></trkpt><trkpt lat="38.99689" lon="-119.90370"><ele>2429.0</ele></trkpt><trkpt lat="38.99686" lon="-119.90454"><ele>2435.0</ele></trkpt><trkpt lat="38.99744" lon="-119.90457"><ele>2430.0</ele></trkpt><trkpt lat="38.99742" lon="-119.90526"><ele>2423.0</ele></trkpt><trkpt lat="38.99809" lon="-119.90550"><ele>2416.0</ele></trkpt><trkpt lat="38.99714" lon="-119.90672"><ele>2397.0</ele></trkpt><trkpt lat="38.99650" lon="-119.90681"><ele>2389.0</ele></trkpt><trkpt lat="38.99688" lon="-119.90750"><ele>2381.0</ele></trkpt><trkpt lat="38.99606" lon="-119.90798"><ele>2375.0</ele></trkpt><trkpt lat="38.99563" lon="-119.90755"><ele>2365.0</ele></trkpt><trkpt lat="38.99488" lon="-119.90759"><ele>2358.0</ele></trkpt><trkpt lat="38.99438" lon="-119.90693"><ele>2359.0</ele></trkpt><trkpt lat="38.99345" lon="-119.90678"><ele>2351.0</ele></trkpt><trkpt lat="38.99281" lon="-119.90508"><ele>2341.0</ele></trkpt><trkpt lat="38.99060" lon="-119.90391"><ele>2317.0</ele></trkpt><trkpt lat="38.98948" lon="-119.90118"><ele>2291.0</ele></trkpt><trkpt lat="38.98825" lon="-119.90155"><ele>2292.0</ele></trkpt><trkpt lat="38.98708" lon="-119.90109"><ele>2299.0</ele></trkpt><trkpt lat="38.98680" lon="-119.89978"><ele>2298.0</ele></trkpt><trkpt lat="38.98647" lon="-119.89950"><ele>2296.0</ele></trkpt><trkpt lat="38.98511" lon="-119.90034"><ele>2308.0</ele></trkpt><trkpt lat="38.98553" lon="-119.90098"><ele>2311.0</ele></trkpt><trkpt lat="38.98531" lon="-119.90131"><ele>2314.0</ele></trkpt><trkpt lat="38.98426" lon="-119.90072"><ele>2307.0</ele></trkpt><trkpt lat="38.98418" lon="-119.90111"><ele>2301.0</ele></trkpt><trkpt lat="38.98360" lon="-119.90100"><ele>2293.0</ele></trkpt><trkpt lat="38.98286" lon="-119.90161"><ele>2276.0</ele></trkpt><trkpt lat="38.98185" lon="-119.90149"><ele>2265.0</ele></trkpt><trkpt lat="38.98167" lon="-119.90195"><ele>2260.0</ele></trkpt><trkpt lat="38.98122" lon="-119.90107"><ele>2252.0</ele></trkpt><trkpt lat="38.98132" lon="-119.90044"><ele>2248.0</ele></trkpt><trkpt lat="38.98072" lon="-119.89969"><ele>2243.0</ele></trkpt><trkpt lat="38.97991" lon="-119.89981"><ele>2232.0</ele></trkpt><trkpt lat="38.97917" lon="-119.89946"><ele>2224.0</ele></trkpt><trkpt lat="38.97885" lon="-119.89921"><ele>2217.0</ele></trkpt><trkpt lat="38.97872" lon="-119.89848"><ele>2216.0</ele></trkpt><trkpt lat="38.97763" lon="-119.89909"><ele>2198.0</ele></trkpt><trkpt lat="38.97748" lon="-119.89868"><ele>2192.0</ele></trkpt><trkpt lat="38.97691" lon="-119.89868"><ele>2182.0</ele></trkpt><trkpt lat="38.97740" lon="-119.89791"><ele>2181.0</ele></trkpt><trkpt lat="38.97719" lon="-119.89748"><ele>2185.0</ele></trkpt><trkpt lat="38.97659" lon="-119.89792"><ele>2193.0</ele></trkpt><trkpt lat="38.97450" lon="-119.89789"><ele>2199.0</ele></trkpt><trkpt lat="38.97382" lon="-119.89884"><ele>2178.0</ele></trkpt><trkpt lat="38.97355" lon="-119.89858"><ele>2175.0</ele></trkpt><trkpt lat="38.97309" lon="-119.89883"><ele>2178.0</ele></trkpt><trkpt lat="38.97213" lon="-119.90032"><ele>2175.0</ele></trkpt><trkpt lat="38.97089" lon="-119.90020"><ele>2156.0</ele></trkpt><trkpt lat="38.97062" lon="-119.89958"><ele>2149.0</ele></trkpt><trkpt lat="38.97087" lon="-119.89889"><ele>2147.0</ele></trkpt><trkpt lat="38.97021" lon="-119.89763"><ele>2152.0</ele></trkpt><trkpt lat="38.97012" lon="-119.89534"><ele>2169.0</ele></trkpt><trkpt lat="38.96930" lon="-119.89648"><ele>2176.0</ele></trkpt><trkpt lat="38.96885" lon="-119.89575"><ele>2175.0</ele></trkpt><trkpt lat="38.96755" lon="-119.89574"><ele>2174.0</ele></trkpt><trkpt lat="38.96800" lon="-119.89696"><ele>2186.0</ele></trkpt><trkpt lat="38.96787" lon="-119.89903"><ele>2200.0</ele></trkpt><trkpt lat="38.96840" lon="-119.90037"><ele>2206.0</ele></trkpt><trkpt lat="38.96771" lon="-119.90132"><ele>2200.0</ele></trkpt><trkpt lat="38.96743" lon="-119.90090"><ele>2193.0</ele></trkpt><trkpt lat="38.96669" lon="-119.90212"><ele>2196.0</ele></trkpt><trkpt lat="38.96617" lon="-119.90235"><ele>2196.0</ele></trkpt><trkpt lat="38.96557" lon="-119.90129"><ele>2196.0</ele></trkpt><trkpt lat="38.96528" lon="-119.90172"><ele>2200.0</ele></trkpt><trkpt lat="38.96466" lon="-119.90169"><ele>2213.0</ele></trkpt><trkpt lat="38.96470" lon="-119.90046"><ele>2225.0</ele></trkpt><trkpt lat="38.96442" lon="-119.90011"><ele>2230.0</ele></trkpt><trkpt lat="38.96363" lon="-119.90008"><ele>2230.0</ele></trkpt><trkpt lat="38.96306" lon="-119.89834"><ele>2250.0</ele></trkpt><trkpt lat="38.96278" lon="-119.89848"><ele>2253.0</ele></trkpt><trkpt lat="38.96293" lon="-119.90090"><ele>2269.0</ele></trkpt><trkpt lat="38.96273" lon="-119.90100"><ele>2270.0</ele></trkpt><trkpt lat="38.96177" lon="-119.89901"><ele>2297.0</ele></trkpt><trkpt lat="38.96070" lon="-119.89786"><ele>2319.0</ele></trkpt><trkpt lat="38.96038" lon="-119.89623"><ele>2339.0</ele></trkpt><trkpt lat="38.96061" lon="-119.89562"><ele>2337.0</ele></trkpt><trkpt lat="38.96134" lon="-119.89548"><ele>2335.0</ele></trkpt><trkpt lat="38.96109" lon="-119.89481"><ele>2342.0</ele></trkpt><trkpt lat="38.95996" lon="-119.89566"><ele>2359.0</ele></trkpt><trkpt lat="38.95992" lon="-119.89531"><ele>2364.0</ele></trkpt><trkpt lat="38.95967" lon="-119.89557"><ele>2367.0</ele></trkpt><trkpt lat="38.95973" lon="-119.89476"><ele>2376.0</ele></trkpt><trkpt lat="38.95943" lon="-119.89451"><ele>2379.0</ele></trkpt><trkpt lat="38.95868" lon="-119.89530"><ele>2392.0</ele></trkpt><trkpt lat="38.95598" lon="-119.89534"><ele>2394.0</ele></trkpt><trkpt lat="38.95714" lon="-119.89396"><ele>2400.0</ele></trkpt><trkpt lat="38.95627" lon="-119.89091"><ele>2408.0</ele></trkpt><trkpt lat="38.95663" lon="-119.88929"><ele>2397.0</ele></trkpt><trkpt lat="38.95578" lon="-119.88895"><ele>2391.0</ele></trkpt><trkpt lat="38.95629" lon="-119.88795"><ele>2383.0</ele></trkpt><trkpt lat="38.95633" lon="-119.88699"><ele>2375.0</ele></trkpt><trkpt lat="38.95667" lon="-119.88719"><ele>2369.0</ele></trkpt><trkpt lat="38.95707" lon="-119.88634"><ele>2366.0</ele></trkpt><trkpt lat="38.95832" lon="-119.88560"><ele>2360.0</ele></trkpt><trkpt lat="38.95957" lon="-119.88648"><ele>2342.0</ele></trkpt><trkpt lat="38.95971" lon="-119.88741"><ele>2332.0</ele></trkpt><trkpt lat="38.96047" lon="-119.88621"><ele>2303.0</ele></trkpt><trkpt lat="38.96060" lon="-119.88663"><ele>2301.0</ele></trkpt><trkpt lat="38.96102" lon="-119.88623"><ele>2294.0</ele></trkpt></trkseg></trk></gpx>