<?xml version="1.0" encoding="UTF-8"?>
<gpx version="1.1" creator="alexrunsfar simplify-gpx"><metadata><name>wasatch-100-2026</name><desc>simplified from Strava export; 98.47 mi; 4478 ft gain (computed at full resolution)</desc></metadata><trk><name>wasatch-100-2026</name><trkseg><trkpt lat="41.04671" lon="-111.90481"><ele>1466.9</ele></trkpt><trkpt lat="41.04675" lon="-111.90452"><ele>1466.9</ele></trkpt><trkpt lat="41.04707" lon="-111.90415"><ele>1466.9</ele></trkpt><trkpt lat="41.04764" lon="-111.90431"><ele>1466.9</ele></trkpt><trkpt lat="41.04803" lon="-111.90383"><ele>1466.9</ele></trkpt><trkpt lat="41.04950" lon="-111.90370"><ele>1466.9</ele></trkpt><trkpt lat="41.05053" lon="-111.90283"><ele>1466.9</ele></trkpt><trkpt lat="41.05180" lon="-111.90238"><ele>1466.9</ele></trkpt><trkpt lat="41.05229" lon="-111.90252"><ele>1466.9</ele></trkpt><trkpt lat="41.05269" lon="-111.90192"><ele>1466.9</ele></trkpt><trkpt lat="41.05345" lon="-111.90126"><ele>1466.9</ele></trkpt><trkpt lat="41.05399" lon="-111.90044"><ele>1466.9</ele></trkpt><trkpt lat="41.05410" lon="-111.89976"><ele>1466.9</ele></trkpt><trkpt lat="41.05394" lon="-111.89945"><ele>1466.9</ele></trkpt><trkpt lat="41.05333" lon="-111.89927"><ele>1466.9</ele></trkpt><trkpt lat="41.05313" lon="-111.89900"><ele>1466.9</ele></trkpt><trkpt lat="41.05283" lon="-111.89920"><ele>1466.9</ele></trkpt><trkpt lat="41.05229" lon="-111.89896"><ele>1466.9</ele></trkpt><trkpt lat="41.05163" lon="-111.89932"><ele>1466.9</ele></trkpt><trkpt lat="41.05126" lon="-111.89924"><ele>1466.9</ele></trkpt><trkpt lat="41.05068" lon="-111.89875"><ele>1466.9</ele></trkpt><trkpt lat="41.05022" lon="-111.89928"><ele>1466.9</ele></trkpt><trkpt lat="41.04964" lon="-111.89915"><ele>1466.9</ele></trkpt><trkpt lat="41.04921" lon="-111.89885"><ele>1466.9</ele></trkpt><trkpt lat="41.04817" lon="-111.89923"><ele>1466.9</ele></trkpt><trkpt lat="41.04760" lon="-111.89900"><ele>1466.9</ele></trkpt><trkpt lat="41.04725" lon="-111.89938"><ele>1466.9</ele></trkpt><trkpt lat="41.04639" lon="-111.89985"><ele>1466.9</ele></trkpt><trkpt lat="41.04614" lon="-111.89992"><ele>1466.9</ele></trkpt><trkpt lat="41.04532" lon="-111.89966"><ele>1466.9</ele></trkpt><trkpt lat="41.04498" lon="-111.90039"><ele>1466.9</ele></trkpt><trkpt lat="41.04418" lon="-111.90049"><ele>1466.9</ele></trkpt><trkpt lat="41.04335" lon="-111.90109"><ele>1466.9</ele></trkpt><trkpt lat="41.04284" lon="-111.90105"><ele>1466.9</ele></trkpt><trkpt lat="41.04234" lon="-111.90065"><ele>1466.9</ele></trkpt><trkpt lat="41.04162" lon="-111.89954"><ele>1466.9</ele></trkpt><trkpt lat="41.04116" lon="-111.89912"><ele>1466.9</ele></trkpt><trkpt lat="41.03866" lon="-111.89834"><ele>1466.9</ele></trkpt><trkpt lat="41.03829" lon="-111.89788"><ele>1466.9</ele></trkpt><trkpt lat="41.03775" lon="-111.89808"><ele>1466.9</ele></trkpt><trkpt lat="41.03726" lon="-111.89794"><ele>1466.9</ele></trkpt><trkpt lat="41.03675" lon="-111.89736"><ele>1466.9</ele></trkpt><trkpt lat="41.03632" lon="-111.89709"><ele>1466.9</ele></trkpt><trkpt lat="41.03624" lon="-111.89671"><ele>1466.9</ele></trkpt><trkpt lat="41.03587" lon="-111.89642"><ele>1466.9</ele></trkpt><trkpt lat="41.03480" lon="-111.89602"><ele>1466.9</ele></trkpt><trkpt lat="41.03433" lon="-111.89631"><ele>1466.9</ele></trkpt><trkpt lat="41.03338" lon="-111.89658"><ele>1466.9</ele></trkpt><trkpt lat="41.03281" lon="-111.89612"><ele>1466.9</ele></trkpt><trkpt lat="41.03158" lon="-111.89597"><ele>1466.9</ele></trkpt><trkpt lat="41.03148" lon="-111.89563"><ele>1466.9</ele></trkpt><trkpt lat="41.03184" lon="-111.89382"><ele>1516.1</ele></trkpt><trkpt lat="41.03280" lon="-111.89172"><ele>1516.1</ele></trkpt><trkpt lat="41.03350" lon="-111.89105"><ele>1559.1</ele></trkpt><trkpt lat="41.03527" lon="-111.89044"><ele>1588.1</ele></trkpt><trkpt lat="41.03574" lon="-111.88978"><ele>1597.2</ele></trkpt><trkpt lat="41.03591" lon="-111.88907"><ele>1612.0</ele></trkpt><trkpt lat="41.03591" lon="-111.88848"><ele>1622.1</ele></trkpt><trkpt lat="41.03662" lon="-111.88700"><ele>1644.4</ele></trkpt><trkpt lat="41.03647" lon="-111.88631"><ele>1647.2</ele></trkpt><trkpt lat="41.03579" lon="-111.88520"><ele>1677.4</ele></trkpt><trkpt lat="41.03580" lon="-111.88382"><ele>1697.7</ele></trkpt><trkpt lat="41.03614" lon="-111.88170"><ele>1721.9</ele></trkpt><trkpt lat="41.03599" lon="-111.88119"><ele>1727.6</ele></trkpt><trkpt lat="41.03602" lon="-111.88027"><ele>1738.4</ele></trkpt><trkpt lat="41.03579" lon="-111.87929"><ele>1747.3</ele></trkpt><trkpt lat="41.03633" lon="-111.87841"><ele>1764.3</ele></trkpt><trkpt lat="41.03631" lon="-111.87743"><ele>1793.4</ele></trkpt><trkpt lat="41.03662" lon="-111.87712"><ele>1799.5</ele></trkpt><trkpt lat="41.03667" lon="-111.87645"><ele>1804.2</ele></trkpt><trkpt lat="41.03685" lon="-111.87601"><ele>1816.3</ele></trkpt><trkpt lat="41.03770" lon="-111.87499"><ele>1826.9</ele></trkpt><trkpt lat="41.03771" lon="-111.87285"><ele>1851.2</ele></trkpt><trkpt lat="41.03805" lon="-111.87239"><ele>1851.2</ele></trkpt><trkpt lat="41.03826" lon="-111.87167"><ele>1860.1</ele></trkpt><trkpt lat="41.03885" lon="-111.87111"><ele>1879.2</ele></trkpt><trkpt lat="41.03885" lon="-111.87088"><ele>1878.5</ele></trkpt><trkpt lat="41.03862" lon="-111.87048"><ele>1882.4</ele></trkpt><trkpt lat="41.03876" lon="-111.86999"><ele>1905.6</ele></trkpt><trkpt lat="41.03890" lon="-111.87006"><ele>1909.7</ele></trkpt><trkpt lat="41.03927" lon="-111.86960"><ele>1940.4</ele></trkpt><trkpt lat="41.03952" lon="-111.86952"><ele>1954.4</ele></trkpt><trkpt lat="41.03984" lon="-111.86886"><ele>1981.2</ele></trkpt><trkpt lat="41.04025" lon="-111.86734"><ele>2021.0</ele></trkpt><trkpt lat="41.04144" lon="-111.86642"><ele>2068.5</ele></trkpt><trkpt lat="41.04124" lon="-111.86557"><ele>2105.8</ele></trkpt><trkpt lat="41.04145" lon="-111.86520"><ele>2118.2</ele></trkpt><trkpt lat="41.04153" lon="-111.86435"><ele>2143.7</ele></trkpt><trkpt lat="41.04143" lon="-111.86324"><ele>2146.6</ele></trkpt><trkpt lat="41.04171" lon="-111.86231"><ele>2167.1</ele></trkpt><trkpt lat="41.04231" lon="-111.86152"><ele>2184.6</ele></trkpt><trkpt lat="41.04230" lon="-111.86103"><ele>2213.9</ele></trkpt><trkpt lat="41.04246" lon="-111.86091"><ele>2225.7</ele></trkpt><trkpt lat="41.04244" lon="-111.86069"><ele>2228.2</ele></trkpt><trkpt lat="41.04301" lon="-111.86029"><ele>2235.7</ele></trkpt><trkpt lat="41.04322" lon="-111.85976"><ele>2268.5</ele></trkpt><trkpt lat="41.04346" lon="-111.85966"><ele>2271.3</ele></trkpt><trkpt lat="41.04318" lon="-111.85904"><ele>2281.8</ele></trkpt><trkpt lat="41.04321" lon="-111.85816"><ele>2281.3</ele></trkpt><trkpt lat="41.04301" lon="-111.85723"><ele>2283.0</ele></trkpt><trkpt lat="41.04247" lon="-111.85620"><ele>2308.2</ele></trkpt><trkpt lat="41.04259" lon="-111.85552"><ele>2311.0</ele></trkpt><trkpt lat="41.04234" lon="-111.85517"><ele>2312.8</ele></trkpt><trkpt lat="41.04222" lon="-111.85446"><ele>2338.3</ele></trkpt><trkpt lat="41.04265" lon="-111.85428"><ele>2352.1</ele></trkpt><trkpt lat="41.04300" lon="-111.85383"><ele>2356.2</ele></trkpt><trkpt lat="41.04314" lon="-111.85393"><ele>2367.9</ele></trkpt><trkpt lat="41.04367" lon="-111.85299"><ele>2402.1</ele></trkpt><trkpt lat="41.04404" lon="-111.85258"><ele>2419.8</ele></trkpt><trkpt lat="41.04398" lon="-111.85198"><ele>2420.4</ele></trkpt><trkpt lat="41.04428" lon="-111.85074"><ele>2440.9</ele></trkpt><trkpt lat="41.04451" lon="-111.85058"><ele>2458.7</ele></trkpt><trkpt lat="41.04457" lon="-111.85013"><ele>2451.1</ele></trkpt><trkpt lat="41.04496" lon="-111.84924"><ele>2466.0</ele></trkpt><trkpt lat="41.04512" lon="-111.84708"><ele>2535.9</ele></trkpt><trkpt lat="41.04380" lon="-111.84764"><ele>2540.9</ele></trkpt><trkpt lat="41.04385" lon="-111.84677"><ele>2554.3</ele></trkpt><trkpt lat="41.04372" lon="-111.84489"><ele>2624.2</ele></trkpt><trkpt lat="41.04380" lon="-111.84358"><ele>2690.1</ele></trkpt><trkpt lat="41.04418" lon="-111.84176"><ele>2722.5</ele></trkpt><trkpt lat="41.04445" lon="-111.84111"><ele>2722.5</ele></trkpt><trkpt lat="41.04149" lon="-111.83843"><ele>2722.5</ele></trkpt><trkpt lat="41.04069" lon="-111.83837"><ele>2722.5</ele></trkpt><trkpt lat="41.03898" lon="-111.83687"><ele>2722.5</ele></trkpt><trkpt lat="41.03798" lon="-111.83618"><ele>2722.5</ele></trkpt><trkpt lat="41.03735" lon="-111.83603"><ele>2722.5</ele></trkpt><trkpt lat="41.03640" lon="-111.83611"><ele>2722.5</ele></trkpt><trkpt lat="41.03533" lon="-111.83702"><ele>2722.5</ele></trkpt><trkpt lat="41.03476" lon="-111.83723"><ele>2722.5</ele></trkpt><trkpt lat="41.03351" lon="-111.83706"><ele>2722.5</ele></trkpt><trkpt lat="41.03329" lon="-111.83685"><ele>2722.5</ele></trkpt><trkpt lat="41.03199" lon="-111.83694"><ele>2722.5</ele></trkpt><trkpt lat="41.03150" lon="-111.83709"><ele>2722.5</ele></trkpt><trkpt lat="41.03101" lon="-111.83768"><ele>2722.5</ele></trkpt><trkpt lat="41.03014" lon="-111.83823"><ele>2722.5</ele></trkpt><trkpt lat="41.02944" lon="-111.83779"><ele>2722.5</ele></trkpt><trkpt lat="41.02862" lon="-111.83807"><ele>2722.5</ele></trkpt><trkpt lat="41.02741" lon="-111.83798"><ele>2722.5</ele></trkpt><trkpt lat="41.02694" lon="-111.83855"><ele>2722.5</ele></trkpt><trkpt lat="41.02635" lon="-111.83898"><ele>2722.5</ele></trkpt><trkpt lat="41.02482" lon="-111.83868"><ele>2722.5</ele></trkpt><trkpt lat="41.02438" lon="-111.83876"><ele>2722.5</ele></trkpt><trkpt lat="41.02359" lon="-111.83958"><ele>2722.5</ele></trkpt><trkpt lat="41.02221" lon="-111.83875"><ele>2722.5</ele></trkpt><trkpt lat="41.02182" lon="-111.83808"><ele>2722.5</ele></trkpt><trkpt lat="41.02155" lon="-111.83709"><ele>2722.5</ele></trkpt><trkpt lat="41.02150" lon="-111.83424"><ele>2722.5</ele></trkpt><trkpt lat="41.02041" lon="-111.83144"><ele>2722.5</ele></trkpt><trkpt lat="41.01972" lon="-111.83033"><ele>2722.5</ele></trkpt><trkpt lat="41.01861" lon="-111.82915"><ele>2722.5</ele></trkpt><trkpt lat="41.01510" lon="-111.82649"><ele>2722.5</ele></trkpt><trkpt lat="41.01447" lon="-111.82547"><ele>2722.5</ele></trkpt><trkpt lat="41.01355" lon="-111.82524"><ele>2722.5</ele></trkpt><trkpt lat="41.01127" lon="-111.82335"><ele>2722.5</ele></trkpt><trkpt lat="41.00907" lon="-111.82315"><ele>2722.5</ele></trkpt><trkpt lat="41.00684" lon="-111.82163"><ele>2722.5</ele></trkpt><trkpt lat="41.00522" lon="-111.82017"><ele>2722.5</ele></trkpt><trkpt lat="41.00507" lon="-111.81972"><ele>2722.5</ele></trkpt><trkpt lat="41.00546" lon="-111.81933"><ele>2722.5</ele></trkpt><trkpt lat="41.00566" lon="-111.81863"><ele>2722.5</ele></trkpt><trkpt lat="41.00427" lon="-111.81641"><ele>2722.5</ele></trkpt><trkpt lat="41.00351" lon="-111.81567"><ele>2722.5</ele></trkpt><trkpt lat="41.00318" lon="-111.81490"><ele>2722.5</ele></trkpt><trkpt lat="41.00283" lon="-111.81354"><ele>2722.5</ele></trkpt><trkpt lat="41.00332" lon="-111.81299"><ele>2722.5</ele></trkpt><trkpt lat="41.00326" lon="-111.81242"><ele>2722.5</ele></trkpt><trkpt lat="41.00286" lon="-111.81143"><ele>2722.5</ele></trkpt><trkpt lat="41.00163" lon="-111.80965"><ele>2722.5</ele></trkpt><trkpt lat="41.00052" lon="-111.80848"><ele>2722.5</ele></trkpt><trkpt lat="40.99979" lon="-111.80808"><ele>2722.5</ele></trkpt><trkpt lat="40.99906" lon="-111.80792"><ele>2722.5</ele></trkpt><trkpt lat="40.99815" lon="-111.80730"><ele>2722.5</ele></trkpt><trkpt lat="40.99773" lon="-111.80674"><ele>2722.5</ele></trkpt><trkpt lat="40.99696" lon="-111.80644"><ele>2722.5</ele></trkpt><trkpt lat="40.99535" lon="-111.80540"><ele>2722.5</ele></trkpt><trkpt lat="40.99409" lon="-111.80424"><ele>2722.5</ele></trkpt><trkpt lat="40.99240" lon="-111.80165"><ele>2722.5</ele></trkpt><trkpt lat="40.99227" lon="-111.80099"><ele>2722.5</ele></trkpt><trkpt lat="40.99199" lon="-111.80045"><ele>2722.5</ele></trkpt><trkpt lat="40.99137" lon="-111.79973"><ele>2722.5</ele></trkpt><trkpt lat="40.99045" lon="-111.79907"><ele>2722.5</ele></trkpt><trkpt lat="40.98976" lon="-111.79828"><ele>2722.5</ele></trkpt><trkpt lat="40.98924" lon="-111.79736"><ele>2722.5</ele></trkpt><trkpt lat="40.98936" lon="-111.79653"><ele>2722.5</ele></trkpt><trkpt lat="40.98839" lon="-111.79456"><ele>2722.5</ele></trkpt><trkpt lat="40.98784" lon="-111.79454"><ele>2722.5</ele></trkpt><trkpt lat="40.98694" lon="-111.79391"><ele>2722.5</ele></trkpt><trkpt lat="40.98585" lon="-111.79282"><ele>2722.5</ele></trkpt><trkpt lat="40.98495" lon="-111.79254"><ele>2722.5</ele></trkpt><trkpt lat="40.98236" lon="-111.79332"><ele>2722.5</ele></trkpt><trkpt lat="40.98186" lon="-111.79333"><ele>2722.5</ele></trkpt><trkpt lat="40.98054" lon="-111.79291"><ele>2722.5</ele></trkpt><trkpt lat="40.97985" lon="-111.79303"><ele>2722.5</ele></trkpt><trkpt lat="40.97938" lon="-111.79261"><ele>2722.5</ele></trkpt><trkpt lat="40.97896" lon="-111.79290"><ele>2722.5</ele></trkpt><trkpt lat="40.97757" lon="-111.79322"><ele>2722.5</ele></trkpt><trkpt lat="40.97608" lon="-111.79242"><ele>2722.5</ele></trkpt><trkpt lat="40.97457" lon="-111.79112"><ele>2722.5</ele></trkpt><trkpt lat="40.97417" lon="-111.79092"><ele>2722.5</ele></trkpt><trkpt lat="40.97387" lon="-111.79049"><ele>2722.5</ele></trkpt><trkpt lat="40.97300" lon="-111.79059"><ele>2722.5</ele></trkpt><trkpt lat="40.97153" lon="-111.79022"><ele>2722.5</ele></trkpt><trkpt lat="40.96835" lon="-111.78996"><ele>2722.5</ele></trkpt><trkpt lat="40.96804" lon="-111.79004"><ele>2722.5</ele></trkpt><trkpt lat="40.96761" lon="-111.79081"><ele>2722.5</ele></trkpt><trkpt lat="40.96745" lon="-111.79208"><ele>2722.5</ele></trkpt><trkpt lat="40.96686" lon="-111.79296"><ele>2722.5</ele></trkpt><trkpt lat="40.96634" lon="-111.79333"><ele>2722.5</ele></trkpt><trkpt lat="40.96615" lon="-111.79364"><ele>2722.5</ele></trkpt><trkpt lat="40.96564" lon="-111.79377"><ele>2722.5</ele></trkpt><trkpt lat="40.96443" lon="-111.79341"><ele>2722.5</ele></trkpt><trkpt lat="40.96309" lon="-111.79353"><ele>2722.5</ele></trkpt><trkpt lat="40.96278" lon="-111.79327"><ele>2722.5</ele></trkpt><trkpt lat="40.96238" lon="-111.79328"><ele>2722.5</ele></trkpt><trkpt lat="40.96200" lon="-111.79287"><ele>2722.5</ele></trkpt><trkpt lat="40.96014" lon="-111.79291"><ele>2722.5</ele></trkpt><trkpt lat="40.95911" lon="-111.79184"><ele>2722.5</ele></trkpt><trkpt lat="40.95849" lon="-111.79149"><ele>2722.5</ele></trkpt><trkpt lat="40.95771" lon="-111.79051"><ele>2722.5</ele></trkpt><trkpt lat="40.95767" lon="-111.78963"><ele>2722.5</ele></trkpt><trkpt lat="40.95793" lon="-111.78901"><ele>2722.5</ele></trkpt><trkpt lat="40.95779" lon="-111.78877"><ele>2722.5</ele></trkpt><trkpt lat="40.95781" lon="-111.78853"><ele>2722.5</ele></trkpt><trkpt lat="40.95649" lon="-111.78883"><ele>2722.5</ele></trkpt><trkpt lat="40.95641" lon="-111.78870"><ele>2722.5</ele></trkpt><trkpt lat="40.95648" lon="-111.78834"><ele>2722.5</ele></trkpt><trkpt lat="40.95602" lon="-111.78794"><ele>2722.5</ele></trkpt><trkpt lat="40.95538" lon="-111.78871"><ele>2722.5</ele></trkpt><trkpt lat="40.95532" lon="-111.78919"><ele>2722.5</ele></trkpt><trkpt lat="40.95425" lon="-111.79033"><ele>2722.5</ele></trkpt><trkpt lat="40.95381" lon="-111.79114"><ele>2722.5</ele></trkpt><trkpt lat="40.95329" lon="-111.79163"><ele>2722.5</ele></trkpt><trkpt lat="40.95297" lon="-111.79159"><ele>2722.5</ele></trkpt><trkpt lat="40.95271" lon="-111.79181"><ele>2722.5</ele></trkpt><trkpt lat="40.95232" lon="-111.79119"><ele>2722.5</ele></trkpt><trkpt lat="40.95052" lon="-111.79102"><ele>2722.5</ele></trkpt><trkpt lat="40.94906" lon="-111.79023"><ele>2722.5</ele></trkpt><trkpt lat="40.94861" lon="-111.79028"><ele>2722.5</ele></trkpt><trkpt lat="40.94769" lon="-111.78987"><ele>2722.5</ele></trkpt><trkpt lat="40.94776" lon="-111.79011"><ele>2722.5</ele></trkpt><trkpt lat="40.94736" lon="-111.79001"><ele>2722.5</ele></trkpt><trkpt lat="40.94693" lon="-111.79015"><ele>2722.5</ele></trkpt><trkpt lat="40.94613" lon="-111.79185"><ele>2722.5</ele></trkpt><trkpt lat="40.94576" lon="-111.79231"><ele>2722.5</ele></trkpt><trkpt lat="40.94535" lon="-111.79238"><ele>2722.5</ele></trkpt><trkpt lat="40.94517" lon="-111.79235"><ele>2722.5</ele></trkpt><trkpt lat="40.94506" lon="-111.79206"><ele>2722.5</ele></trkpt><trkpt lat="40.94465" lon="-111.79202"><ele>2722.5</ele></trkpt><trkpt lat="40.94416" lon="-111.79220"><ele>2722.5</ele></trkpt><trkpt lat="40.94370" lon="-111.79206"><ele>2722.5</ele></trkpt><trkpt lat="40.94305" lon="-111.79156"><ele>2722.5</ele></trkpt><trkpt lat="40.94270" lon="-111.79149"><ele>2722.5</ele></trkpt><trkpt lat="40.94188" lon="-111.79165"><ele>2722.5</ele></trkpt><trkpt lat="40.94166" lon="-111.79143"><ele>2722.5</ele></trkpt><trkpt lat="40.94001" lon="-111.79186"><ele>2722.5</ele></trkpt><trkpt lat="40.93960" lon="-111.79229"><ele>2722.5</ele></trkpt><trkpt lat="40.93906" lon="-111.79232"><ele>2722.5</ele></trkpt><trkpt lat="40.93870" lon="-111.79261"><ele>2722.5</ele></trkpt><trkpt lat="40.93822" lon="-111.79273"><ele>2722.5</ele></trkpt><trkpt lat="40.93767" lon="-111.79236"><ele>2722.5</ele></trkpt><trkpt lat="40.93696" lon="-111.79258"><ele>2722.5</ele></trkpt><trkpt lat="40.93526" lon="-111.79205"><ele>2722.5</ele></trkpt><trkpt lat="40.93466" lon="-111.79217"><ele>2722.5</ele></trkpt><trkpt lat="40.93436" lon="-111.79244"><ele>2722.5</ele></trkpt><trkpt lat="40.93395" lon="-111.79225"><ele>2722.5</ele></trkpt><trkpt lat="40.93368" lon="-111.79251"><ele>2722.5</ele></trkpt><trkpt lat="40.93337" lon="-111.79225"><ele>2722.5</ele></trkpt><trkpt lat="40.93220" lon="-111.79204"><ele>2722.5</ele></trkpt><trkpt lat="40.93026" lon="-111.79284"><ele>2722.5</ele></trkpt><trkpt lat="40.92998" lon="-111.79257"><ele>2722.5</ele></trkpt><trkpt lat="40.92896" lon="-111.79215"><ele>2722.5</ele></trkpt><trkpt lat="40.92851" lon="-111.79156"><ele>2722.5</ele></trkpt><trkpt lat="40.92750" lon="-111.79136"><ele>2722.5</ele></trkpt><trkpt lat="40.92718" lon="-111.79116"><ele>2722.5</ele></trkpt><trkpt lat="40.92625" lon="-111.79008"><ele>2722.5</ele></trkpt><trkpt lat="40.92605" lon="-111.78914"><ele>2722.5</ele></trkpt><trkpt lat="40.92586" lon="-111.78881"><ele>2722.5</ele></trkpt><trkpt lat="40.92531" lon="-111.78831"><ele>2722.5</ele></trkpt><trkpt lat="40.92484" lon="-111.78828"><ele>2722.5</ele></trkpt><trkpt lat="40.92425" lon="-111.78874"><ele>2722.5</ele></trkpt><trkpt lat="40.92388" lon="-111.78881"><ele>2722.5</ele></trkpt><trkpt lat="40.92350" lon="-111.78851"><ele>2722.5</ele></trkpt><trkpt lat="40.92304" lon="-111.78844"><ele>2722.5</ele></trkpt><trkpt lat="40.92238" lon="-111.78761"><ele>2722.5</ele></trkpt><trkpt lat="40.92050" lon="-111.78788"><ele>2722.5</ele></trkpt><trkpt lat="40.91944" lon="-111.78688"><ele>2722.5</ele></trkpt><trkpt lat="40.91887" lon="-111.78688"><ele>2722.5</ele></trkpt><trkpt lat="40.91831" lon="-111.78745"><ele>2722.5</ele></trkpt><trkpt lat="40.91772" lon="-111.78738"><ele>2722.5</ele></trkpt><trkpt lat="40.91689" lon="-111.78556"><ele>2722.5</ele></trkpt><trkpt lat="40.91609" lon="-111.78472"><ele>2722.5</ele></trkpt><trkpt lat="40.91594" lon="-111.78410"><ele>2722.5</ele></trkpt><trkpt lat="40.91547" lon="-111.78404"><ele>2722.5</ele></trkpt><trkpt lat="40.91460" lon="-111.78479"><ele>2722.5</ele></trkpt><trkpt lat="40.91386" lon="-111.78456"><ele>2722.5</ele></trkpt><trkpt lat="40.91333" lon="-111.78325"><ele>2722.5</ele></trkpt><trkpt lat="40.91211" lon="-111.78279"><ele>2722.5</ele></trkpt><trkpt lat="40.91181" lon="-111.78244"><ele>2722.5</ele></trkpt><trkpt lat="40.91161" lon="-111.78169"><ele>2722.5</ele></trkpt><trkpt lat="40.91145" lon="-111.78151"><ele>2722.5</ele></trkpt><trkpt lat="40.91012" lon="-111.78121"><ele>2722.5</ele></trkpt><trkpt lat="40.90930" lon="-111.78040"><ele>2722.5</ele></trkpt><trkpt lat="40.90898" lon="-111.77980"><ele>2722.5</ele></trkpt><trkpt lat="40.90842" lon="-111.77917"><ele>2722.5</ele></trkpt><trkpt lat="40.90731" lon="-111.77854"><ele>2722.5</ele></trkpt><trkpt lat="40.90627" lon="-111.77763"><ele>2722.5</ele></trkpt><trkpt lat="40.90569" lon="-111.77757"><ele>2722.5</ele></trkpt><trkpt lat="40.90542" lon="-111.77777"><ele>2722.5</ele></trkpt><trkpt lat="40.90492" lon="-111.77900"><ele>2722.5</ele></trkpt><trkpt lat="40.90449" lon="-111.77929"><ele>2722.5</ele></trkpt><trkpt lat="40.90403" lon="-111.77848"><ele>2722.5</ele></trkpt><trkpt lat="40.90299" lon="-111.77752"><ele>2722.5</ele></trkpt><trkpt lat="40.90277" lon="-111.77747"><ele>2722.5</ele></trkpt><trkpt lat="40.90246" lon="-111.77770"><ele>2722.5</ele></trkpt><trkpt lat="40.90172" lon="-111.77740"><ele>2722.5</ele></trkpt><trkpt lat="40.90104" lon="-111.77739"><ele>2722.5</ele></trkpt><trkpt lat="40.90069" lon="-111.77713"><ele>2722.5</ele></trkpt><trkpt lat="40.89990" lon="-111.77697"><ele>2722.5</ele></trkpt><trkpt lat="40.89913" lon="-111.77713"><ele>2722.5</ele></trkpt><trkpt lat="40.89742" lon="-111.77592"><ele>2722.5</ele></trkpt><trkpt lat="40.89669" lon="-111.77512"><ele>2722.5</ele></trkpt><trkpt lat="40.89593" lon="-111.77466"><ele>2722.5</ele></trkpt><trkpt lat="40.89555" lon="-111.77402"><ele>2722.5</ele></trkpt><trkpt lat="40.89510" lon="-111.77395"><ele>2722.5</ele></trkpt><trkpt lat="40.89392" lon="-111.77314"><ele>2722.5</ele></trkpt><trkpt lat="40.89345" lon="-111.77265"><ele>2722.5</ele></trkpt><trkpt lat="40.89308" lon="-111.77186"><ele>2722.5</ele></trkpt><trkpt lat="40.89232" lon="-111.77133"><ele>2722.5</ele></trkpt><trkpt lat="40.89182" lon="-111.77116"><ele>2722.5</ele></trkpt><trkpt lat="40.89077" lon="-111.77022"><ele>2722.5</ele></trkpt><trkpt lat="40.89050" lon="-111.76983"><ele>2722.5</ele></trkpt><trkpt lat="40.89034" lon="-111.76926"><ele>2722.5</ele></trkpt><trkpt lat="40.89000" lon="-111.76912"><ele>2722.5</ele></trkpt><trkpt lat="40.88961" lon="-111.76840"><ele>2722.5</ele></trkpt><trkpt lat="40.88925" lon="-111.76811"><ele>2722.5</ele></trkpt><trkpt lat="40.88894" lon="-111.76680"><ele>2722.5</ele></trkpt><trkpt lat="40.88860" lon="-111.76617"><ele>2722.5</ele></trkpt><trkpt lat="40.88822" lon="-111.76590"><ele>2722.5</ele></trkpt><trkpt lat="40.88773" lon="-111.76610"><ele>2722.5</ele></trkpt><trkpt lat="40.88713" lon="-111.76605"><ele>2722.5</ele></trkpt><trkpt lat="40.88565" lon="-111.76543"><ele>2722.5</ele></trkpt><trkpt lat="40.88506" lon="-111.76449"><ele>2722.5</ele></trkpt><trkpt lat="40.88458" lon="-111.76426"><ele>2722.5</ele></trkpt><trkpt lat="40.88455" lon="-111.76387"><ele>2722.5</ele></trkpt><trkpt lat="40.88380" lon="-111.76350"><ele>2722.5</ele></trkpt><trkpt lat="40.88225" lon="-111.76317"><ele>2722.5</ele></trkpt><trkpt lat="40.88198" lon="-111.76292"><ele>2722.5</ele></trkpt><trkpt lat="40.88149" lon="-111.76292"><ele>2722.5</ele></trkpt><trkpt lat="40.88104" lon="-111.76341"><ele>2722.5</ele></trkpt><trkpt lat="40.88086" lon="-111.76381"><ele>2722.5</ele></trkpt><trkpt lat="40.88036" lon="-111.76416"><ele>2722.5</ele></trkpt><trkpt lat="40.88040" lon="-111.76464"><ele>2722.5</ele></trkpt><trkpt lat="40.88012" lon="-111.76501"><ele>2722.5</ele></trkpt><trkpt lat="40.87981" lon="-111.76516"><ele>2722.5</ele></trkpt><trkpt lat="40.87952" lon="-111.76495"><ele>2722.5</ele></trkpt><trkpt lat="40.87953" lon="-111.76553"><ele>2722.5</ele></trkpt><trkpt lat="40.87985" lon="-111.76616"><ele>2722.5</ele></trkpt><trkpt lat="40.87996" lon="-111.76676"><ele>2722.5</ele></trkpt><trkpt lat="40.87910" lon="-111.76632"><ele>2722.5</ele></trkpt><trkpt lat="40.87968" lon="-111.76729"><ele>2722.5</ele></trkpt><trkpt lat="40.88000" lon="-111.76757"><ele>2722.5</ele></trkpt><trkpt lat="40.87931" lon="-111.76884"><ele>2722.5</ele></trkpt><trkpt lat="40.87854" lon="-111.76868"><ele>2722.5</ele></trkpt><trkpt lat="40.87777" lon="-111.76823"><ele>2722.5</ele></trkpt><trkpt lat="40.87755" lon="-111.76791"><ele>2722.5</ele></trkpt><trkpt lat="40.87756" lon="-111.76771"><ele>2722.5</ele></trkpt><trkpt lat="40.87721" lon="-111.76734"><ele>2722.5</ele></trkpt><trkpt lat="40.87610" lon="-111.76656"><ele>2722.5</ele></trkpt><trkpt lat="40.87533" lon="-111.76673"><ele>2722.5</ele></trkpt><trkpt lat="40.87487" lon="-111.76643"><ele>2722.5</ele></trkpt><trkpt lat="40.87472" lon="-111.76622"><ele>2722.5</ele></trkpt><trkpt lat="40.87469" lon="-111.76587"><ele>2722.5</ele></trkpt><trkpt lat="40.87482" lon="-111.76552"><ele>2722.5</ele></trkpt><trkpt lat="40.87474" lon="-111.76533"><ele>2722.5</ele></trkpt><trkpt lat="40.87450" lon="-111.76534"><ele>2722.5</ele></trkpt><trkpt lat="40.87464" lon="-111.76560"><ele>2722.5</ele></trkpt><trkpt lat="40.87430" lon="-111.76595"><ele>2722.5</ele></trkpt><trkpt lat="40.87407" lon="-111.76651"><ele>2722.5</ele></trkpt><trkpt lat="40.87389" lon="-111.76615"><ele>2722.5</ele></trkpt><trkpt lat="40.87391" lon="-111.76766"><ele>2722.5</ele></trkpt><trkpt lat="40.87382" lon="-111.76764"><ele>2722.5</ele></trkpt><trkpt lat="40.87377" lon="-111.76730"><ele>2722.5</ele></trkpt><trkpt lat="40.87303" lon="-111.76589"><ele>2722.5</ele></trkpt><trkpt lat="40.87286" lon="-111.76521"><ele>2722.5</ele></trkpt><trkpt lat="40.87310" lon="-111.76398"><ele>2722.5</ele></trkpt><trkpt lat="40.87292" lon="-111.76320"><ele>2722.5</ele></trkpt><trkpt lat="40.87305" lon="-111.76232"><ele>2722.5</ele></trkpt><trkpt lat="40.87295" lon="-111.76186"><ele>2722.5</ele></trkpt><trkpt lat="40.87300" lon="-111.76126"><ele>2722.5</ele></trkpt><trkpt lat="40.87235" lon="-111.75929"><ele>2722.5</ele></trkpt><trkpt lat="40.87246" lon="-111.75759"><ele>2722.5</ele></trkpt><trkpt lat="40.87274" lon="-111.75659"><ele>2722.5</ele></trkpt><trkpt lat="40.87277" lon="-111.75507"><ele>2722.5</ele></trkpt><trkpt lat="40.87239" lon="-111.75360"><ele>2722.5</ele></trkpt><trkpt lat="40.87096" lon="-111.75227"><ele>2722.5</ele></trkpt><trkpt lat="40.87095" lon="-111.75180"><ele>2722.5</ele></trkpt><trkpt lat="40.87115" lon="-111.75143"><ele>2722.5</ele></trkpt><trkpt lat="40.87129" lon="-111.75076"><ele>2722.5</ele></trkpt><trkpt lat="40.87146" lon="-111.74892"><ele>2722.5</ele></trkpt><trkpt lat="40.87090" lon="-111.74724"><ele>2722.5</ele></trkpt><trkpt lat="40.86907" lon="-111.74501"><ele>2722.5</ele></trkpt><trkpt lat="40.86789" lon="-111.74410"><ele>2722.5</ele></trkpt><trkpt lat="40.86708" lon="-111.74327"><ele>2722.5</ele></trkpt><trkpt lat="40.86623" lon="-111.74157"><ele>2722.5</ele></trkpt><trkpt lat="40.86565" lon="-111.74083"><ele>2722.5</ele></trkpt><trkpt lat="40.86356" lon="-111.74028"><ele>2722.5</ele></trkpt><trkpt lat="40.86229" lon="-111.73964"><ele>2722.5</ele></trkpt><trkpt lat="40.86092" lon="-111.74014"><ele>2722.5</ele></trkpt><trkpt lat="40.86049" lon="-111.73987"><ele>2722.5</ele></trkpt><trkpt lat="40.86037" lon="-111.73967"><ele>2722.5</ele></trkpt><trkpt lat="40.86026" lon="-111.73891"><ele>2722.5</ele></trkpt><trkpt lat="40.86051" lon="-111.73743"><ele>2722.5</ele></trkpt><trkpt lat="40.86035" lon="-111.73594"><ele>2722.5</ele></trkpt><trkpt lat="40.85971" lon="-111.73463"><ele>2722.5</ele></trkpt><trkpt lat="40.85845" lon="-111.73306"><ele>2722.5</ele></trkpt><trkpt lat="40.85792" lon="-111.73155"><ele>2722.5</ele></trkpt><trkpt lat="40.85718" lon="-111.73023"><ele>2722.5</ele></trkpt><trkpt lat="40.85647" lon="-111.72932"><ele>2722.5</ele></trkpt><trkpt lat="40.85591" lon="-111.72748"><ele>2722.5</ele></trkpt><trkpt lat="40.85547" lon="-111.72657"><ele>2722.5</ele></trkpt><trkpt lat="40.85543" lon="-111.72612"><ele>2722.5</ele></trkpt><trkpt lat="40.85484" lon="-111.72522"><ele>2722.5</ele></trkpt><trkpt lat="40.85480" lon="-111.72488"><ele>2722.5</ele></trkpt><trkpt lat="40.85517" lon="-111.72383"><ele>2722.5</ele></trkpt><trkpt lat="40.85519" lon="-111.72308"><ele>2722.5</ele></trkpt><trkpt lat="40.85557" lon="-111.72202"><ele>2722.5</ele></trkpt><trkpt lat="40.85519" lon="-111.72084"><ele>2722.5</ele></trkpt><trkpt lat="40.85474" lon="-111.72166"><ele>2722.5</ele></trkpt><trkpt lat="40.85452" lon="-111.72062"><ele>2722.5</ele></trkpt><trkpt lat="40.85453" lon="-111.71966"><ele>2722.5</ele></trkpt><trkpt lat="40.85433" lon="-111.71967"><ele>2722.5</ele></trkpt><trkpt lat="40.85446" lon="-111.71918"><ele>2722.5</ele></trkpt><trkpt lat="40.85377" lon="-111.71911"><ele>2722.5</ele></trkpt><trkpt lat="40.85381" lon="-111.71879"><ele>2722.5</ele></trkpt><trkpt lat="40.85364" lon="-111.71842"><ele>2722.5</ele></trkpt><trkpt lat="40.85349" lon="-111.71841"><ele>2722.5</ele></trkpt><trkpt lat="40.85327" lon="-111.71785"><ele>2722.5</ele></trkpt><trkpt lat="40.85343" lon="-111.71689"><ele>2722.5</ele></trkpt><trkpt lat="40.85374" lon="-111.71649"><ele>2722.5</ele></trkpt><trkpt lat="40.85374" lon="-111.71582"><ele>2722.5</ele></trkpt><trkpt lat="40.85352" lon="-111.71528"><ele>2722.5</ele></trkpt><trkpt lat="40.85309" lon="-111.71475"><ele>2722.5</ele></trkpt><trkpt lat="40.85301" lon="-111.71433"><ele>2722.5</ele></trkpt><trkpt lat="40.85287" lon="-111.71432"><ele>2722.5</ele></trkpt><trkpt lat="40.85269" lon="-111.71354"><ele>2722.5</ele></trkpt><trkpt lat="40.85256" lon="-111.71322"><ele>2722.5</ele></trkpt><trkpt lat="40.85244" lon="-111.71319"><ele>2722.5</ele></trkpt><trkpt lat="40.85234" lon="-111.71267"><ele>2722.5</ele></trkpt><trkpt lat="40.85238" lon="-111.71200"><ele>2722.5</ele></trkpt><trkpt lat="40.85226" lon="-111.71167"><ele>2722.5</ele></trkpt><trkpt lat="40.85233" lon="-111.71064"><ele>2722.5</ele></trkpt><trkpt lat="40.85251" lon="-111.71020"><ele>2722.5</ele></trkpt><trkpt lat="40.85253" lon="-111.70949"><ele>2722.5</ele></trkpt><trkpt lat="40.85267" lon="-111.70898"><ele>2722.5</ele></trkpt><trkpt lat="40.85266" lon="-111.70814"><ele>2722.5</ele></trkpt><trkpt lat="40.85307" lon="-111.70654"><ele>2722.5</ele></trkpt><trkpt lat="40.85381" lon="-111.70619"><ele>2722.5</ele></trkpt><trkpt lat="40.85485" lon="-111.70507"><ele>2722.5</ele></trkpt><trkpt lat="40.85499" lon="-111.70431"><ele>2722.5</ele></trkpt><trkpt lat="40.85491" lon="-111.70325"><ele>2722.5</ele></trkpt><trkpt lat="40.85502" lon="-111.70305"><ele>2722.5</ele></trkpt><trkpt lat="40.85585" lon="-111.70286"><ele>2722.5</ele></trkpt><trkpt lat="40.85640" lon="-111.70246"><ele>2722.5</ele></trkpt><trkpt lat="40.85675" lon="-111.70193"><ele>2722.5</ele></trkpt><trkpt lat="40.85784" lon="-111.70208"><ele>2722.5</ele></trkpt><trkpt lat="40.85820" lon="-111.70197"><ele>2722.5</ele></trkpt><trkpt lat="40.85867" lon="-111.70138"><ele>2722.5</ele></trkpt><trkpt lat="40.85962" lon="-111.70089"><ele>2722.5</ele></trkpt><trkpt lat="40.85985" lon="-111.70034"><ele>2722.5</ele></trkpt><trkpt lat="40.86024" lon="-111.69985"><ele>2722.5</ele></trkpt><trkpt lat="40.86051" lon="-111.69760"><ele>2722.5</ele></trkpt><trkpt lat="40.86102" lon="-111.69600"><ele>2722.5</ele></trkpt><trkpt lat="40.86097" lon="-111.69477"><ele>2722.5</ele></trkpt><trkpt lat="40.86091" lon="-111.69436"><ele>2722.5</ele></trkpt><trkpt lat="40.86063" lon="-111.69380"><ele>2722.5</ele></trkpt><trkpt lat="40.86001" lon="-111.69297"><ele>2722.5</ele></trkpt><trkpt lat="40.85957" lon="-111.69197"><ele>2722.5</ele></trkpt><trkpt lat="40.85926" lon="-111.69155"><ele>2722.5</ele></trkpt><trkpt lat="40.85874" lon="-111.68933"><ele>2722.5</ele></trkpt><trkpt lat="40.85882" lon="-111.68839"><ele>2722.5</ele></trkpt><trkpt lat="40.85830" lon="-111.68749"><ele>2722.5</ele></trkpt><trkpt lat="40.85807" lon="-111.68654"><ele>2722.5</ele></trkpt><trkpt lat="40.85807" lon="-111.68577"><ele>2722.5</ele></trkpt><trkpt lat="40.85756" lon="-111.68545"><ele>2722.5</ele></trkpt><trkpt lat="40.85690" lon="-111.68409"><ele>2722.5</ele></trkpt><trkpt lat="40.85648" lon="-111.68386"><ele>2722.5</ele></trkpt><trkpt lat="40.85615" lon="-111.68283"><ele>2722.5</ele></trkpt><trkpt lat="40.85619" lon="-111.68130"><ele>2722.5</ele></trkpt><trkpt lat="40.85607" lon="-111.68074"><ele>2722.5</ele></trkpt><trkpt lat="40.85625" lon="-111.67987"><ele>2722.5</ele></trkpt><trkpt lat="40.85620" lon="-111.67861"><ele>2722.5</ele></trkpt><trkpt lat="40.85524" lon="-111.67635"><ele>2722.5</ele></trkpt><trkpt lat="40.85520" lon="-111.67436"><ele>2722.5</ele></trkpt><trkpt lat="40.85445" lon="-111.67335"><ele>2722.5</ele></trkpt><trkpt lat="40.85327" lon="-111.67267"><ele>2722.5</ele></trkpt><trkpt lat="40.85310" lon="-111.67229"><ele>2722.5</ele></trkpt><trkpt lat="40.85271" lon="-111.66980"><ele>2722.5</ele></trkpt><trkpt lat="40.85220" lon="-111.66861"><ele>2722.5</ele></trkpt><trkpt lat="40.85149" lon="-111.66747"><ele>2722.5</ele></trkpt><trkpt lat="40.85145" lon="-111.66716"><ele>2722.5</ele></trkpt><trkpt lat="40.85071" lon="-111.66629"><ele>2722.5</ele></trkpt><trkpt lat="40.85004" lon="-111.66593"><ele>2722.5</ele></trkpt><trkpt lat="40.84999" lon="-111.66459"><ele>2722.5</ele></trkpt><trkpt lat="40.84960" lon="-111.66377"><ele>2722.5</ele></trkpt><trkpt lat="40.84786" lon="-111.66215"><ele>2722.5</ele></trkpt><trkpt lat="40.84761" lon="-111.66199"><ele>2722.5</ele></trkpt><trkpt lat="40.84644" lon="-111.66180"><ele>2722.5</ele></trkpt><trkpt lat="40.84387" lon="-111.66225"><ele>2722.5</ele></trkpt><trkpt lat="40.84327" lon="-111.66160"><ele>2722.5</ele></trkpt><trkpt lat="40.84319" lon="-111.66247"><ele>2722.5</ele></trkpt><trkpt lat="40.84301" lon="-111.66278"><ele>2722.5</ele></trkpt><trkpt lat="40.84198" lon="-111.66309"><ele>2722.5</ele></trkpt><trkpt lat="40.84113" lon="-111.66365"><ele>2722.5</ele></trkpt><trkpt lat="40.84046" lon="-111.66335"><ele>2722.5</ele></trkpt><trkpt lat="40.83989" lon="-111.66349"><ele>2722.5</ele></trkpt><trkpt lat="40.83948" lon="-111.66339"><ele>2722.5</ele></trkpt><trkpt lat="40.83783" lon="-111.66414"><ele>2722.5</ele></trkpt><trkpt lat="40.83752" lon="-111.66441"><ele>2722.5</ele></trkpt><trkpt lat="40.83660" lon="-111.66447"><ele>2722.5</ele></trkpt><trkpt lat="40.83559" lon="-111.66479"><ele>2722.5</ele></trkpt><trkpt lat="40.83538" lon="-111.66493"><ele>2722.5</ele></trkpt><trkpt lat="40.83494" lon="-111.66579"><ele>2722.5</ele></trkpt><trkpt lat="40.83413" lon="-111.66617"><ele>2722.5</ele></trkpt><trkpt lat="40.83190" lon="-111.66616"><ele>2722.5</ele></trkpt><trkpt lat="40.83082" lon="-111.66640"><ele>2722.5</ele></trkpt><trkpt lat="40.83028" lon="-111.66577"><ele>2722.5</ele></trkpt><trkpt lat="40.83019" lon="-111.66528"><ele>2722.5</ele></trkpt><trkpt lat="40.83037" lon="-111.66506"><ele>2722.5</ele></trkpt><trkpt lat="40.82997" lon="-111.66513"><ele>2722.5</ele></trkpt><trkpt lat="40.82984" lon="-111.66466"><ele>2722.5</ele></trkpt><trkpt lat="40.83021" lon="-111.66137"><ele>2722.5</ele></trkpt><trkpt lat="40.83061" lon="-111.65987"><ele>2722.5</ele></trkpt><trkpt lat="40.83067" lon="-111.65899"><ele>2722.5</ele></trkpt><trkpt lat="40.83051" lon="-111.65832"><ele>2722.5</ele></trkpt><trkpt lat="40.83035" lon="-111.65864"><ele>2722.5</ele></trkpt><trkpt lat="40.83030" lon="-111.65803"><ele>2722.5</ele></trkpt><trkpt lat="40.83005" lon="-111.65859"><ele>2722.5</ele></trkpt><trkpt lat="40.82997" lon="-111.65789"><ele>2722.5</ele></trkpt><trkpt lat="40.82975" lon="-111.65853"><ele>2722.5</ele></trkpt><trkpt lat="40.82959" lon="-111.65751"><ele>2722.5</ele></trkpt><trkpt lat="40.82884" lon="-111.65615"><ele>2722.5</ele></trkpt><trkpt lat="40.82902" lon="-111.65497"><ele>2722.5</ele></trkpt><trkpt lat="40.82925" lon="-111.65445"><ele>2722.5</ele></trkpt><trkpt lat="40.82945" lon="-111.65432"><ele>2722.5</ele></trkpt><trkpt lat="40.82886" lon="-111.65420"><ele>2722.5</ele></trkpt><trkpt lat="40.82891" lon="-111.65402"><ele>2722.5</ele></trkpt><trkpt lat="40.82841" lon="-111.65413"><ele>2722.5</ele></trkpt><trkpt lat="40.82796" lon="-111.65337"><ele>2722.5</ele></trkpt><trkpt lat="40.82758" lon="-111.65305"><ele>2722.5</ele></trkpt><trkpt lat="40.82739" lon="-111.65251"><ele>2722.5</ele></trkpt><trkpt lat="40.82710" lon="-111.65235"><ele>2722.5</ele></trkpt><trkpt lat="40.82610" lon="-111.65219"><ele>2722.5</ele></trkpt><trkpt lat="40.82526" lon="-111.65235"><ele>2722.5</ele></trkpt><trkpt lat="40.82440" lon="-111.65206"><ele>2722.5</ele></trkpt><trkpt lat="40.82392" lon="-111.65206"><ele>2722.5</ele></trkpt><trkpt lat="40.82367" lon="-111.65158"><ele>2722.5</ele></trkpt><trkpt lat="40.82381" lon="-111.65098"><ele>2722.5</ele></trkpt><trkpt lat="40.82409" lon="-111.65065"><ele>2722.5</ele></trkpt><trkpt lat="40.82425" lon="-111.65017"><ele>2722.5</ele></trkpt><trkpt lat="40.82418" lon="-111.64940"><ele>2722.5</ele></trkpt><trkpt lat="40.82435" lon="-111.64904"><ele>2722.5</ele></trkpt><trkpt lat="40.82392" lon="-111.64820"><ele>2722.5</ele></trkpt><trkpt lat="40.82280" lon="-111.64734"><ele>2722.5</ele></trkpt><trkpt lat="40.82219" lon="-111.64713"><ele>2722.5</ele></trkpt><trkpt lat="40.82126" lon="-111.64645"><ele>2722.5</ele></trkpt><trkpt lat="40.82046" lon="-111.64610"><ele>2722.5</ele></trkpt><trkpt lat="40.81998" lon="-111.64490"><ele>2722.5</ele></trkpt><trkpt lat="40.81938" lon="-111.64429"><ele>2722.5</ele></trkpt><trkpt lat="40.81926" lon="-111.64394"><ele>2722.5</ele></trkpt><trkpt lat="40.81874" lon="-111.64333"><ele>2722.5</ele></trkpt><trkpt lat="40.81840" lon="-111.64317"><ele>2722.5</ele></trkpt><trkpt lat="40.81798" lon="-111.64267"><ele>2722.5</ele></trkpt><trkpt lat="40.81713" lon="-111.64235"><ele>2722.5</ele></trkpt><trkpt lat="40.81676" lon="-111.64165"><ele>2722.5</ele></trkpt><trkpt lat="40.81633" lon="-111.64134"><ele>2722.5</ele></trkpt><trkpt lat="40.81598" lon="-111.64143"><ele>2722.5</ele></trkpt><trkpt lat="40.81569" lon="-111.64187"><ele>2722.5</ele></trkpt><trkpt lat="40.81460" lon="-111.64041"><ele>2722.5</ele></trkpt><trkpt lat="40.81384" lon="-111.64030"><ele>2722.5</ele></trkpt><trkpt lat="40.81254" lon="-111.64060"><ele>2722.5</ele></trkpt><trkpt lat="40.81199" lon="-111.64034"><ele>2722.5</ele></trkpt><trkpt lat="40.81172" lon="-111.63979"><ele>2722.5</ele></trkpt><trkpt lat="40.81128" lon="-111.63976"><ele>2722.5</ele></trkpt><trkpt lat="40.81081" lon="-111.63927"><ele>2722.5</ele></trkpt><trkpt lat="40.80921" lon="-111.63965"><ele>2722.5</ele></trkpt><trkpt lat="40.80901" lon="-111.63938"><ele>2722.5</ele></trkpt><trkpt lat="40.80854" lon="-111.63932"><ele>2722.5</ele></trkpt><trkpt lat="40.80826" lon="-111.63958"><ele>2722.5</ele></trkpt><trkpt lat="40.80787" lon="-111.64040"><ele>2722.5</ele></trkpt><trkpt lat="40.80751" lon="-111.64060"><ele>2722.5</ele></trkpt><trkpt lat="40.80735" lon="-111.64093"><ele>2722.5</ele></trkpt><trkpt lat="40.80700" lon="-111.64103"><ele>2722.5</ele></trkpt><trkpt lat="40.80628" lon="-111.64081"><ele>2722.5</ele></trkpt><trkpt lat="40.80588" lon="-111.64114"><ele>2722.5</ele></trkpt><trkpt lat="40.80562" lon="-111.64164"><ele>2722.5</ele></trkpt><trkpt lat="40.80492" lon="-111.64162"><ele>2722.5</ele></trkpt><trkpt lat="40.80465" lon="-111.64145"><ele>2722.5</ele></trkpt><trkpt lat="40.80443" lon="-111.64108"><ele>2722.5</ele></trkpt><trkpt lat="40.80309" lon="-111.64063"><ele>2722.5</ele></trkpt><trkpt lat="40.80269" lon="-111.64029"><ele>2722.5</ele></trkpt><trkpt lat="40.80230" lon="-111.64042"><ele>2722.5</ele></trkpt><trkpt lat="40.80074" lon="-111.64000"><ele>2722.5</ele></trkpt><trkpt lat="40.80042" lon="-111.64052"><ele>2722.5</ele></trkpt><trkpt lat="40.80042" lon="-111.64132"><ele>2722.5</ele></trkpt><trkpt lat="40.80021" lon="-111.64151"><ele>2722.5</ele></trkpt><trkpt lat="40.80010" lon="-111.64198"><ele>2722.5</ele></trkpt><trkpt lat="40.79966" lon="-111.64245"><ele>2722.5</ele></trkpt><trkpt lat="40.79908" lon="-111.64241"><ele>2722.5</ele></trkpt><trkpt lat="40.79876" lon="-111.64275"><ele>2722.5</ele></trkpt><trkpt lat="40.79860" lon="-111.64445"><ele>2722.5</ele></trkpt><trkpt lat="40.79821" lon="-111.64515"><ele>2722.5</ele></trkpt><trkpt lat="40.79795" lon="-111.64619"><ele>2722.5</ele></trkpt><trkpt lat="40.79690" lon="-111.64658"><ele>2722.5</ele></trkpt><trkpt lat="40.79623" lon="-111.64700"><ele>2722.5</ele></trkpt><trkpt lat="40.79581" lon="-111.64748"><ele>2722.5</ele></trkpt><trkpt lat="40.79524" lon="-111.64748"><ele>2722.5</ele></trkpt><trkpt lat="40.79350" lon="-111.64847"><ele>2722.5</ele></trkpt><trkpt lat="40.79208" lon="-111.64880"><ele>2722.5</ele></trkpt><trkpt lat="40.79045" lon="-111.64772"><ele>2722.5</ele></trkpt><trkpt lat="40.78954" lon="-111.64737"><ele>2722.5</ele></trkpt><trkpt lat="40.78740" lon="-111.64466"><ele>2722.5</ele></trkpt><trkpt lat="40.78593" lon="-111.64490"><ele>2722.5</ele></trkpt><trkpt lat="40.78470" lon="-111.64464"><ele>2722.5</ele></trkpt><trkpt lat="40.78432" lon="-111.64481"><ele>2722.5</ele></trkpt><trkpt lat="40.78357" lon="-111.64567"><ele>2722.5</ele></trkpt><trkpt lat="40.78320" lon="-111.64633"><ele>2722.5</ele></trkpt><trkpt lat="40.78254" lon="-111.64656"><ele>2722.5</ele></trkpt><trkpt lat="40.78099" lon="-111.64646"><ele>2722.5</ele></trkpt><trkpt lat="40.77906" lon="-111.64538"><ele>2722.5</ele></trkpt><trkpt lat="40.77880" lon="-111.64542"><ele>2722.5</ele></trkpt><trkpt lat="40.77767" lon="-111.64628"><ele>2722.5</ele></trkpt><trkpt lat="40.77661" lon="-111.64784"><ele>2722.5</ele></trkpt><trkpt lat="40.77590" lon="-111.64848"><ele>2722.5</ele></trkpt><trkpt lat="40.77480" lon="-111.64909"><ele>2722.5</ele></trkpt><trkpt lat="40.77452" lon="-111.64892"><ele>2722.5</ele></trkpt><trkpt lat="40.77364" lon="-111.64912"><ele>2722.5</ele></trkpt><trkpt lat="40.77361" lon="-111.64962"><ele>2722.5</ele></trkpt><trkpt lat="40.77332" lon="-111.65039"><ele>2722.5</ele></trkpt><trkpt lat="40.77343" lon="-111.65099"><ele>2722.5</ele></trkpt><trkpt lat="40.77465" lon="-111.65293"><ele>2722.5</ele></trkpt><trkpt lat="40.77432" lon="-111.65462"><ele>2722.5</ele></trkpt><trkpt lat="40.77416" lon="-111.65479"><ele>2722.5</ele></trkpt><trkpt lat="40.77416" lon="-111.65505"><ele>2722.5</ele></trkpt><trkpt lat="40.77391" lon="-111.65512"><ele>2722.5</ele></trkpt><trkpt lat="40.77386" lon="-111.65590"><ele>2722.5</ele></trkpt><trkpt lat="40.77405" lon="-111.65676"><ele>2722.5</ele></trkpt><trkpt lat="40.77331" lon="-111.65832"><ele>2722.5</ele></trkpt><trkpt lat="40.77280" lon="-111.65857"><ele>2722.5</ele></trkpt><trkpt lat="40.77274" lon="-111.65880"><ele>2722.5</ele></trkpt><trkpt lat="40.77214" lon="-111.65950"><ele>2722.5</ele></trkpt><trkpt lat="40.77200" lon="-111.66000"><ele>2722.5</ele></trkpt><trkpt lat="40.77179" lon="-111.66014"><ele>2722.5</ele></trkpt><trkpt lat="40.77159" lon="-111.66067"><ele>2722.5</ele></trkpt><trkpt lat="40.77135" lon="-111.66081"><ele>2722.5</ele></trkpt><trkpt lat="40.77120" lon="-111.66177"><ele>2722.5</ele></trkpt><trkpt lat="40.77063" lon="-111.66308"><ele>2722.5</ele></trkpt><trkpt lat="40.77042" lon="-111.66454"><ele>2722.5</ele></trkpt><trkpt lat="40.77047" lon="-111.66490"><ele>2722.5</ele></trkpt><trkpt lat="40.77068" lon="-111.66524"><ele>2722.5</ele></trkpt><trkpt lat="40.77091" lon="-111.66535"><ele>2722.5</ele></trkpt><trkpt lat="40.77103" lon="-111.66574"><ele>2722.5</ele></trkpt><trkpt lat="40.77109" lon="-111.66704"><ele>2722.5</ele></trkpt><trkpt lat="40.77086" lon="-111.66873"><ele>2722.5</ele></trkpt><trkpt lat="40.77123" lon="-111.67060"><ele>2722.5</ele></trkpt><trkpt lat="40.77118" lon="-111.67202"><ele>2722.5</ele></trkpt><trkpt lat="40.77150" lon="-111.67396"><ele>2722.5</ele></trkpt><trkpt lat="40.77121" lon="-111.67482"><ele>2722.5</ele></trkpt><trkpt lat="40.77078" lon="-111.67557"><ele>2722.5</ele></trkpt><trkpt lat="40.77051" lon="-111.67577"><ele>2722.5</ele></trkpt><trkpt lat="40.76938" lon="-111.67783"><ele>2722.5</ele></trkpt><trkpt lat="40.76893" lon="-111.67958"><ele>2722.5</ele></trkpt><trkpt lat="40.76781" lon="-111.68150"><ele>2722.5</ele></trkpt><trkpt lat="40.76739" lon="-111.68459"><ele>2722.5</ele></trkpt><trkpt lat="40.76779" lon="-111.68602"><ele>2722.5</ele></trkpt><trkpt lat="40.76762" lon="-111.68715"><ele>2722.5</ele></trkpt><trkpt lat="40.76689" lon="-111.68774"><ele>2722.5</ele></trkpt><trkpt lat="40.76631" lon="-111.68855"><ele>2722.5</ele></trkpt><trkpt lat="40.76582" lon="-111.68874"><ele>2722.5</ele></trkpt><trkpt lat="40.76495" lon="-111.68957"><ele>2722.5</ele></trkpt><trkpt lat="40.76423" lon="-111.68978"><ele>2722.5</ele></trkpt><trkpt lat="40.76400" lon="-111.69070"><ele>2722.5</ele></trkpt><trkpt lat="40.76404" lon="-111.69157"><ele>2722.5</ele></trkpt><trkpt lat="40.76348" lon="-111.69361"><ele>2722.5</ele></trkpt><trkpt lat="40.76279" lon="-111.69443"><ele>2722.5</ele></trkpt><trkpt lat="40.76386" lon="-111.69644"><ele>2722.5</ele></trkpt><trkpt lat="40.76431" lon="-111.69758"><ele>2722.5</ele></trkpt><trkpt lat="40.76414" lon="-111.70066"><ele>2722.5</ele></trkpt><trkpt lat="40.76473" lon="-111.70309"><ele>2722.5</ele></trkpt><trkpt lat="40.76463" lon="-111.70478"><ele>2722.5</ele></trkpt><trkpt lat="40.76469" lon="-111.70511"><ele>2722.5</ele></trkpt><trkpt lat="40.76514" lon="-111.70564"><ele>2722.5</ele></trkpt><trkpt lat="40.76399" lon="-111.70612"><ele>2722.5</ele></trkpt><trkpt lat="40.76301" lon="-111.70679"><ele>2722.5</ele></trkpt><trkpt lat="40.76135" lon="-111.70758"><ele>2722.5</ele></trkpt><trkpt lat="40.76092" lon="-111.70804"><ele>2722.5</ele></trkpt><trkpt lat="40.76054" lon="-111.70871"><ele>2722.5</ele></trkpt><trkpt lat="40.75855" lon="-111.70861"><ele>2722.5</ele></trkpt><trkpt lat="40.75555" lon="-111.70984"><ele>2722.5</ele></trkpt><trkpt lat="40.75515" lon="-111.70881"><ele>2722.5</ele></trkpt><trkpt lat="40.75445" lon="-111.70603"><ele>2722.5</ele></trkpt><trkpt lat="40.75442" lon="-111.70546"><ele>2722.5</ele></trkpt><trkpt lat="40.75465" lon="-111.70417"><ele>2722.5</ele></trkpt><trkpt lat="40.75443" lon="-111.70251"><ele>2722.5</ele></trkpt><trkpt lat="40.75455" lon="-111.70062"><ele>2722.5</ele></trkpt><trkpt lat="40.75434" lon="-111.69949"><ele>2722.5</ele></trkpt><trkpt lat="40.75443" lon="-111.69870"><ele>2722.5</ele></trkpt><trkpt lat="40.75407" lon="-111.69602"><ele>2722.5</ele></trkpt><trkpt lat="40.75430" lon="-111.69324"><ele>2722.5</ele></trkpt><trkpt lat="40.75505" lon="-111.69193"><ele>2722.5</ele></trkpt><trkpt lat="40.75555" lon="-111.69012"><ele>2722.5</ele></trkpt><trkpt lat="40.75586" lon="-111.68948"><ele>2722.5</ele></trkpt><trkpt lat="40.75608" lon="-111.68848"><ele>2722.5</ele></trkpt><trkpt lat="40.75610" lon="-111.68781"><ele>2722.5</ele></trkpt><trkpt lat="40.75710" lon="-111.68535"><ele>2722.5</ele></trkpt><trkpt lat="40.75731" lon="-111.68386"><ele>2722.5</ele></trkpt><trkpt lat="40.75793" lon="-111.68265"><ele>2722.5</ele></trkpt><trkpt lat="40.75790" lon="-111.68198"><ele>2722.5</ele></trkpt><trkpt lat="40.75806" lon="-111.68111"><ele>2722.5</ele></trkpt><trkpt lat="40.75849" lon="-111.68059"><ele>2722.5</ele></trkpt><trkpt lat="40.75934" lon="-111.67744"><ele>2722.5</ele></trkpt><trkpt lat="40.75940" lon="-111.67709"><ele>2722.5</ele></trkpt><trkpt lat="40.75921" lon="-111.67667"><ele>2722.5</ele></trkpt><trkpt lat="40.75995" lon="-111.67425"><ele>2722.5</ele></trkpt><trkpt lat="40.76022" lon="-111.67394"><ele>2722.5</ele></trkpt><trkpt lat="40.76045" lon="-111.67324"><ele>2722.5</ele></trkpt><trkpt lat="40.76041" lon="-111.67051"><ele>2722.5</ele></trkpt><trkpt lat="40.76020" lon="-111.66943"><ele>2722.5</ele></trkpt><trkpt lat="40.75949" lon="-111.66777"><ele>2722.5</ele></trkpt><trkpt lat="40.75944" lon="-111.66707"><ele>2722.5</ele></trkpt><trkpt lat="40.75856" lon="-111.66416"><ele>2722.5</ele></trkpt><trkpt lat="40.75694" lon="-111.66162"><ele>2722.5</ele></trkpt><trkpt lat="40.75582" lon="-111.66087"><ele>2722.5</ele></trkpt><trkpt lat="40.75357" lon="-111.65801"><ele>2722.5</ele></trkpt><trkpt lat="40.75231" lon="-111.65617"><ele>2722.5</ele></trkpt><trkpt lat="40.75058" lon="-111.65197"><ele>2722.5</ele></trkpt><trkpt lat="40.75057" lon="-111.65005"><ele>2722.5</ele></trkpt><trkpt lat="40.74957" lon="-111.65202"><ele>2722.5</ele></trkpt><trkpt lat="40.74955" lon="-111.65276"><ele>2722.5</ele></trkpt><trkpt lat="40.74907" lon="-111.65399"><ele>2722.5</ele></trkpt><trkpt lat="40.74915" lon="-111.65472"><ele>2722.5</ele></trkpt><trkpt lat="40.74891" lon="-111.65560"><ele>2722.5</ele></trkpt><trkpt lat="40.74882" lon="-111.65643"><ele>2722.5</ele></trkpt><trkpt lat="40.74858" lon="-111.65656"><ele>2722.5</ele></trkpt><trkpt lat="40.74810" lon="-111.65725"><ele>2722.5</ele></trkpt><trkpt lat="40.74824" lon="-111.65811"><ele>2722.5</ele></trkpt><trkpt lat="40.74760" lon="-111.65914"><ele>2722.5</ele></trkpt><trkpt lat="40.74704" lon="-111.65945"><ele>2722.5</ele></trkpt><trkpt lat="40.74727" lon="-111.66036"><ele>2722.5</ele></trkpt><trkpt lat="40.74716" lon="-111.66098"><ele>2722.5</ele></trkpt><trkpt lat="40.74677" lon="-111.66149"><ele>2722.5</ele></trkpt><trkpt lat="40.74580" lon="-111.66201"><ele>2722.5</ele></trkpt><trkpt lat="40.74562" lon="-111.66228"><ele>2722.5</ele></trkpt><trkpt lat="40.74491" lon="-111.66461"><ele>2722.5</ele></trkpt><trkpt lat="40.74487" lon="-111.66508"><ele>2722.5</ele></trkpt><trkpt lat="40.74505" lon="-111.66571"><ele>2722.5</ele></trkpt><trkpt lat="40.74615" lon="-111.66655"><ele>2722.5</ele></trkpt><trkpt lat="40.74652" lon="-111.66708"><ele>2722.5</ele></trkpt><trkpt lat="40.74664" lon="-111.66785"><ele>2722.5</ele></trkpt><trkpt lat="40.74636" lon="-111.66874"><ele>2722.5</ele></trkpt><trkpt lat="40.74592" lon="-111.66913"><ele>2722.5</ele></trkpt><trkpt lat="40.74543" lon="-111.66925"><ele>2722.5</ele></trkpt><trkpt lat="40.74495" lon="-111.66905"><ele>2722.5</ele></trkpt><trkpt lat="40.74447" lon="-111.66830"><ele>2722.5</ele></trkpt><trkpt lat="40.74429" lon="-111.66564"><ele>2722.5</ele></trkpt><trkpt lat="40.74480" lon="-111.66175"><ele>2722.5</ele></trkpt><trkpt lat="40.74434" lon="-111.66113"><ele>2722.5</ele></trkpt><trkpt lat="40.74364" lon="-111.66104"><ele>2722.5</ele></trkpt><trkpt lat="40.74319" lon="-111.66136"><ele>2722.5</ele></trkpt><trkpt lat="40.74252" lon="-111.66331"><ele>2722.5</ele></trkpt><trkpt lat="40.74192" lon="-111.66433"><ele>2722.5</ele></trkpt><trkpt lat="40.74160" lon="-111.66531"><ele>2722.5</ele></trkpt><trkpt lat="40.74146" lon="-111.66638"><ele>2722.5</ele></trkpt><trkpt lat="40.74045" lon="-111.66863"><ele>2722.5</ele></trkpt><trkpt lat="40.74062" lon="-111.66868"><ele>2722.5</ele></trkpt><trkpt lat="40.74066" lon="-111.66891"><ele>2722.5</ele></trkpt><trkpt lat="40.74042" lon="-111.66939"><ele>2722.5</ele></trkpt><trkpt lat="40.74094" lon="-111.67222"><ele>2722.5</ele></trkpt><trkpt lat="40.74140" lon="-111.67240"><ele>2722.5</ele></trkpt><trkpt lat="40.74247" lon="-111.67360"><ele>2722.5</ele></trkpt><trkpt lat="40.74235" lon="-111.67399"><ele>2722.5</ele></trkpt><trkpt lat="40.74168" lon="-111.67445"><ele>2722.5</ele></trkpt><trkpt lat="40.74115" lon="-111.67434"><ele>2722.5</ele></trkpt><trkpt lat="40.74043" lon="-111.67257"><ele>2722.5</ele></trkpt><trkpt lat="40.74026" lon="-111.67244"><ele>2722.5</ele></trkpt><trkpt lat="40.74007" lon="-111.67263"><ele>2722.5</ele></trkpt><trkpt lat="40.73960" lon="-111.67249"><ele>2722.5</ele></trkpt><trkpt lat="40.73874" lon="-111.67287"><ele>2722.5</ele></trkpt><trkpt lat="40.73769" lon="-111.67271"><ele>2722.5</ele></trkpt><trkpt lat="40.73457" lon="-111.67027"><ele>2722.5</ele></trkpt><trkpt lat="40.73419" lon="-111.67022"><ele>2722.5</ele></trkpt><trkpt lat="40.73320" lon="-111.66963"><ele>2722.5</ele></trkpt><trkpt lat="40.73254" lon="-111.66905"><ele>2722.5</ele></trkpt><trkpt lat="40.73159" lon="-111.66866"><ele>2722.5</ele></trkpt><trkpt lat="40.73089" lon="-111.66857"><ele>2722.5</ele></trkpt><trkpt lat="40.73054" lon="-111.66804"><ele>2722.5</ele></trkpt><trkpt lat="40.72985" lon="-111.66632"><ele>2722.5</ele></trkpt><trkpt lat="40.72946" lon="-111.66582"><ele>2722.5</ele></trkpt><trkpt lat="40.72913" lon="-111.66459"><ele>2722.5</ele></trkpt><trkpt lat="40.72850" lon="-111.66319"><ele>2722.5</ele></trkpt><trkpt lat="40.72759" lon="-111.66294"><ele>2722.5</ele></trkpt><trkpt lat="40.72691" lon="-111.66297"><ele>2722.5</ele></trkpt><trkpt lat="40.72559" lon="-111.66274"><ele>2722.5</ele></trkpt><trkpt lat="40.72458" lon="-111.66291"><ele>2722.5</ele></trkpt><trkpt lat="40.72367" lon="-111.66274"><ele>2722.5</ele></trkpt><trkpt lat="40.72315" lon="-111.66231"><ele>2722.5</ele></trkpt><trkpt lat="40.72257" lon="-111.66135"><ele>2722.5</ele></trkpt><trkpt lat="40.72210" lon="-111.65984"><ele>2722.5</ele></trkpt><trkpt lat="40.72129" lon="-111.65820"><ele>2722.5</ele></trkpt><trkpt lat="40.72067" lon="-111.65773"><ele>2722.5</ele></trkpt><trkpt lat="40.72076" lon="-111.65804"><ele>2722.5</ele></trkpt><trkpt lat="40.72023" lon="-111.65753"><ele>2722.5</ele></trkpt><trkpt lat="40.71977" lon="-111.65733"><ele>2722.5</ele></trkpt><trkpt lat="40.71939" lon="-111.65732"><ele>2722.5</ele></trkpt><trkpt lat="40.71914" lon="-111.65747"><ele>2722.5</ele></trkpt><trkpt lat="40.71827" lon="-111.65847"><ele>2722.5</ele></trkpt><trkpt lat="40.71763" lon="-111.65885"><ele>2722.5</ele></trkpt><trkpt lat="40.71605" lon="-111.66212"><ele>2722.5</ele></trkpt><trkpt lat="40.71533" lon="-111.66272"><ele>2722.5</ele></trkpt><trkpt lat="40.71473" lon="-111.66380"><ele>2722.5</ele></trkpt><trkpt lat="40.71291" lon="-111.66500"><ele>2722.5</ele></trkpt><trkpt lat="40.71328" lon="-111.66505"><ele>2722.5</ele></trkpt><trkpt lat="40.71280" lon="-111.66548"><ele>2722.5</ele></trkpt><trkpt lat="40.71245" lon="-111.66630"><ele>2722.5</ele></trkpt><trkpt lat="40.71116" lon="-111.66795"><ele>2722.5</ele></trkpt><trkpt lat="40.71113" lon="-111.66901"><ele>2722.5</ele></trkpt><trkpt lat="40.71091" lon="-111.66949"><ele>2722.5</ele></trkpt><trkpt lat="40.71049" lon="-111.66992"><ele>2722.5</ele></trkpt><trkpt lat="40.70982" lon="-111.67124"><ele>2722.5</ele></trkpt><trkpt lat="40.70892" lon="-111.67190"><ele>2722.5</ele></trkpt><trkpt lat="40.70876" lon="-111.67249"><ele>2722.5</ele></trkpt><trkpt lat="40.70852" lon="-111.67274"><ele>2722.5</ele></trkpt><trkpt lat="40.70820" lon="-111.67278"><ele>2722.5</ele></trkpt><trkpt lat="40.70787" lon="-111.67173"><ele>2722.5</ele></trkpt><trkpt lat="40.70748" lon="-111.67107"><ele>2722.5</ele></trkpt><trkpt lat="40.70704" lon="-111.66979"><ele>2722.5</ele></trkpt><trkpt lat="40.70724" lon="-111.66930"><ele>2722.5</ele></trkpt><trkpt lat="40.70679" lon="-111.66944"><ele>2722.5</ele></trkpt><trkpt lat="40.70658" lon="-111.66976"><ele>2722.5</ele></trkpt><trkpt lat="40.70639" lon="-111.67160"><ele>2722.5</ele></trkpt><trkpt lat="40.70661" lon="-111.67218"><ele>2722.5</ele></trkpt><trkpt lat="40.70623" lon="-111.67363"><ele>2722.5</ele></trkpt><trkpt lat="40.70612" lon="-111.67509"><ele>2722.5</ele></trkpt><trkpt lat="40.70623" lon="-111.67569"><ele>2722.5</ele></trkpt><trkpt lat="40.70619" lon="-111.67585"><ele>2722.5</ele></trkpt><trkpt lat="40.70569" lon="-111.67615"><ele>2722.5</ele></trkpt><trkpt lat="40.70610" lon="-111.67714"><ele>2722.5</ele></trkpt><trkpt lat="40.70591" lon="-111.67720"><ele>2722.5</ele></trkpt><trkpt lat="40.70603" lon="-111.67821"><ele>2722.5</ele></trkpt><trkpt lat="40.70630" lon="-111.67871"><ele>2722.5</ele></trkpt><trkpt lat="40.70647" lon="-111.67969"><ele>2722.5</ele></trkpt><trkpt lat="40.70605" lon="-111.68028"><ele>2722.5</ele></trkpt><trkpt lat="40.70610" lon="-111.68076"><ele>2722.5</ele></trkpt><trkpt lat="40.70574" lon="-111.68212"><ele>2722.5</ele></trkpt><trkpt lat="40.70605" lon="-111.68191"><ele>2722.5</ele></trkpt><trkpt lat="40.70670" lon="-111.68072"><ele>2722.5</ele></trkpt><trkpt lat="40.70729" lon="-111.68058"><ele>2722.5</ele></trkpt><trkpt lat="40.70758" lon="-111.68020"><ele>2722.5</ele></trkpt><trkpt lat="40.70791" lon="-111.68051"><ele>2722.5</ele></trkpt><trkpt lat="40.70901" lon="-111.68099"><ele>2722.5</ele></trkpt><trkpt lat="40.70918" lon="-111.68096"><ele>2722.5</ele></trkpt><trkpt lat="40.70945" lon="-111.68045"><ele>2722.5</ele></trkpt><trkpt lat="40.71026" lon="-111.68166"><ele>2722.5</ele></trkpt><trkpt lat="40.71100" lon="-111.68158"><ele>2722.5</ele></trkpt><trkpt lat="40.71141" lon="-111.68179"><ele>2722.5</ele></trkpt><trkpt lat="40.71111" lon="-111.68256"><ele>2722.5</ele></trkpt><trkpt lat="40.71072" lon="-111.68300"><ele>2722.5</ele></trkpt><trkpt lat="40.71060" lon="-111.68376"><ele>2722.5</ele></trkpt><trkpt lat="40.71042" lon="-111.68328"><ele>2722.5</ele></trkpt><trkpt lat="40.71033" lon="-111.68424"><ele>2722.5</ele></trkpt><trkpt lat="40.71041" lon="-111.68488"><ele>2722.5</ele></trkpt><trkpt lat="40.71017" lon="-111.68545"><ele>2722.5</ele></trkpt><trkpt lat="40.71016" lon="-111.68573"><ele>2722.5</ele></trkpt><trkpt lat="40.71040" lon="-111.68736"><ele>2722.5</ele></trkpt><trkpt lat="40.71020" lon="-111.68738"><ele>2722.5</ele></trkpt><trkpt lat="40.71022" lon="-111.68769"><ele>2722.5</ele></trkpt><trkpt lat="40.71006" lon="-111.68790"><ele>2722.5</ele></trkpt><trkpt lat="40.70963" lon="-111.68959"><ele>2722.5</ele></trkpt><trkpt lat="40.70905" lon="-111.68995"><ele>2722.5</ele></trkpt><trkpt lat="40.70760" lon="-111.69020"><ele>2722.5</ele></trkpt><trkpt lat="40.70678" lon="-111.68989"><ele>2722.5</ele></trkpt><trkpt lat="40.70599" lon="-111.68989"><ele>2722.5</ele></trkpt><trkpt lat="40.70536" lon="-111.69017"><ele>2722.5</ele></trkpt><trkpt lat="40.70464" lon="-111.69013"><ele>2722.5</ele></trkpt><trkpt lat="40.70364" lon="-111.68932"><ele>2722.5</ele></trkpt><trkpt lat="40.70373" lon="-111.68969"><ele>2722.5</ele></trkpt><trkpt lat="40.70292" lon="-111.68919"><ele>2722.5</ele></trkpt><trkpt lat="40.70260" lon="-111.68845"><ele>2722.5</ele></trkpt><trkpt lat="40.70165" lon="-111.68783"><ele>2722.5</ele></trkpt><trkpt lat="40.70104" lon="-111.68725"><ele>2722.5</ele></trkpt><trkpt lat="40.70094" lon="-111.68719"><ele>2722.5</ele></trkpt><trkpt lat="40.70101" lon="-111.68747"><ele>2722.5</ele></trkpt><trkpt lat="40.70090" lon="-111.68745"><ele>2722.5</ele></trkpt><trkpt lat="40.69936" lon="-111.68668"><ele>2722.5</ele></trkpt><trkpt lat="40.69893" lon="-111.68679"><ele>2722.5</ele></trkpt><trkpt lat="40.69896" lon="-111.68632"><ele>2722.5</ele></trkpt><trkpt lat="40.69860" lon="-111.68583"><ele>2722.5</ele></trkpt><trkpt lat="40.69876" lon="-111.68509"><ele>2722.5</ele></trkpt><trkpt lat="40.69866" lon="-111.68484"><ele>2722.5</ele></trkpt><trkpt lat="40.69797" lon="-111.68349"><ele>2722.5</ele></trkpt><trkpt lat="40.69773" lon="-111.68332"><ele>2722.5</ele></trkpt><trkpt lat="40.69733" lon="-111.68330"><ele>2722.5</ele></trkpt><trkpt lat="40.69749" lon="-111.68293"><ele>2722.5</ele></trkpt><trkpt lat="40.69749" lon="-111.68257"><ele>2722.5</ele></trkpt><trkpt lat="40.69713" lon="-111.68153"><ele>2722.5</ele></trkpt><trkpt lat="40.69688" lon="-111.68121"><ele>2722.5</ele></trkpt><trkpt lat="40.69697" lon="-111.68072"><ele>2722.5</ele></trkpt><trkpt lat="40.69686" lon="-111.67938"><ele>2722.5</ele></trkpt><trkpt lat="40.69695" lon="-111.67865"><ele>2722.5</ele></trkpt><trkpt lat="40.69682" lon="-111.67808"><ele>2722.5</ele></trkpt><trkpt lat="40.69693" lon="-111.67785"><ele>2722.5</ele></trkpt><trkpt lat="40.69636" lon="-111.67645"><ele>2722.5</ele></trkpt><trkpt lat="40.69622" lon="-111.67689"><ele>2722.5</ele></trkpt><trkpt lat="40.69622" lon="-111.67567"><ele>2722.5</ele></trkpt><trkpt lat="40.69582" lon="-111.67542"><ele>2722.5</ele></trkpt><trkpt lat="40.69548" lon="-111.67482"><ele>2722.5</ele></trkpt><trkpt lat="40.69505" lon="-111.67441"><ele>2722.5</ele></trkpt><trkpt lat="40.69421" lon="-111.67304"><ele>2722.5</ele></trkpt><trkpt lat="40.69377" lon="-111.67305"><ele>2722.5</ele></trkpt><trkpt lat="40.69344" lon="-111.67258"><ele>2722.5</ele></trkpt><trkpt lat="40.69298" lon="-111.67133"><ele>2722.5</ele></trkpt><trkpt lat="40.69277" lon="-111.67112"><ele>2722.5</ele></trkpt><trkpt lat="40.69274" lon="-111.67082"><ele>2722.5</ele></trkpt><trkpt lat="40.69207" lon="-111.67048"><ele>2722.5</ele></trkpt><trkpt lat="40.69157" lon="-111.66961"><ele>2722.5</ele></trkpt><trkpt lat="40.69129" lon="-111.66960"><ele>2722.5</ele></trkpt><trkpt lat="40.69148" lon="-111.66990"><ele>2722.5</ele></trkpt><trkpt lat="40.69103" lon="-111.66982"><ele>2722.5</ele></trkpt><trkpt lat="40.69118" lon="-111.66990"><ele>2722.5</ele></trkpt><trkpt lat="40.69117" lon="-111.67005"><ele>2722.5</ele></trkpt><trkpt lat="40.69001" lon="-111.66978"><ele>2722.5</ele></trkpt><trkpt lat="40.69011" lon="-111.66938"><ele>2722.5</ele></trkpt><trkpt lat="40.68996" lon="-111.66835"><ele>2722.5</ele></trkpt><trkpt lat="40.68931" lon="-111.66780"><ele>2722.5</ele></trkpt><trkpt lat="40.68883" lon="-111.66667"><ele>2722.5</ele></trkpt><trkpt lat="40.68861" lon="-111.66657"><ele>2722.5</ele></trkpt><trkpt lat="40.68874" lon="-111.66645"><ele>2722.5</ele></trkpt><trkpt lat="40.68869" lon="-111.66508"><ele>2722.5</ele></trkpt><trkpt lat="40.68854" lon="-111.66424"><ele>2722.5</ele></trkpt><trkpt lat="40.68860" lon="-111.66323"><ele>2722.5</ele></trkpt><trkpt lat="40.68840" lon="-111.66173"><ele>2722.5</ele></trkpt><trkpt lat="40.68879" lon="-111.66029"><ele>2722.5</ele></trkpt><trkpt lat="40.68876" lon="-111.65997"><ele>2722.5</ele></trkpt><trkpt lat="40.68852" lon="-111.65979"><ele>2722.5</ele></trkpt><trkpt lat="40.68845" lon="-111.65935"><ele>2722.5</ele></trkpt><trkpt lat="40.68808" lon="-111.65885"><ele>2722.5</ele></trkpt><trkpt lat="40.68783" lon="-111.65628"><ele>2722.5</ele></trkpt><trkpt lat="40.68753" lon="-111.65466"><ele>2722.5</ele></trkpt><trkpt lat="40.68698" lon="-111.65397"><ele>2722.5</ele></trkpt><trkpt lat="40.68645" lon="-111.65372"><ele>2722.5</ele></trkpt><trkpt lat="40.68624" lon="-111.65322"><ele>2722.5</ele></trkpt><trkpt lat="40.68576" lon="-111.65262"><ele>2722.5</ele></trkpt><trkpt lat="40.68556" lon="-111.65181"><ele>2722.5</ele></trkpt><trkpt lat="40.68499" lon="-111.65057"><ele>2722.5</ele></trkpt><trkpt lat="40.68473" lon="-111.64918"><ele>2722.5</ele></trkpt><trkpt lat="40.68426" lon="-111.64867"><ele>2722.5</ele></trkpt><trkpt lat="40.68418" lon="-111.64797"><ele>2722.5</ele></trkpt><trkpt lat="40.68432" lon="-111.64738"><ele>2722.5</ele></trkpt><trkpt lat="40.68455" lon="-111.64713"><ele>2722.5</ele></trkpt><trkpt lat="40.68446" lon="-111.64697"><ele>2722.5</ele></trkpt><trkpt lat="40.68410" lon="-111.64701"><ele>2722.5</ele></trkpt><trkpt lat="40.68405" lon="-111.64740"><ele>2722.5</ele></trkpt><trkpt lat="40.68381" lon="-111.64761"><ele>2722.5</ele></trkpt><trkpt lat="40.68308" lon="-111.64770"><ele>2722.5</ele></trkpt><trkpt lat="40.68345" lon="-111.64740"><ele>2722.5</ele></trkpt><trkpt lat="40.68346" lon="-111.64728"><ele>2722.5</ele></trkpt><trkpt lat="40.68326" lon="-111.64720"><ele>2722.5</ele></trkpt><trkpt lat="40.68188" lon="-111.64749"><ele>2722.5</ele></trkpt><trkpt lat="40.68127" lon="-111.64783"><ele>2722.5</ele></trkpt><trkpt lat="40.68028" lon="-111.64741"><ele>2722.5</ele></trkpt><trkpt lat="40.67939" lon="-111.64676"><ele>2722.5</ele></trkpt><trkpt lat="40.67703" lon="-111.64594"><ele>2722.5</ele></trkpt><trkpt lat="40.67654" lon="-111.64601"><ele>2722.5</ele></trkpt><trkpt lat="40.67553" lon="-111.64551"><ele>2722.5</ele></trkpt><trkpt lat="40.67530" lon="-111.64524"><ele>2722.5</ele></trkpt><trkpt lat="40.67584" lon="-111.64518"><ele>2722.5</ele></trkpt><trkpt lat="40.67700" lon="-111.64466"><ele>2722.5</ele></trkpt><trkpt lat="40.67658" lon="-111.64388"><ele>2722.5</ele></trkpt><trkpt lat="40.67658" lon="-111.64428"><ele>2722.5</ele></trkpt><trkpt lat="40.67629" lon="-111.64370"><ele>2722.5</ele></trkpt><trkpt lat="40.67634" lon="-111.64242"><ele>2722.5</ele></trkpt><trkpt lat="40.67650" lon="-111.64248"><ele>2722.5</ele></trkpt><trkpt lat="40.67675" lon="-111.64296"><ele>2722.5</ele></trkpt><trkpt lat="40.67747" lon="-111.64317"><ele>2722.5</ele></trkpt><trkpt lat="40.67856" lon="-111.64277"><ele>2722.5</ele></trkpt><trkpt lat="40.67806" lon="-111.64289"><ele>2722.5</ele></trkpt><trkpt lat="40.67733" lon="-111.64274"><ele>2722.5</ele></trkpt><trkpt lat="40.67681" lon="-111.64197"><ele>2722.5</ele></trkpt><trkpt lat="40.67618" lon="-111.64140"><ele>2722.5</ele></trkpt><trkpt lat="40.67520" lon="-111.64144"><ele>2722.5</ele></trkpt><trkpt lat="40.67489" lon="-111.64127"><ele>2722.5</ele></trkpt><trkpt lat="40.67549" lon="-111.64237"><ele>2722.5</ele></trkpt><trkpt lat="40.67538" lon="-111.64265"><ele>2722.5</ele></trkpt><trkpt lat="40.67506" lon="-111.64291"><ele>2722.5</ele></trkpt><trkpt lat="40.67444" lon="-111.64288"><ele>2722.5</ele></trkpt><trkpt lat="40.67395" lon="-111.64268"><ele>2722.5</ele></trkpt><trkpt lat="40.67321" lon="-111.64206"><ele>2722.5</ele></trkpt><trkpt lat="40.67305" lon="-111.64252"><ele>2722.5</ele></trkpt><trkpt lat="40.67246" lon="-111.64270"><ele>2722.5</ele></trkpt><trkpt lat="40.67150" lon="-111.64199"><ele>2722.5</ele></trkpt><trkpt lat="40.67110" lon="-111.64255"><ele>2722.5</ele></trkpt><trkpt lat="40.67029" lon="-111.64305"><ele>2722.5</ele></trkpt><trkpt lat="40.67029" lon="-111.64364"><ele>2722.5</ele></trkpt><trkpt lat="40.66999" lon="-111.64375"><ele>2722.5</ele></trkpt><trkpt lat="40.66942" lon="-111.64366"><ele>2722.5</ele></trkpt><trkpt lat="40.66918" lon="-111.64384"><ele>2722.5</ele></trkpt><trkpt lat="40.66922" lon="-111.64339"><ele>2722.5</ele></trkpt><trkpt lat="40.67031" lon="-111.64176"><ele>2722.5</ele></trkpt><trkpt lat="40.67081" lon="-111.64078"><ele>2722.5</ele></trkpt><trkpt lat="40.67081" lon="-111.64055"><ele>2722.5</ele></trkpt><trkpt lat="40.66943" lon="-111.64149"><ele>2722.5</ele></trkpt><trkpt lat="40.66863" lon="-111.64139"><ele>2722.5</ele></trkpt><trkpt lat="40.66835" lon="-111.64091"><ele>2722.5</ele></trkpt><trkpt lat="40.66823" lon="-111.64036"><ele>2722.5</ele></trkpt><trkpt lat="40.66759" lon="-111.63943"><ele>2722.5</ele></trkpt><trkpt lat="40.66692" lon="-111.63898"><ele>2722.5</ele></trkpt><trkpt lat="40.66683" lon="-111.63878"><ele>2722.5</ele></trkpt><trkpt lat="40.66655" lon="-111.63762"><ele>2722.5</ele></trkpt><trkpt lat="40.66617" lon="-111.63678"><ele>2722.5</ele></trkpt><trkpt lat="40.66564" lon="-111.63417"><ele>2722.5</ele></trkpt><trkpt lat="40.66610" lon="-111.63212"><ele>2722.5</ele></trkpt><trkpt lat="40.66587" lon="-111.63090"><ele>2722.5</ele></trkpt><trkpt lat="40.66590" lon="-111.63047"><ele>2722.5</ele></trkpt><trkpt lat="40.66656" lon="-111.62904"><ele>2722.5</ele></trkpt><trkpt lat="40.66619" lon="-111.62790"><ele>2722.5</ele></trkpt><trkpt lat="40.66604" lon="-111.62617"><ele>2722.5</ele></trkpt><trkpt lat="40.66521" lon="-111.62605"><ele>2722.5</ele></trkpt><trkpt lat="40.66507" lon="-111.62572"><ele>2722.5</ele></trkpt><trkpt lat="40.66503" lon="-111.62541"><ele>2722.5</ele></trkpt><trkpt lat="40.66528" lon="-111.62416"><ele>2722.5</ele></trkpt><trkpt lat="40.66510" lon="-111.62367"><ele>2722.5</ele></trkpt><trkpt lat="40.66516" lon="-111.62249"><ele>2722.5</ele></trkpt><trkpt lat="40.66475" lon="-111.61984"><ele>2722.5</ele></trkpt><trkpt lat="40.66348" lon="-111.61825"><ele>2722.5</ele></trkpt><trkpt lat="40.66299" lon="-111.61792"><ele>2722.5</ele></trkpt><trkpt lat="40.66200" lon="-111.61765"><ele>2722.5</ele></trkpt><trkpt lat="40.66143" lon="-111.61719"><ele>2722.5</ele></trkpt><trkpt lat="40.66107" lon="-111.61626"><ele>2722.5</ele></trkpt><trkpt lat="40.66069" lon="-111.61424"><ele>2722.5</ele></trkpt><trkpt lat="40.66084" lon="-111.61372"><ele>2722.5</ele></trkpt><trkpt lat="40.66082" lon="-111.61173"><ele>2722.5</ele></trkpt><trkpt lat="40.66120" lon="-111.60968"><ele>2722.5</ele></trkpt><trkpt lat="40.66206" lon="-111.60820"><ele>2722.5</ele></trkpt><trkpt lat="40.66244" lon="-111.60678"><ele>2722.5</ele></trkpt><trkpt lat="40.66151" lon="-111.60560"><ele>2722.5</ele></trkpt><trkpt lat="40.66142" lon="-111.60452"><ele>2722.5</ele></trkpt><trkpt lat="40.66155" lon="-111.60386"><ele>2722.5</ele></trkpt><trkpt lat="40.66153" lon="-111.60312"><ele>2722.5</ele></trkpt><trkpt lat="40.66043" lon="-111.59967"><ele>2722.5</ele></trkpt><trkpt lat="40.66123" lon="-111.60004"><ele>2722.5</ele></trkpt><trkpt lat="40.66246" lon="-111.60088"><ele>2722.5</ele></trkpt><trkpt lat="40.66222" lon="-111.60017"><ele>2722.5</ele></trkpt><trkpt lat="40.66170" lon="-111.59930"><ele>2722.5</ele></trkpt><trkpt lat="40.66003" lon="-111.59717"><ele>2722.5</ele></trkpt><trkpt lat="40.65687" lon="-111.59750"><ele>2722.5</ele></trkpt><trkpt lat="40.65609" lon="-111.59540"><ele>2722.5</ele></trkpt><trkpt lat="40.65551" lon="-111.59498"><ele>2722.5</ele></trkpt><trkpt lat="40.65407" lon="-111.59492"><ele>2722.5</ele></trkpt><trkpt lat="40.65274" lon="-111.59507"><ele>2722.5</ele></trkpt><trkpt lat="40.65113" lon="-111.59490"><ele>2722.5</ele></trkpt><trkpt lat="40.65037" lon="-111.59279"><ele>2722.5</ele></trkpt><trkpt lat="40.64951" lon="-111.59127"><ele>2722.5</ele></trkpt><trkpt lat="40.64936" lon="-111.59010"><ele>2722.5</ele></trkpt><trkpt lat="40.64859" lon="-111.58800"><ele>2722.5</ele></trkpt><trkpt lat="40.64718" lon="-111.58583"><ele>2722.5</ele></trkpt><trkpt lat="40.64678" lon="-111.58375"><ele>2722.5</ele></trkpt><trkpt lat="40.64636" lon="-111.58280"><ele>2722.5</ele></trkpt><trkpt lat="40.64581" lon="-111.58182"><ele>2722.5</ele></trkpt><trkpt lat="40.64506" lon="-111.58092"><ele>2722.5</ele></trkpt><trkpt lat="40.64440" lon="-111.57966"><ele>2722.5</ele></trkpt><trkpt lat="40.64377" lon="-111.57887"><ele>2722.5</ele></trkpt><trkpt lat="40.64293" lon="-111.57831"><ele>2722.5</ele></trkpt><trkpt lat="40.64245" lon="-111.57821"><ele>2722.5</ele></trkpt><trkpt lat="40.64166" lon="-111.57849"><ele>2722.5</ele></trkpt><trkpt lat="40.64004" lon="-111.57867"><ele>2722.5</ele></trkpt><trkpt lat="40.63879" lon="-111.57944"><ele>2722.5</ele></trkpt><trkpt lat="40.63838" lon="-111.57945"><ele>2722.5</ele></trkpt><trkpt lat="40.63766" lon="-111.57917"><ele>2722.5</ele></trkpt><trkpt lat="40.63661" lon="-111.57822"><ele>2722.5</ele></trkpt><trkpt lat="40.63494" lon="-111.57742"><ele>2722.5</ele></trkpt><trkpt lat="40.63398" lon="-111.57724"><ele>2722.5</ele></trkpt><trkpt lat="40.63224" lon="-111.57748"><ele>2722.5</ele></trkpt><trkpt lat="40.63213" lon="-111.57734"><ele>2722.5</ele></trkpt><trkpt lat="40.63186" lon="-111.57546"><ele>2722.5</ele></trkpt><trkpt lat="40.63149" lon="-111.57423"><ele>2722.5</ele></trkpt><trkpt lat="40.62921" lon="-111.57033"><ele>2722.5</ele></trkpt><trkpt lat="40.62900" lon="-111.56963"><ele>2722.5</ele></trkpt><trkpt lat="40.62803" lon="-111.56838"><ele>2722.5</ele></trkpt><trkpt lat="40.62719" lon="-111.56810"><ele>2722.5</ele></trkpt><trkpt lat="40.62330" lon="-111.56923"><ele>2722.5</ele></trkpt><trkpt lat="40.62290" lon="-111.56910"><ele>2722.5</ele></trkpt><trkpt lat="40.62268" lon="-111.56874"><ele>2722.5</ele></trkpt><trkpt lat="40.62259" lon="-111.56798"><ele>2722.5</ele></trkpt><trkpt lat="40.62238" lon="-111.56752"><ele>2722.5</ele></trkpt><trkpt lat="40.62203" lon="-111.56569"><ele>2722.5</ele></trkpt><trkpt lat="40.62200" lon="-111.56480"><ele>2722.5</ele></trkpt><trkpt lat="40.62130" lon="-111.56215"><ele>2722.5</ele></trkpt><trkpt lat="40.62014" lon="-111.56115"><ele>2722.5</ele></trkpt><trkpt lat="40.61856" lon="-111.55927"><ele>2722.5</ele></trkpt><trkpt lat="40.61812" lon="-111.55892"><ele>2722.5</ele></trkpt><trkpt lat="40.61760" lon="-111.55876"><ele>2722.5</ele></trkpt><trkpt lat="40.61727" lon="-111.55844"><ele>2722.5</ele></trkpt><trkpt lat="40.61745" lon="-111.55889"><ele>2722.5</ele></trkpt><trkpt lat="40.61769" lon="-111.55910"><ele>2722.5</ele></trkpt><trkpt lat="40.61760" lon="-111.55917"><ele>2722.5</ele></trkpt><trkpt lat="40.61666" lon="-111.55847"><ele>2722.5</ele></trkpt><trkpt lat="40.61647" lon="-111.55861"><ele>2722.5</ele></trkpt><trkpt lat="40.61664" lon="-111.55947"><ele>2722.5</ele></trkpt><trkpt lat="40.61645" lon="-111.56034"><ele>2722.5</ele></trkpt><trkpt lat="40.61618" lon="-111.56113"><ele>2722.5</ele></trkpt><trkpt lat="40.61568" lon="-111.56177"><ele>2722.5</ele></trkpt><trkpt lat="40.61551" lon="-111.56298"><ele>2722.5</ele></trkpt><trkpt lat="40.61486" lon="-111.56444"><ele>2722.5</ele></trkpt><trkpt lat="40.61472" lon="-111.56603"><ele>2722.5</ele></trkpt><trkpt lat="40.61446" lon="-111.56723"><ele>2722.5</ele></trkpt><trkpt lat="40.61417" lon="-111.57056"><ele>2722.5</ele></trkpt><trkpt lat="40.61390" lon="-111.57158"><ele>2722.5</ele></trkpt><trkpt lat="40.61349" lon="-111.57213"><ele>2722.5</ele></trkpt><trkpt lat="40.61304" lon="-111.57225"><ele>2722.5</ele></trkpt><trkpt lat="40.61183" lon="-111.57170"><ele>2722.5</ele></trkpt><trkpt lat="40.61048" lon="-111.57034"><ele>2722.5</ele></trkpt><trkpt lat="40.61221" lon="-111.57381"><ele>2722.5</ele></trkpt><trkpt lat="40.61280" lon="-111.57461"><ele>2722.5</ele></trkpt><trkpt lat="40.61412" lon="-111.57594"><ele>2722.5</ele></trkpt><trkpt lat="40.61373" lon="-111.57577"><ele>2722.5</ele></trkpt><trkpt lat="40.61334" lon="-111.57580"><ele>2722.5</ele></trkpt><trkpt lat="40.61321" lon="-111.57612"><ele>2722.5</ele></trkpt><trkpt lat="40.61324" lon="-111.57663"><ele>2722.5</ele></trkpt><trkpt lat="40.61382" lon="-111.57760"><ele>2722.5</ele></trkpt><trkpt lat="40.61448" lon="-111.57842"><ele>2722.5</ele></trkpt><trkpt lat="40.61521" lon="-111.58051"><ele>2722.5</ele></trkpt><trkpt lat="40.61489" lon="-111.58058"><ele>2722.5</ele></trkpt><trkpt lat="40.61146" lon="-111.57911"><ele>2722.5</ele></trkpt><trkpt lat="40.60993" lon="-111.57866"><ele>2722.5</ele></trkpt><trkpt lat="40.60921" lon="-111.57875"><ele>2722.5</ele></trkpt><trkpt lat="40.60881" lon="-111.57887"><ele>2722.5</ele></trkpt><trkpt lat="40.60783" lon="-111.57973"><ele>2722.5</ele></trkpt><trkpt lat="40.60616" lon="-111.58040"><ele>2722.5</ele></trkpt><trkpt lat="40.60398" lon="-111.58239"><ele>2722.5</ele></trkpt><trkpt lat="40.60337" lon="-111.58248"><ele>2722.5</ele></trkpt><trkpt lat="40.60218" lon="-111.58188"><ele>2722.5</ele></trkpt><trkpt lat="40.60013" lon="-111.58194"><ele>2722.5</ele></trkpt><trkpt lat="40.59968" lon="-111.58241"><ele>2722.5</ele></trkpt><trkpt lat="40.59951" lon="-111.58297"><ele>2722.5</ele></trkpt><trkpt lat="40.59843" lon="-111.58412"><ele>2722.5</ele></trkpt><trkpt lat="40.59801" lon="-111.58400"><ele>2722.5</ele></trkpt><trkpt lat="40.59775" lon="-111.58428"><ele>2722.5</ele></trkpt><trkpt lat="40.59802" lon="-111.58385"><ele>2722.5</ele></trkpt><trkpt lat="40.59754" lon="-111.58312"><ele>2722.5</ele></trkpt><trkpt lat="40.59654" lon="-111.58282"><ele>2722.5</ele></trkpt><trkpt lat="40.59533" lon="-111.58301"><ele>2722.5</ele></trkpt><trkpt lat="40.59542" lon="-111.58240"><ele>2722.5</ele></trkpt><trkpt lat="40.59419" lon="-111.58254"><ele>2722.5</ele></trkpt><trkpt lat="40.59251" lon="-111.58239"><ele>2722.5</ele></trkpt><trkpt lat="40.59181" lon="-111.58143"><ele>2722.5</ele></trkpt><trkpt lat="40.59147" lon="-111.58152"><ele>2722.5</ele></trkpt><trkpt lat="40.59103" lon="-111.58192"><ele>2722.5</ele></trkpt><trkpt lat="40.58950" lon="-111.58240"><ele>2722.5</ele></trkpt><trkpt lat="40.58939" lon="-111.58266"><ele>2722.5</ele></trkpt><trkpt lat="40.58955" lon="-111.58308"><ele>2722.5</ele></trkpt><trkpt lat="40.58950" lon="-111.58436"><ele>2722.5</ele></trkpt><trkpt lat="40.58965" lon="-111.58481"><ele>2722.5</ele></trkpt><trkpt lat="40.58936" lon="-111.58567"><ele>2722.5</ele></trkpt><trkpt lat="40.58951" lon="-111.58631"><ele>2722.5</ele></trkpt><trkpt lat="40.58991" lon="-111.58717"><ele>2722.5</ele></trkpt><trkpt lat="40.58999" lon="-111.58773"><ele>2722.5</ele></trkpt><trkpt lat="40.58931" lon="-111.58816"><ele>2722.5</ele></trkpt><trkpt lat="40.58923" lon="-111.58853"><ele>2722.5</ele></trkpt><trkpt lat="40.58820" lon="-111.58858"><ele>2722.5</ele></trkpt><trkpt lat="40.58766" lon="-111.58895"><ele>2722.5</ele></trkpt><trkpt lat="40.58717" lon="-111.58896"><ele>2722.5</ele></trkpt><trkpt lat="40.58692" lon="-111.58925"><ele>2722.5</ele></trkpt><trkpt lat="40.58689" lon="-111.58998"><ele>2722.5</ele></trkpt><trkpt lat="40.58643" lon="-111.58997"><ele>2722.5</ele></trkpt><trkpt lat="40.58609" lon="-111.59029"><ele>2722.5</ele></trkpt><trkpt lat="40.58572" lon="-111.59043"><ele>2722.5</ele></trkpt><trkpt lat="40.58459" lon="-111.59035"><ele>2722.5</ele></trkpt><trkpt lat="40.58477" lon="-111.58988"><ele>2722.5</ele></trkpt><trkpt lat="40.58542" lon="-111.58901"><ele>2722.5</ele></trkpt><trkpt lat="40.58585" lon="-111.58879"><ele>2722.5</ele></trkpt><trkpt lat="40.58593" lon="-111.58852"><ele>2722.5</ele></trkpt><trkpt lat="40.58576" lon="-111.58841"><ele>2722.5</ele></trkpt><trkpt lat="40.58438" lon="-111.58916"><ele>2722.5</ele></trkpt><trkpt lat="40.58387" lon="-111.58917"><ele>2722.5</ele></trkpt><trkpt lat="40.58364" lon="-111.58958"><ele>2722.5</ele></trkpt><trkpt lat="40.58344" lon="-111.58965"><ele>2722.5</ele></trkpt><trkpt lat="40.58301" lon="-111.59059"><ele>2722.5</ele></trkpt><trkpt lat="40.58299" lon="-111.59118"><ele>2722.5</ele></trkpt><trkpt lat="40.58268" lon="-111.59154"><ele>2722.5</ele></trkpt><trkpt lat="40.58246" lon="-111.59317"><ele>2722.5</ele></trkpt><trkpt lat="40.58173" lon="-111.59511"><ele>2722.5</ele></trkpt><trkpt lat="40.58168" lon="-111.59561"><ele>2722.5</ele></trkpt><trkpt lat="40.58134" lon="-111.59590"><ele>2722.5</ele></trkpt><trkpt lat="40.58135" lon="-111.59610"><ele>2722.5</ele></trkpt><trkpt lat="40.58171" lon="-111.59641"><ele>2722.5</ele></trkpt><trkpt lat="40.58174" lon="-111.59680"><ele>2722.5</ele></trkpt><trkpt lat="40.58136" lon="-111.59777"><ele>2722.5</ele></trkpt><trkpt lat="40.58067" lon="-111.59867"><ele>2722.5</ele></trkpt><trkpt lat="40.58008" lon="-111.59886"><ele>2722.5</ele></trkpt><trkpt lat="40.57968" lon="-111.59935"><ele>2722.5</ele></trkpt><trkpt lat="40.57972" lon="-111.59905"><ele>2722.5</ele></trkpt><trkpt lat="40.57896" lon="-111.59872"><ele>2722.5</ele></trkpt><trkpt lat="40.57787" lon="-111.59857"><ele>2722.5</ele></trkpt><trkpt lat="40.57762" lon="-111.59820"><ele>2722.5</ele></trkpt><trkpt lat="40.57762" lon="-111.59744"><ele>2722.5</ele></trkpt><trkpt lat="40.57750" lon="-111.59696"><ele>2722.5</ele></trkpt><trkpt lat="40.57659" lon="-111.59598"><ele>2722.5</ele></trkpt><trkpt lat="40.57623" lon="-111.59602"><ele>2722.5</ele></trkpt><trkpt lat="40.57627" lon="-111.59674"><ele>2722.5</ele></trkpt><trkpt lat="40.57609" lon="-111.59710"><ele>2722.5</ele></trkpt><trkpt lat="40.57609" lon="-111.59759"><ele>2722.5</ele></trkpt><trkpt lat="40.57576" lon="-111.59756"><ele>2722.5</ele></trkpt><trkpt lat="40.57556" lon="-111.59648"><ele>2722.5</ele></trkpt><trkpt lat="40.57547" lon="-111.59644"><ele>2722.5</ele></trkpt><trkpt lat="40.57528" lon="-111.59677"><ele>2722.5</ele></trkpt><trkpt lat="40.57493" lon="-111.59622"><ele>2722.5</ele></trkpt><trkpt lat="40.57470" lon="-111.59649"><ele>2722.5</ele></trkpt><trkpt lat="40.57423" lon="-111.59546"><ele>2722.5</ele></trkpt><trkpt lat="40.57389" lon="-111.59501"><ele>2722.5</ele></trkpt><trkpt lat="40.57365" lon="-111.59490"><ele>2722.5</ele></trkpt><trkpt lat="40.57336" lon="-111.59441"><ele>2722.5</ele></trkpt><trkpt lat="40.57277" lon="-111.59458"><ele>2722.5</ele></trkpt><trkpt lat="40.57208" lon="-111.59371"><ele>2722.5</ele></trkpt><trkpt lat="40.57173" lon="-111.59396"><ele>2722.5</ele></trkpt><trkpt lat="40.57178" lon="-111.59460"><ele>2722.5</ele></trkpt><trkpt lat="40.57160" lon="-111.59477"><ele>2722.5</ele></trkpt><trkpt lat="40.57141" lon="-111.59473"><ele>2722.5</ele></trkpt><trkpt lat="40.57139" lon="-111.59514"><ele>2722.5</ele></trkpt><trkpt lat="40.57125" lon="-111.59523"><ele>2722.5</ele></trkpt><trkpt lat="40.57106" lon="-111.59516"><ele>2722.5</ele></trkpt><trkpt lat="40.57088" lon="-111.59535"><ele>2722.5</ele></trkpt><trkpt lat="40.57021" lon="-111.59549"><ele>2722.5</ele></trkpt><trkpt lat="40.57009" lon="-111.59538"><ele>2722.5</ele></trkpt><trkpt lat="40.56970" lon="-111.59563"><ele>2722.5</ele></trkpt><trkpt lat="40.56968" lon="-111.59530"><ele>2722.5</ele></trkpt><trkpt lat="40.56927" lon="-111.59540"><ele>2722.5</ele></trkpt><trkpt lat="40.56874" lon="-111.59531"><ele>2722.5</ele></trkpt><trkpt lat="40.56881" lon="-111.59494"><ele>2722.5</ele></trkpt><trkpt lat="40.56872" lon="-111.59475"><ele>2722.5</ele></trkpt><trkpt lat="40.56845" lon="-111.59457"><ele>2722.5</ele></trkpt><trkpt lat="40.56796" lon="-111.59455"><ele>2722.5</ele></trkpt><trkpt lat="40.56790" lon="-111.59357"><ele>2722.5</ele></trkpt><trkpt lat="40.56798" lon="-111.59315"><ele>2722.5</ele></trkpt><trkpt lat="40.56774" lon="-111.59232"><ele>2722.5</ele></trkpt><trkpt lat="40.56742" lon="-111.59171"><ele>2722.5</ele></trkpt><trkpt lat="40.56732" lon="-111.59072"><ele>2722.5</ele></trkpt><trkpt lat="40.56688" lon="-111.59019"><ele>2722.5</ele></trkpt><trkpt lat="40.56639" lon="-111.58892"><ele>2722.5</ele></trkpt><trkpt lat="40.56617" lon="-111.58863"><ele>2722.5</ele></trkpt><trkpt lat="40.56618" lon="-111.58825"><ele>2722.5</ele></trkpt><trkpt lat="40.56568" lon="-111.58738"><ele>2722.5</ele></trkpt><trkpt lat="40.56512" lon="-111.58675"><ele>2722.5</ele></trkpt><trkpt lat="40.56367" lon="-111.58605"><ele>2722.5</ele></trkpt><trkpt lat="40.56333" lon="-111.58475"><ele>2722.5</ele></trkpt><trkpt lat="40.56268" lon="-111.58362"><ele>2722.5</ele></trkpt><trkpt lat="40.56256" lon="-111.58282"><ele>2722.5</ele></trkpt><trkpt lat="40.56187" lon="-111.58198"><ele>2722.5</ele></trkpt><trkpt lat="40.56149" lon="-111.58174"><ele>2722.5</ele></trkpt><trkpt lat="40.56072" lon="-111.58067"><ele>2722.5</ele></trkpt><trkpt lat="40.56154" lon="-111.58086"><ele>2722.5</ele></trkpt><trkpt lat="40.56097" lon="-111.57989"><ele>2722.5</ele></trkpt><trkpt lat="40.56116" lon="-111.57975"><ele>2722.5</ele></trkpt><trkpt lat="40.56104" lon="-111.57942"><ele>2722.5</ele></trkpt><trkpt lat="40.55932" lon="-111.57855"><ele>2722.5</ele></trkpt><trkpt lat="40.55848" lon="-111.57749"><ele>2722.5</ele></trkpt><trkpt lat="40.55804" lon="-111.57719"><ele>2722.5</ele></trkpt><trkpt lat="40.55740" lon="-111.57701"><ele>2722.5</ele></trkpt><trkpt lat="40.55692" lon="-111.57705"><ele>2722.5</ele></trkpt><trkpt lat="40.55626" lon="-111.57658"><ele>2722.5</ele></trkpt><trkpt lat="40.55605" lon="-111.57629"><ele>2722.5</ele></trkpt><trkpt lat="40.55569" lon="-111.57622"><ele>2722.5</ele></trkpt><trkpt lat="40.55511" lon="-111.57582"><ele>2722.5</ele></trkpt><trkpt lat="40.55433" lon="-111.57568"><ele>2722.5</ele></trkpt><trkpt lat="40.55355" lon="-111.57497"><ele>2722.5</ele></trkpt><trkpt lat="40.55276" lon="-111.57477"><ele>2722.5</ele></trkpt><trkpt lat="40.55219" lon="-111.57481"><ele>2722.5</ele></trkpt><trkpt lat="40.55039" lon="-111.57571"><ele>2722.5</ele></trkpt><trkpt lat="40.54992" lon="-111.57559"><ele>2722.5</ele></trkpt><trkpt lat="40.54920" lon="-111.57473"><ele>2722.5</ele></trkpt><trkpt lat="40.54902" lon="-111.57401"><ele>2722.5</ele></trkpt><trkpt lat="40.54803" lon="-111.57246"><ele>2722.5</ele></trkpt><trkpt lat="40.54775" lon="-111.57208"><ele>2722.5</ele></trkpt><trkpt lat="40.54719" lon="-111.57173"><ele>2722.5</ele></trkpt><trkpt lat="40.54552" lon="-111.57201"><ele>2722.5</ele></trkpt><trkpt lat="40.54435" lon="-111.57258"><ele>2722.5</ele></trkpt><trkpt lat="40.54373" lon="-111.57238"><ele>2722.5</ele></trkpt><trkpt lat="40.54279" lon="-111.57182"><ele>2722.5</ele></trkpt><trkpt lat="40.54224" lon="-111.57094"><ele>2722.5</ele></trkpt><trkpt lat="40.54173" lon="-111.57096"><ele>2722.5</ele></trkpt><trkpt lat="40.53940" lon="-111.57033"><ele>2722.5</ele></trkpt><trkpt lat="40.53790" lon="-111.57121"><ele>2722.5</ele></trkpt><trkpt lat="40.53676" lon="-111.57269"><ele>2722.5</ele></trkpt><trkpt lat="40.53528" lon="-111.57300"><ele>2722.5</ele></trkpt><trkpt lat="40.53487" lon="-111.57345"><ele>2722.5</ele></trkpt><trkpt lat="40.53500" lon="-111.57299"><ele>2722.5</ele></trkpt><trkpt lat="40.53552" lon="-111.57243"><ele>2722.5</ele></trkpt><trkpt lat="40.53565" lon="-111.57202"><ele>2722.5</ele></trkpt><trkpt lat="40.53558" lon="-111.57191"><ele>2722.5</ele></trkpt><trkpt lat="40.53460" lon="-111.57213"><ele>2722.5</ele></trkpt><trkpt lat="40.53477" lon="-111.57088"><ele>2722.5</ele></trkpt><trkpt lat="40.53460" lon="-111.57061"><ele>2722.5</ele></trkpt><trkpt lat="40.53404" lon="-111.57094"><ele>2722.5</ele></trkpt><trkpt lat="40.53315" lon="-111.57068"><ele>2722.5</ele></trkpt><trkpt lat="40.53254" lon="-111.57110"><ele>2722.5</ele></trkpt><trkpt lat="40.53220" lon="-111.57079"><ele>2722.5</ele></trkpt><trkpt lat="40.53190" lon="-111.57074"><ele>2722.5</ele></trkpt><trkpt lat="40.52954" lon="-111.57064"><ele>2722.5</ele></trkpt><trkpt lat="40.52840" lon="-111.57078"><ele>2722.5</ele></trkpt><trkpt lat="40.52746" lon="-111.57130"><ele>2722.5</ele></trkpt><trkpt lat="40.52682" lon="-111.57143"><ele>2722.5</ele></trkpt><trkpt lat="40.52530" lon="-111.57088"><ele>2722.5</ele></trkpt><trkpt lat="40.52356" lon="-111.57075"><ele>2722.5</ele></trkpt><trkpt lat="40.52320" lon="-111.57158"><ele>2722.5</ele></trkpt><trkpt lat="40.52188" lon="-111.57292"><ele>2722.5</ele></trkpt><trkpt lat="40.52168" lon="-111.57330"><ele>2722.5</ele></trkpt><trkpt lat="40.52149" lon="-111.57389"><ele>2722.5</ele></trkpt><trkpt lat="40.52142" lon="-111.57464"><ele>2722.5</ele></trkpt><trkpt lat="40.52092" lon="-111.57561"><ele>2722.5</ele></trkpt><trkpt lat="40.52086" lon="-111.57611"><ele>2722.5</ele></trkpt><trkpt lat="40.52097" lon="-111.57680"><ele>2722.5</ele></trkpt><trkpt lat="40.52050" lon="-111.57752"><ele>2722.5</ele></trkpt><trkpt lat="40.52022" lon="-111.57850"><ele>2722.5</ele></trkpt><trkpt lat="40.51960" lon="-111.57924"><ele>2722.5</ele></trkpt><trkpt lat="40.51930" lon="-111.57992"><ele>2722.5</ele></trkpt><trkpt lat="40.51926" lon="-111.58043"><ele>2722.5</ele></trkpt><trkpt lat="40.51950" lon="-111.58160"><ele>2722.5</ele></trkpt><trkpt lat="40.51935" lon="-111.58197"><ele>2722.5</ele></trkpt><trkpt lat="40.51894" lon="-111.58193"><ele>2722.5</ele></trkpt><trkpt lat="40.51776" lon="-111.58129"><ele>2722.5</ele></trkpt><trkpt lat="40.51538" lon="-111.58058"><ele>2722.5</ele></trkpt><trkpt lat="40.51451" lon="-111.58005"><ele>2722.5</ele></trkpt><trkpt lat="40.51215" lon="-111.57931"><ele>2722.5</ele></trkpt><trkpt lat="40.51117" lon="-111.57885"><ele>2722.5</ele></trkpt><trkpt lat="40.50958" lon="-111.57902"><ele>2722.5</ele></trkpt><trkpt lat="40.50867" lon="-111.57973"><ele>2722.5</ele></trkpt><trkpt lat="40.50642" lon="-111.58029"><ele>2722.5</ele></trkpt><trkpt lat="40.50559" lon="-111.58113"><ele>2722.5</ele></trkpt><trkpt lat="40.50421" lon="-111.58184"><ele>2722.5</ele></trkpt><trkpt lat="40.50301" lon="-111.58277"><ele>2722.5</ele></trkpt><trkpt lat="40.50216" lon="-111.58303"><ele>2722.5</ele></trkpt><trkpt lat="40.50191" lon="-111.58354"><ele>2722.5</ele></trkpt><trkpt lat="40.50204" lon="-111.58452"><ele>2722.5</ele></trkpt><trkpt lat="40.50279" lon="-111.58594"><ele>2722.5</ele></trkpt><trkpt lat="40.50297" lon="-111.58648"><ele>2722.5</ele></trkpt><trkpt lat="40.50295" lon="-111.58680"><ele>2722.5</ele></trkpt><trkpt lat="40.50285" lon="-111.58697"><ele>2722.5</ele></trkpt><trkpt lat="40.50217" lon="-111.58726"><ele>2722.5</ele></trkpt><trkpt lat="40.50157" lon="-111.58815"><ele>2722.5</ele></trkpt><trkpt lat="40.50128" lon="-111.58794"><ele>2722.5</ele></trkpt><trkpt lat="40.50088" lon="-111.58735"><ele>2722.5</ele></trkpt><trkpt lat="40.50020" lon="-111.58566"><ele>2722.5</ele></trkpt><trkpt lat="40.49936" lon="-111.58416"><ele>2722.5</ele></trkpt><trkpt lat="40.49711" lon="-111.58221"><ele>2722.5</ele></trkpt><trkpt lat="40.49577" lon="-111.58203"><ele>2722.5</ele></trkpt><trkpt lat="40.49347" lon="-111.58274"><ele>2722.5</ele></trkpt><trkpt lat="40.49298" lon="-111.58301"><ele>2722.5</ele></trkpt><trkpt lat="40.49238" lon="-111.58290"><ele>2722.5</ele></trkpt><trkpt lat="40.49166" lon="-111.58249"><ele>2722.5</ele></trkpt><trkpt lat="40.49130" lon="-111.58251"><ele>2722.5</ele></trkpt><trkpt lat="40.49120" lon="-111.58229"><ele>2722.5</ele></trkpt><trkpt lat="40.49139" lon="-111.58169"><ele>2722.5</ele></trkpt><trkpt lat="40.49141" lon="-111.58019"><ele>2722.5</ele></trkpt><trkpt lat="40.49090" lon="-111.57858"><ele>2722.5</ele></trkpt><trkpt lat="40.49053" lon="-111.57812"><ele>2722.5</ele></trkpt><trkpt lat="40.48888" lon="-111.57705"><ele>2722.5</ele></trkpt><trkpt lat="40.48830" lon="-111.57627"><ele>2722.5</ele></trkpt><trkpt lat="40.48721" lon="-111.57517"><ele>2722.5</ele></trkpt><trkpt lat="40.48693" lon="-111.57467"><ele>2722.5</ele></trkpt><trkpt lat="40.48889" lon="-111.57325"><ele>2722.5</ele></trkpt><trkpt lat="40.48906" lon="-111.57278"><ele>2722.5</ele></trkpt><trkpt lat="40.48931" lon="-111.57068"><ele>2722.5</ele></trkpt><trkpt lat="40.48947" lon="-111.57070"><ele>2722.5</ele></trkpt><trkpt lat="40.48991" lon="-111.57141"><ele>2722.5</ele></trkpt><trkpt lat="40.49026" lon="-111.57172"><ele>2722.5</ele></trkpt><trkpt lat="40.49069" lon="-111.57182"><ele>2722.5</ele></trkpt><trkpt lat="40.49104" lon="-111.57152"><ele>2722.5</ele></trkpt><trkpt lat="40.49113" lon="-111.56777"><ele>2722.5</ele></trkpt><trkpt lat="40.49128" lon="-111.56728"><ele>2722.5</ele></trkpt><trkpt lat="40.49087" lon="-111.56594"><ele>2722.5</ele></trkpt><trkpt lat="40.49131" lon="-111.56559"><ele>2722.5</ele></trkpt><trkpt lat="40.49176" lon="-111.56493"><ele>2722.5</ele></trkpt><trkpt lat="40.49193" lon="-111.56396"><ele>2722.5</ele></trkpt><trkpt lat="40.49287" lon="-111.56453"><ele>2722.5</ele></trkpt><trkpt lat="40.49322" lon="-111.56453"><ele>2722.5</ele></trkpt><trkpt lat="40.49250" lon="-111.56394"><ele>2722.5</ele></trkpt><trkpt lat="40.49247" lon="-111.56379"><ele>2722.5</ele></trkpt><trkpt lat="40.49261" lon="-111.56365"><ele>2722.5</ele></trkpt><trkpt lat="40.49329" lon="-111.56337"><ele>2722.5</ele></trkpt><trkpt lat="40.49383" lon="-111.56360"><ele>2722.5</ele></trkpt><trkpt lat="40.49461" lon="-111.56330"><ele>2722.5</ele></trkpt><trkpt lat="40.49533" lon="-111.56276"><ele>2722.5</ele></trkpt><trkpt lat="40.49549" lon="-111.56237"><ele>2722.5</ele></trkpt><trkpt lat="40.49546" lon="-111.56217"><ele>2722.5</ele></trkpt><trkpt lat="40.49476" lon="-111.56164"><ele>2722.5</ele></trkpt><trkpt lat="40.49432" lon="-111.56172"><ele>2722.5</ele></trkpt><trkpt lat="40.49405" lon="-111.56134"><ele>2722.5</ele></trkpt><trkpt lat="40.49398" lon="-111.55992"><ele>2722.5</ele></trkpt><trkpt lat="40.49434" lon="-111.55876"><ele>2722.5</ele></trkpt><trkpt lat="40.49550" lon="-111.55838"><ele>2722.5</ele></trkpt><trkpt lat="40.49589" lon="-111.55841"><ele>2722.5</ele></trkpt><trkpt lat="40.49659" lon="-111.55883"><ele>2722.5</ele></trkpt><trkpt lat="40.49703" lon="-111.55869"><ele>2722.5</ele></trkpt><trkpt lat="40.49719" lon="-111.55889"><ele>2722.5</ele></trkpt><trkpt lat="40.49762" lon="-111.55904"><ele>2722.5</ele></trkpt><trkpt lat="40.49791" lon="-111.55947"><ele>2722.5</ele></trkpt><trkpt lat="40.49848" lon="-111.55987"><ele>2722.5</ele></trkpt><trkpt lat="40.49870" lon="-111.56039"><ele>2722.5</ele></trkpt><trkpt lat="40.49955" lon="-111.56136"><ele>2722.5</ele></trkpt><trkpt lat="40.49985" lon="-111.56192"><ele>2722.5</ele></trkpt><trkpt lat="40.50043" lon="-111.56161"><ele>2722.5</ele></trkpt><trkpt lat="40.50155" lon="-111.55993"><ele>2722.5</ele></trkpt><trkpt lat="40.50188" lon="-111.55983"><ele>2722.5</ele></trkpt><trkpt lat="40.50251" lon="-111.55922"><ele>2722.5</ele></trkpt><trkpt lat="40.50305" lon="-111.55966"><ele>2722.5</ele></trkpt><trkpt lat="40.50426" lon="-111.56115"><ele>2722.5</ele></trkpt><trkpt lat="40.50492" lon="-111.56143"><ele>2722.5</ele></trkpt><trkpt lat="40.50543" lon="-111.56146"><ele>2722.5</ele></trkpt><trkpt lat="40.50662" lon="-111.56118"><ele>2722.5</ele></trkpt><trkpt lat="40.50690" lon="-111.56186"><ele>2722.5</ele></trkpt><trkpt lat="40.50705" lon="-111.56172"><ele>2722.5</ele></trkpt><trkpt lat="40.50773" lon="-111.56178"><ele>2722.5</ele></trkpt><trkpt lat="40.50896" lon="-111.56220"><ele>2722.5</ele></trkpt><trkpt lat="40.50999" lon="-111.56217"><ele>2722.5</ele></trkpt><trkpt lat="40.51037" lon="-111.56306"><ele>2722.5</ele></trkpt><trkpt lat="40.51088" lon="-111.56357"><ele>2722.5</ele></trkpt><trkpt lat="40.51108" lon="-111.56517"><ele>2722.5</ele></trkpt><trkpt lat="40.51172" lon="-111.56663"><ele>2722.5</ele></trkpt><trkpt lat="40.51196" lon="-111.56656"><ele>2722.5</ele></trkpt><trkpt lat="40.51310" lon="-111.56520"><ele>2722.5</ele></trkpt><trkpt lat="40.51379" lon="-111.56481"><ele>2722.5</ele></trkpt><trkpt lat="40.51427" lon="-111.56599"><ele>2722.5</ele></trkpt><trkpt lat="40.51478" lon="-111.56586"><ele>2722.5</ele></trkpt><trkpt lat="40.51564" lon="-111.56604"><ele>2722.5</ele></trkpt><trkpt lat="40.51654" lon="-111.56657"><ele>2722.5</ele></trkpt><trkpt lat="40.51701" lon="-111.56657"><ele>2722.5</ele></trkpt><trkpt lat="40.51748" lon="-111.56689"><ele>2722.5</ele></trkpt><trkpt lat="40.51799" lon="-111.56697"><ele>2722.5</ele></trkpt><trkpt lat="40.51811" lon="-111.56696"><ele>2722.5</ele></trkpt><trkpt lat="40.51857" lon="-111.56633"><ele>2722.5</ele></trkpt><trkpt lat="40.51792" lon="-111.56631"><ele>2722.5</ele></trkpt><trkpt lat="40.51797" lon="-111.56494"><ele>2722.5</ele></trkpt><trkpt lat="40.51735" lon="-111.56369"><ele>2722.5</ele></trkpt><trkpt lat="40.51730" lon="-111.56241"><ele>2722.5</ele></trkpt><trkpt lat="40.51718" lon="-111.56211"><ele>2722.5</ele></trkpt><trkpt lat="40.51671" lon="-111.56179"><ele>2722.5</ele></trkpt><trkpt lat="40.51579" lon="-111.56178"><ele>2722.5</ele></trkpt><trkpt lat="40.51539" lon="-111.55919"><ele>2722.5</ele></trkpt><trkpt lat="40.51497" lon="-111.55881"><ele>2722.5</ele></trkpt><trkpt lat="40.51500" lon="-111.55845"><ele>2722.5</ele></trkpt><trkpt lat="40.51546" lon="-111.55791"><ele>2722.5</ele></trkpt><trkpt lat="40.51572" lon="-111.55705"><ele>2722.5</ele></trkpt><trkpt lat="40.51563" lon="-111.55565"><ele>2722.5</ele></trkpt><trkpt lat="40.51587" lon="-111.55344"><ele>2722.5</ele></trkpt><trkpt lat="40.51560" lon="-111.55156"><ele>2722.5</ele></trkpt><trkpt lat="40.51512" lon="-111.54999"><ele>2722.5</ele></trkpt><trkpt lat="40.51562" lon="-111.54805"><ele>2722.5</ele></trkpt><trkpt lat="40.51594" lon="-111.54475"><ele>2722.5</ele></trkpt><trkpt lat="40.51626" lon="-111.54392"><ele>2722.5</ele></trkpt><trkpt lat="40.51629" lon="-111.54322"><ele>2722.5</ele></trkpt><trkpt lat="40.51618" lon="-111.54287"><ele>2722.5</ele></trkpt><trkpt lat="40.51557" lon="-111.54249"><ele>2722.5</ele></trkpt><trkpt lat="40.51451" lon="-111.54219"><ele>2722.5</ele></trkpt><trkpt lat="40.51296" lon="-111.54078"><ele>2722.5</ele></trkpt><trkpt lat="40.51220" lon="-111.53852"><ele>2722.5</ele></trkpt><trkpt lat="40.51099" lon="-111.53683"><ele>2722.5</ele></trkpt><trkpt lat="40.51032" lon="-111.53637"><ele>2722.5</ele></trkpt><trkpt lat="40.50755" lon="-111.53595"><ele>2722.5</ele></trkpt><trkpt lat="40.50694" lon="-111.53606"><ele>2722.5</ele></trkpt><trkpt lat="40.50663" lon="-111.53597"><ele>2722.5</ele></trkpt><trkpt lat="40.50631" lon="-111.53602"><ele>2722.5</ele></trkpt><trkpt lat="40.50578" lon="-111.53652"><ele>2722.5</ele></trkpt><trkpt lat="40.50555" lon="-111.53655"><ele>2722.5</ele></trkpt><trkpt lat="40.50540" lon="-111.53630"><ele>2722.5</ele></trkpt><trkpt lat="40.50457" lon="-111.53582"><ele>2722.5</ele></trkpt><trkpt lat="40.50353" lon="-111.53597"><ele>2722.5</ele></trkpt><trkpt lat="40.50259" lon="-111.53564"><ele>2722.5</ele></trkpt><trkpt lat="40.50112" lon="-111.53501"><ele>2722.5</ele></trkpt><trkpt lat="40.50122" lon="-111.53421"><ele>2722.5</ele></trkpt><trkpt lat="40.50163" lon="-111.53352"><ele>2722.5</ele></trkpt><trkpt lat="40.50161" lon="-111.53332"><ele>2722.5</ele></trkpt><trkpt lat="40.50125" lon="-111.53294"><ele>2722.5</ele></trkpt><trkpt lat="40.50085" lon="-111.53274"><ele>2722.5</ele></trkpt><trkpt lat="40.49910" lon="-111.53258"><ele>2722.5</ele></trkpt><trkpt lat="40.49782" lon="-111.53160"><ele>2722.5</ele></trkpt><trkpt lat="40.49507" lon="-111.53010"><ele>2722.5</ele></trkpt><trkpt lat="40.49366" lon="-111.52985"><ele>2722.5</ele></trkpt><trkpt lat="40.49242" lon="-111.52984"><ele>2722.5</ele></trkpt><trkpt lat="40.49186" lon="-111.53010"><ele>2722.5</ele></trkpt><trkpt lat="40.49023" lon="-111.53026"><ele>2722.5</ele></trkpt><trkpt lat="40.48612" lon="-111.53032"><ele>2722.5</ele></trkpt><trkpt lat="40.48381" lon="-111.53055"><ele>2722.5</ele></trkpt><trkpt lat="40.48061" lon="-111.53122"><ele>2722.5</ele></trkpt><trkpt lat="40.47975" lon="-111.53124"><ele>2722.5</ele></trkpt><trkpt lat="40.47888" lon="-111.53158"><ele>2722.5</ele></trkpt><trkpt lat="40.47806" lon="-111.53170"><ele>2722.5</ele></trkpt><trkpt lat="40.47713" lon="-111.53134"><ele>2722.5</ele></trkpt><trkpt lat="40.47582" lon="-111.53110"><ele>2722.5</ele></trkpt><trkpt lat="40.47416" lon="-111.53108"><ele>2722.5</ele></trkpt><trkpt lat="40.47252" lon="-111.53213"><ele>2722.5</ele></trkpt><trkpt lat="40.47179" lon="-111.53227"><ele>2722.5</ele></trkpt><trkpt lat="40.47096" lon="-111.53264"><ele>2722.5</ele></trkpt><trkpt lat="40.46933" lon="-111.53412"><ele>2722.5</ele></trkpt><trkpt lat="40.46824" lon="-111.53462"><ele>2722.5</ele></trkpt><trkpt lat="40.46722" lon="-111.53572"><ele>2722.5</ele></trkpt><trkpt lat="40.46687" lon="-111.53577"><ele>2722.5</ele></trkpt><trkpt lat="40.46622" lon="-111.53460"><ele>2722.5</ele></trkpt><trkpt lat="40.46520" lon="-111.53563"><ele>2722.5</ele></trkpt><trkpt lat="40.46409" lon="-111.53704"><ele>2722.5</ele></trkpt><trkpt lat="40.46384" lon="-111.53704"><ele>2722.5</ele></trkpt><trkpt lat="40.46324" lon="-111.53789"><ele>2722.5</ele></trkpt><trkpt lat="40.46270" lon="-111.54046"><ele>2722.5</ele></trkpt><trkpt lat="40.46270" lon="-111.54166"><ele>2722.5</ele></trkpt><trkpt lat="40.46205" lon="-111.54045"><ele>2722.5</ele></trkpt><trkpt lat="40.46194" lon="-111.53923"><ele>2722.5</ele></trkpt><trkpt lat="40.46144" lon="-111.53814"><ele>2722.5</ele></trkpt><trkpt lat="40.46063" lon="-111.53729"><ele>2722.5</ele></trkpt><trkpt lat="40.46033" lon="-111.53732"><ele>2722.5</ele></trkpt><trkpt lat="40.45982" lon="-111.53788"><ele>2722.5</ele></trkpt><trkpt lat="40.45954" lon="-111.53797"><ele>2722.5</ele></trkpt><trkpt lat="40.45938" lon="-111.53780"><ele>2722.5</ele></trkpt><trkpt lat="40.45914" lon="-111.53694"><ele>2722.5</ele></trkpt><trkpt lat="40.45851" lon="-111.53604"><ele>2722.5</ele></trkpt><trkpt lat="40.45744" lon="-111.53582"><ele>2722.5</ele></trkpt><trkpt lat="40.45668" lon="-111.53477"><ele>2722.5</ele></trkpt><trkpt lat="40.45663" lon="-111.53431"><ele>2722.5</ele></trkpt><trkpt lat="40.45671" lon="-111.53414"><ele>2722.5</ele></trkpt><trkpt lat="40.45649" lon="-111.53299"><ele>2722.5</ele></trkpt><trkpt lat="40.45661" lon="-111.53251"><ele>2722.5</ele></trkpt><trkpt lat="40.45692" lon="-111.53218"><ele>2722.5</ele></trkpt><trkpt lat="40.45706" lon="-111.53180"><ele>2722.5</ele></trkpt><trkpt lat="40.45736" lon="-111.53060"><ele>2722.5</ele></trkpt><trkpt lat="40.45770" lon="-111.53030"><ele>2722.5</ele></trkpt><trkpt lat="40.45799" lon="-111.52974"><ele>2722.5</ele></trkpt><trkpt lat="40.45799" lon="-111.52951"><ele>2722.5</ele></trkpt><trkpt lat="40.45827" lon="-111.52928"><ele>2722.5</ele></trkpt><trkpt lat="40.45837" lon="-111.52896"><ele>2722.5</ele></trkpt><trkpt lat="40.45921" lon="-111.52857"><ele>2722.5</ele></trkpt><trkpt lat="40.45942" lon="-111.52833"><ele>2722.5</ele></trkpt><trkpt lat="40.46038" lon="-111.52657"><ele>2722.5</ele></trkpt><trkpt lat="40.46066" lon="-111.52628"><ele>2722.5</ele></trkpt><trkpt lat="40.46085" lon="-111.52557"><ele>2722.5</ele></trkpt><trkpt lat="40.46081" lon="-111.52524"><ele>2722.5</ele></trkpt><trkpt lat="40.46113" lon="-111.52447"><ele>2722.5</ele></trkpt><trkpt lat="40.46251" lon="-111.52320"><ele>2722.5</ele></trkpt><trkpt lat="40.46269" lon="-111.52236"><ele>2722.5</ele></trkpt><trkpt lat="40.46284" lon="-111.52222"><ele>2722.5</ele></trkpt><trkpt lat="40.46332" lon="-111.52092"><ele>2722.5</ele></trkpt><trkpt lat="40.46356" lon="-111.51967"><ele>2722.5</ele></trkpt><trkpt lat="40.46398" lon="-111.51860"><ele>2722.5</ele></trkpt><trkpt lat="40.46420" lon="-111.51840"><ele>2722.5</ele></trkpt><trkpt lat="40.46499" lon="-111.51867"><ele>2722.5</ele></trkpt><trkpt lat="40.46588" lon="-111.51963"><ele>2722.5</ele></trkpt><trkpt lat="40.46611" lon="-111.52253"><ele>2722.5</ele></trkpt><trkpt lat="40.46629" lon="-111.52296"><ele>2722.5</ele></trkpt><trkpt lat="40.46651" lon="-111.52303"><ele>2722.5</ele></trkpt><trkpt lat="40.46714" lon="-111.51985"><ele>2722.5</ele></trkpt><trkpt lat="40.46721" lon="-111.51858"><ele>2722.5</ele></trkpt><trkpt lat="40.46759" lon="-111.51816"><ele>2722.5</ele></trkpt><trkpt lat="40.46817" lon="-111.51830"><ele>2722.5</ele></trkpt><trkpt lat="40.46796" lon="-111.51607"><ele>2722.5</ele></trkpt><trkpt lat="40.46802" lon="-111.51533"><ele>2722.5</ele></trkpt><trkpt lat="40.46749" lon="-111.51407"><ele>2722.5</ele></trkpt><trkpt lat="40.46545" lon="-111.51328"><ele>2722.5</ele></trkpt><trkpt lat="40.46483" lon="-111.51323"><ele>2722.5</ele></trkpt><trkpt lat="40.46362" lon="-111.51236"><ele>2722.5</ele></trkpt><trkpt lat="40.46347" lon="-111.51231"><ele>2722.5</ele></trkpt><trkpt lat="40.46276" lon="-111.51270"><ele>2722.5</ele></trkpt><trkpt lat="40.46167" lon="-111.51191"><ele>2722.5</ele></trkpt><trkpt lat="40.46073" lon="-111.51211"><ele>2722.5</ele></trkpt><trkpt lat="40.45903" lon="-111.51155"><ele>2722.5</ele></trkpt><trkpt lat="40.45715" lon="-111.51039"><ele>2722.5</ele></trkpt><trkpt lat="40.45273" lon="-111.50653"><ele>2722.5</ele></trkpt><trkpt lat="40.45126" lon="-111.50581"><ele>2722.5</ele></trkpt><trkpt lat="40.45059" lon="-111.50590"><ele>2722.5</ele></trkpt><trkpt lat="40.45001" lon="-111.50572"><ele>2722.5</ele></trkpt><trkpt lat="40.44864" lon="-111.50478"><ele>2722.5</ele></trkpt><trkpt lat="40.45005" lon="-111.50449"><ele>2722.5</ele></trkpt><trkpt lat="40.45013" lon="-111.50435"><ele>2722.5</ele></trkpt><trkpt lat="40.44968" lon="-111.50376"><ele>2722.5</ele></trkpt><trkpt lat="40.45019" lon="-111.50399"><ele>2722.5</ele></trkpt><trkpt lat="40.45039" lon="-111.50375"><ele>2722.5</ele></trkpt><trkpt lat="40.44960" lon="-111.50018"><ele>2722.5</ele></trkpt><trkpt lat="40.44972" lon="-111.49977"><ele>2722.5</ele></trkpt><trkpt lat="40.44928" lon="-111.49792"><ele>2722.5</ele></trkpt><trkpt lat="40.44943" lon="-111.49737"><ele>2722.5</ele></trkpt><trkpt lat="40.44984" lon="-111.49683"><ele>2722.5</ele></trkpt><trkpt lat="40.45012" lon="-111.49615"><ele>2722.5</ele></trkpt><trkpt lat="40.45072" lon="-111.49596"><ele>2722.5</ele></trkpt><trkpt lat="40.45179" lon="-111.49616"><ele>2722.5</ele></trkpt><trkpt lat="40.45208" lon="-111.49637"><ele>2722.5</ele></trkpt><trkpt lat="40.45228" lon="-111.49681"><ele>2722.5</ele></trkpt><trkpt lat="40.45307" lon="-111.49751"><ele>2722.5</ele></trkpt><trkpt lat="40.45401" lon="-111.49785"><ele>2722.5</ele></trkpt><trkpt lat="40.45442" lon="-111.49782"><ele>2722.5</ele></trkpt><trkpt lat="40.45419" lon="-111.49741"><ele>2722.5</ele></trkpt><trkpt lat="40.45415" lon="-111.49677"><ele>2722.5</ele></trkpt><trkpt lat="40.45429" lon="-111.49567"><ele>2722.5</ele></trkpt><trkpt lat="40.45474" lon="-111.49415"><ele>2722.5</ele></trkpt><trkpt lat="40.45515" lon="-111.49389"><ele>2722.5</ele></trkpt><trkpt lat="40.45472" lon="-111.49365"><ele>2722.5</ele></trkpt><trkpt lat="40.45455" lon="-111.49338"><ele>2722.5</ele></trkpt><trkpt lat="40.45435" lon="-111.49154"><ele>2722.5</ele></trkpt><trkpt lat="40.45478" lon="-111.48961"><ele>2722.5</ele></trkpt><trkpt lat="40.45504" lon="-111.48924"><ele>2722.5</ele></trkpt><trkpt lat="40.45789" lon="-111.48748"><ele>2722.5</ele></trkpt><trkpt lat="40.45853" lon="-111.48758"><ele>2722.5</ele></trkpt><trkpt lat="40.45948" lon="-111.48822"><ele>2722.5</ele></trkpt><trkpt lat="40.46022" lon="-111.48812"><ele>2722.5</ele></trkpt><trkpt lat="40.46086" lon="-111.48837"><ele>2722.5</ele></trkpt><trkpt lat="40.46316" lon="-111.49010"><ele>2722.5</ele></trkpt><trkpt lat="40.46363" lon="-111.49007"><ele>2722.5</ele></trkpt><trkpt lat="40.46388" lon="-111.49002"><ele>2722.5</ele></trkpt><trkpt lat="40.46407" lon="-111.48953"><ele>2722.5</ele></trkpt><trkpt lat="40.46414" lon="-111.48876"><ele>2722.5</ele></trkpt><trkpt lat="40.46429" lon="-111.48850"><ele>2722.5</ele></trkpt><trkpt lat="40.46491" lon="-111.48818"><ele>2722.5</ele></trkpt><trkpt lat="40.46634" lon="-111.48774"><ele>2722.5</ele></trkpt><trkpt lat="40.46699" lon="-111.48723"><ele>2722.5</ele></trkpt><trkpt lat="40.46721" lon="-111.48723"><ele>2722.5</ele></trkpt><trkpt lat="40.46795" lon="-111.48816"><ele>2722.5</ele></trkpt><trkpt lat="40.46860" lon="-111.48806"><ele>2722.5</ele></trkpt><trkpt lat="40.46906" lon="-111.48845"><ele>2722.5</ele></trkpt><trkpt lat="40.46925" lon="-111.48811"><ele>2722.5</ele></trkpt><trkpt lat="40.46914" lon="-111.48784"><ele>2722.5</ele></trkpt><trkpt lat="40.46926" lon="-111.48697"><ele>2722.5</ele></trkpt><trkpt lat="40.46949" lon="-111.48678"><ele>2722.5</ele></trkpt><trkpt lat="40.47043" lon="-111.48660"><ele>2722.5</ele></trkpt><trkpt lat="40.47249" lon="-111.48566"><ele>2722.5</ele></trkpt><trkpt lat="40.47321" lon="-111.48558"><ele>2722.5</ele></trkpt><trkpt lat="40.47371" lon="-111.48633"><ele>2722.5</ele></trkpt><trkpt lat="40.47386" lon="-111.48685"><ele>2722.5</ele></trkpt><trkpt lat="40.47480" lon="-111.48713"><ele>2722.5</ele></trkpt><trkpt lat="40.47530" lon="-111.48654"><ele>2722.5</ele></trkpt><trkpt lat="40.47570" lon="-111.48660"><ele>2722.5</ele></trkpt><trkpt lat="40.47648" lon="-111.48637"><ele>2722.5</ele></trkpt><trkpt lat="40.47743" lon="-111.48545"><ele>2722.5</ele></trkpt><trkpt lat="40.47778" lon="-111.48561"><ele>2722.5</ele></trkpt><trkpt lat="40.47863" lon="-111.48555"><ele>2722.5</ele></trkpt><trkpt lat="40.47910" lon="-111.48598"><ele>2722.5</ele></trkpt><trkpt lat="40.47971" lon="-111.48613"><ele>2722.5</ele></trkpt><trkpt lat="40.48024" lon="-111.48679"><ele>2722.5</ele></trkpt><trkpt lat="40.48115" lon="-111.48615"><ele>2722.5</ele></trkpt><trkpt lat="40.48196" lon="-111.48600"><ele>2722.5</ele></trkpt><trkpt lat="40.48233" lon="-111.48557"><ele>2722.5</ele></trkpt><trkpt lat="40.48264" lon="-111.48553"><ele>2722.5</ele></trkpt><trkpt lat="40.48292" lon="-111.48740"><ele>2722.5</ele></trkpt><trkpt lat="40.48263" lon="-111.49023"><ele>2722.5</ele></trkpt><trkpt lat="40.48315" lon="-111.49348"><ele>2722.5</ele></trkpt><trkpt lat="40.48312" lon="-111.49387"><ele>2722.5</ele></trkpt><trkpt lat="40.48273" lon="-111.49455"><ele>2722.5</ele></trkpt><trkpt lat="40.48192" lon="-111.49502"><ele>2722.5</ele></trkpt><trkpt lat="40.48182" lon="-111.49459"><ele>2722.5</ele></trkpt></trkseg></trk></gpx>